2026-05-30 08:01:10,241 - freqtrade - INFO - freqtrade 2026.4-dev-63819fa7e
2026-05-30 08:01:10,568 - numexpr.utils - INFO - NumExpr defaulting to 14 threads.

Using config file: user_data/strategies/config/config.json and Strategy dir: user_data/strategies/NNNC

Sat May 30 08:01:11 PDT 2026
Testing strategy:NNNC_DDPM_MLX for exchange:...
freqtrade backtesting --cache none  --breakdown month --timerange=20240609-20260530 -c user_data/strategies/config/config.json --strategy-path user_data/strategies/NNNC --strategy-list NNNC_DDPM_MLX
2026-05-30 08:01:11,382 - freqtrade - INFO - freqtrade 2026.4-dev-63819fa7e
2026-05-30 08:01:11,517 - numexpr.utils - INFO - NumExpr defaulting to 14 threads.
2026-05-30 08:01:12,072 - freqtrade.configuration.load_config - INFO - Using config: user_data/strategies/config/config.json ...
2026-05-30 08:01:12,073 - freqtrade.loggers - INFO - Enabling colorized output.
2026-05-30 08:01:12,074 - freqtrade.loggers - INFO - Logfile configured
2026-05-30 08:01:12,074 - freqtrade.loggers - INFO - Verbosity set to 0
2026-05-30 08:01:12,074 - freqtrade.configuration.configuration - INFO - Using additional Strategy lookup path: user_data/strategies/NNNC
2026-05-30 08:01:12,074 - freqtrade.configuration.configuration - INFO - Using max_open_trades: 10 ...
2026-05-30 08:01:12,074 - freqtrade.configuration.configuration - INFO - Parameter --timerange detected: 20240609-20260530 ...
2026-05-30 08:01:12,074 - freqtrade.configuration.configuration - INFO - Using user-data directory: /Users/philprice95/Documents/freqtrade/user_data ...
2026-05-30 08:01:12,074 - freqtrade.configuration.configuration - INFO - Using data directory: /Users/philprice95/Documents/freqtrade/user_data/data/binanceus ...
2026-05-30 08:01:12,074 - freqtrade.configuration.configuration - INFO - Using strategy list of 1 strategies
2026-05-30 08:01:12,074 - freqtrade.configuration.configuration - INFO - Parameter --breakdown detected ...
2026-05-30 08:01:12,075 - freqtrade.configuration.configuration - INFO - Parameter --cache=none detected ...
2026-05-30 08:01:12,075 - freqtrade.configuration.configuration - INFO - Filter trades by timerange: 20240609-20260530
2026-05-30 08:01:12,075 - freqtrade.exchange.check_exchange - INFO - Checking exchange...
2026-05-30 08:01:12,081 - freqtrade.exchange.check_exchange - INFO - Exchange "binanceus" is officially supported by the Freqtrade development team.
2026-05-30 08:01:12,081 - freqtrade.configuration.configuration - INFO - Using pairlist from configuration.
2026-05-30 08:01:12,081 - freqtrade.configuration.config_validation - INFO - Validating configuration ...
2026-05-30 08:01:12,082 - freqtrade.commands.optimize_commands - INFO - Starting freqtrade in Backtesting mode
2026-05-30 08:01:12,082 - freqtrade.exchange.exchange - INFO - Instance is running with dry_run enabled
2026-05-30 08:01:12,082 - freqtrade.exchange.exchange - INFO - Using CCXT 4.5.50
2026-05-30 08:01:12,091 - freqtrade.exchange.exchange - INFO - Using Exchange "Binance US"
2026-05-30 08:01:12,476 - freqtrade.resolvers.exchange_resolver - INFO - Using resolved exchange 'Binanceus'...
/Users/philprice95/Documents/freqtrade/.venv/lib/python3.12/site-packages/_distutils_hack/__init__.py:15: UserWarning: Distutils was imported before Setuptools, but importing Setuptools also replaces the `distutils` module in `sys.modules`. This may lead to undesirable behaviors or errors. To avoid these issues, avoid using distutils directly, ensure that setuptools is installed in the traditional way (e.g. not an editable install), and/or make sure that setuptools is always imported before distutils.
  warnings.warn(
/Users/philprice95/Documents/freqtrade/.venv/lib/python3.12/site-packages/_distutils_hack/__init__.py:30: UserWarning: Setuptools is replacing distutils. Support for replacing an already imported distutils is deprecated. In the future, this condition will fail. Register concerns at https://github.com/pypa/setuptools/issues/new?template=distutils-deprecation.yml
  warnings.warn(
2026-05-30 08:01:14,598 - freqtrade.resolvers.iresolver - INFO - Using resolved strategy NNNC_DDPM_MLX from '/Users/philprice95/Documents/freqtrade/user_data/strategies/NNNC/NNNC_DDPM_MLX.py'...
2026-05-30 08:01:14,599 - freqtrade.strategy.hyper - INFO - Found no parameter file.
2026-05-30 08:01:14,599 - freqtrade.resolvers.strategy_resolver - INFO - Override strategy 'timeframe' with value from the configuration: 15m.
2026-05-30 08:01:14,599 - freqtrade.resolvers.strategy_resolver - INFO - Override strategy 'order_types' with value from the configuration: {'entry': 'limit', 'exit': 'market', 'emergency_exit': 
'market', 'force_exit': 'market', 'force_entry': 'market', 'stoploss': 'market', 'stoploss_on_exchange': False, 'stoploss_price_type': 'last', 'stoploss_on_exchange_interval': 60, 
'stoploss_on_exchange_limit_ratio': 0.99}.
2026-05-30 08:01:14,599 - freqtrade.resolvers.strategy_resolver - INFO - Override strategy 'stake_currency' with value from the configuration: USDT.
2026-05-30 08:01:14,599 - freqtrade.resolvers.strategy_resolver - INFO - Override strategy 'stake_amount' with value from the configuration: 900.
2026-05-30 08:01:14,599 - freqtrade.resolvers.strategy_resolver - INFO - Override strategy 'unfilledtimeout' with value from the configuration: {'entry': 10, 'exit': 10, 'exit_timeout_count': 0, 
'unit': 'minutes'}.
2026-05-30 08:01:14,600 - freqtrade.resolvers.strategy_resolver - INFO - Override strategy 'max_open_trades' with value from the configuration: 10.
2026-05-30 08:01:14,600 - freqtrade.resolvers.strategy_resolver - INFO - Strategy using minimal_roi: {'0': 0.03}
2026-05-30 08:01:14,600 - freqtrade.resolvers.strategy_resolver - INFO - Strategy using timeframe: 15m
2026-05-30 08:01:14,600 - freqtrade.resolvers.strategy_resolver - INFO - Strategy using stoploss: -0.05
2026-05-30 08:01:14,600 - freqtrade.resolvers.strategy_resolver - INFO - Strategy using trailing_stop: False
2026-05-30 08:01:14,600 - freqtrade.resolvers.strategy_resolver - INFO - Strategy using trailing_stop_positive: 0.01
2026-05-30 08:01:14,600 - freqtrade.resolvers.strategy_resolver - INFO - Strategy using trailing_stop_positive_offset: 0.03
2026-05-30 08:01:14,600 - freqtrade.resolvers.strategy_resolver - INFO - Strategy using trailing_only_offset_is_reached: True
2026-05-30 08:01:14,600 - freqtrade.resolvers.strategy_resolver - INFO - Strategy using use_custom_stoploss: True
2026-05-30 08:01:14,600 - freqtrade.resolvers.strategy_resolver - INFO - Strategy using process_only_new_candles: True
2026-05-30 08:01:14,600 - freqtrade.resolvers.strategy_resolver - INFO - Strategy using order_types: {'entry': 'limit', 'exit': 'market', 'emergency_exit': 'market', 'force_exit': 'market', 
'force_entry': 'market', 'stoploss': 'market', 'stoploss_on_exchange': False, 'stoploss_price_type': 'last', 'stoploss_on_exchange_interval': 60, 'stoploss_on_exchange_limit_ratio': 0.99}
2026-05-30 08:01:14,601 - freqtrade.resolvers.strategy_resolver - INFO - Strategy using order_time_in_force: {'entry': 'GTC', 'exit': 'GTC'}
2026-05-30 08:01:14,601 - freqtrade.resolvers.strategy_resolver - INFO - Strategy using stake_currency: USDT
2026-05-30 08:01:14,601 - freqtrade.resolvers.strategy_resolver - INFO - Strategy using stake_amount: 900
2026-05-30 08:01:14,601 - freqtrade.resolvers.strategy_resolver - INFO - Strategy using startup_candle_count: 64
2026-05-30 08:01:14,601 - freqtrade.resolvers.strategy_resolver - INFO - Strategy using unfilledtimeout: {'entry': 10, 'exit': 10, 'exit_timeout_count': 0, 'unit': 'minutes'}
2026-05-30 08:01:14,601 - freqtrade.resolvers.strategy_resolver - INFO - Strategy using use_exit_signal: True
2026-05-30 08:01:14,601 - freqtrade.resolvers.strategy_resolver - INFO - Strategy using exit_profit_only: True
2026-05-30 08:01:14,601 - freqtrade.resolvers.strategy_resolver - INFO - Strategy using ignore_roi_if_entry_signal: True
2026-05-30 08:01:14,601 - freqtrade.resolvers.strategy_resolver - INFO - Strategy using exit_profit_offset: 0.0
2026-05-30 08:01:14,601 - freqtrade.resolvers.strategy_resolver - INFO - Strategy using disable_dataframe_checks: False
2026-05-30 08:01:14,601 - freqtrade.resolvers.strategy_resolver - INFO - Strategy using ignore_buying_expired_candle_after: 0
2026-05-30 08:01:14,601 - freqtrade.resolvers.strategy_resolver - INFO - Strategy using position_adjustment_enable: False
2026-05-30 08:01:14,602 - freqtrade.resolvers.strategy_resolver - INFO - Strategy using max_entry_position_adjustment: -1
2026-05-30 08:01:14,602 - freqtrade.resolvers.strategy_resolver - INFO - Strategy using max_open_trades: 10
2026-05-30 08:01:14,602 - freqtrade.configuration.config_validation - INFO - Validating configuration ...
2026-05-30 08:01:14,606 - freqtrade.resolvers.iresolver - INFO - Using resolved pairlist StaticPairList from '/Users/philprice95/Documents/freqtrade/freqtrade/plugins/pairlist/StaticPairList.py'...
2026-05-30 08:01:14,609 - freqtrade.optimize.backtesting - INFO - Using fee 0.1000% - worst case fee from exchange (lowest tier).
2026-05-30 08:01:14,708 - freqtrade.data.history.datahandlers.idatahandler - INFO - Price jump in ZEC/USDT, 15m, spot between two candles of 33.14% detected.
2026-05-30 08:01:14,847 - freqtrade.optimize.backtesting - INFO - Loading data from 2024-06-08 08:00:00 up to 2026-05-30 00:00:00 (720 days).
2026-05-30 08:01:16,996 - freqtrade.optimize.backtesting - INFO - Dataload complete. Calculating indicators
2026-05-30 08:01:16,997 - freqtrade.optimize.backtesting - INFO - Running backtesting for Strategy NNNC_DDPM_MLX
2026-05-30 08:01:17,015 - freqtrade.strategy.hyper - INFO - Strategy Parameter: cexit_enable_profit_checks = True
2026-05-30 08:01:17,016 - freqtrade.strategy.hyper - INFO - Strategy Parameter: cexit_max_days = 5
2026-05-30 08:01:17,016 - freqtrade.strategy.hyper - INFO - Strategy Parameter: cexit_take_profit = 0.02
2026-05-30 08:01:17,016 - freqtrade.strategy.hyper - INFO - Strategy Parameter: enable_exit_signal = True
2026-05-30 08:01:17,016 - freqtrade.strategy.hyper - INFO - Strategy Parameter: exit_close_norm_threshold = 0.0
2026-05-30 08:01:17,016 - freqtrade.strategy.hyper - INFO - Strategy Parameter: exit_guard_threshold = 0.5
2026-05-30 08:01:17,016 - freqtrade.strategy.hyper - INFO - Strategy Parameter: entry_adx_threshold = 20.0
2026-05-30 08:01:17,016 - freqtrade.strategy.hyper - INFO - Strategy Parameter: entry_atr_pct = 0.006
2026-05-30 08:01:17,016 - freqtrade.strategy.hyper - INFO - Strategy Parameter: entry_bb_width_threshold = 0.014
2026-05-30 08:01:17,016 - freqtrade.strategy.hyper - INFO - Strategy Parameter: entry_close_norm_threshold = 0.0
2026-05-30 08:01:17,016 - freqtrade.strategy.hyper - INFO - Strategy Parameter: entry_enable_guards = True
2026-05-30 08:01:17,016 - freqtrade.strategy.hyper - INFO - Strategy Parameter: entry_guard_threshold = -0.5
2026-05-30 08:01:17,016 - freqtrade.strategy.hyper - INFO - Strategy Parameter: entry_rvol_threshold = 1.0
2026-05-30 08:01:17,017 - freqtrade.strategy.hyper - INFO - Strategy Parameter: prediction_threshold = 0.75

----------------------
NNNC_DDPM_MLX
----------------------


Software Environment:

    freqtrade:  2026.4-dev-63819fa7e
    OS Type:    darwin (MacOS), Version: macOS-26.4.1-arm64-arm-64bit
    python:     ['3.12.13 (main, Mar  3 2026, 12:39:30) [Clang 21.0.0 (clang-2100.0.123.102)]']
    sklearn:    1.8.0
    tensorflow: 2.17.0, devices:[PhysicalDevice(name='/physical_device:CPU:0', device_type='CPU'), PhysicalDevice(name='/physical_device:GPU:0', device_type='GPU')]
    keras:      3.14.0
    pytorch:    (not installed)
    lightning:  (not installed)
    darts:      (not installed)


    Current Hyperopt Parameters:
      Buy Parameters:
        entry_adx_threshold: 20.0
        entry_atr_pct: 0.006
        entry_bb_width_threshold: 0.014
        entry_close_norm_threshold: 0.0
        entry_enable_guards: True
        entry_guard_threshold: -0.5
        entry_rvol_threshold: 1.0
        prediction_threshold: 0.75
        cexit_enable_profit_checks: True
        cexit_max_days: 2
        cexit_take_profit: 0.002
        profit_prediction_threshold: 0.3
        apply_task_filters: True

      Sell Parameters:
        cexit_enable_profit_checks: True
        cexit_max_days: 5
        cexit_take_profit: 0.02
        enable_exit_signal: True
        exit_close_norm_threshold: 0.0
        exit_guard_threshold: 0.5

Strategy Parameters/Flags

    refit_model:    False
    model_per_pair: False
    combine_models: False

    ZEC/USDT - adding indicators...
        Buy signals: found 4849 initial peaks, filtered to 4849 peaks with >=0.5% future gain
        Sell signals: found 5538 initial peaks, filtered to 5538 peaks with >=0.5% future loss
        Signal counts: buys=7131, sells=9495, conflicts=0
        Final trading_classes counts: buys=7131, sells=9495
        Trading distribution: [ 9495 52559  7131] [13.7%, 76.0%, 10.3%]
        %train_buy/%train_sell counts: buys=7131, sells=9495, holds=52559
    XRP/USDT - adding indicators...
        Buy signals: found 2371 initial peaks, filtered to 2371 peaks with >=0.5% future gain
        Sell signals: found 2420 initial peaks, filtered to 2420 peaks with >=0.5% future loss
        Signal counts: buys=3972, sells=4362, conflicts=0
        Final trading_classes counts: buys=3972, sells=4362
        Trading distribution: [ 4362 60851  3972] [6.3%, 88.0%, 5.7%]
        %train_buy/%train_sell counts: buys=3972, sells=4362, holds=60851
    SOL/USDT - adding indicators...
        Buy signals: found 2440 initial peaks, filtered to 2440 peaks with >=0.5% future gain
        Sell signals: found 2130 initial peaks, filtered to 2130 peaks with >=0.5% future loss
        Signal counts: buys=4194, sells=3878, conflicts=0
        Final trading_classes counts: buys=4194, sells=3878
        Trading distribution: [ 3878 61113  4194] [5.6%, 88.3%, 6.1%]
        %train_buy/%train_sell counts: buys=4194, sells=3878, holds=61113
    LINK/USDT - adding indicators...
        Buy signals: found 2924 initial peaks, filtered to 2924 peaks with >=0.5% future gain
        Sell signals: found 2806 initial peaks, filtered to 2806 peaks with >=0.5% future loss
        Signal counts: buys=4896, sells=5091, conflicts=0
        Final trading_classes counts: buys=4896, sells=5091
        Trading distribution: [ 5091 59198  4896] [7.4%, 85.6%, 7.1%]
        %train_buy/%train_sell counts: buys=4896, sells=5091, holds=59198
    NEAR/USDT - adding indicators...
        Buy signals: found 4686 initial peaks, filtered to 4683 peaks with >=0.5% future gain
        Sell signals: found 4452 initial peaks, filtered to 4452 peaks with >=0.5% future loss
        Signal counts: buys=7221, sells=7688, conflicts=0
        Final trading_classes counts: buys=7221, sells=7688
        Trading distribution: [ 7688 54276  7221] [11.1%, 78.5%, 10.4%]
        %train_buy/%train_sell counts: buys=7221, sells=7688, holds=54276
    AAVE/USDT - adding indicators...
        Buy signals: found 3785 initial peaks, filtered to 3785 peaks with >=0.5% future gain
        Sell signals: found 3810 initial peaks, filtered to 3810 peaks with >=0.5% future loss
        Signal counts: buys=5945, sells=6644, conflicts=0
        Final trading_classes counts: buys=5945, sells=6644
        Trading distribution: [ 6644 56596  5945] [9.6%, 81.8%, 8.6%]
        %train_buy/%train_sell counts: buys=5945, sells=6644, holds=56596
    SUI/USDT - adding indicators...
        Buy signals: found 4957 initial peaks, filtered to 4957 peaks with >=0.5% future gain
        Sell signals: found 4712 initial peaks, filtered to 4712 peaks with >=0.5% future loss
        Signal counts: buys=7865, sells=8273, conflicts=0
        Final trading_classes counts: buys=7865, sells=8273
        Trading distribution: [ 8273 53047  7865] [12.0%, 76.7%, 11.4%]
        %train_buy/%train_sell counts: buys=7865, sells=8273, holds=53047
    AVAX/USDT - adding indicators...
        Buy signals: found 3177 initial peaks, filtered to 3177 peaks with >=0.5% future gain
        Sell signals: found 2841 initial peaks, filtered to 2841 peaks with >=0.5% future loss
        Signal counts: buys=5245, sells=5144, conflicts=0
        Final trading_classes counts: buys=5245, sells=5144
        Trading distribution: [ 5144 58796  5245] [7.4%, 85.0%, 7.6%]
        %train_buy/%train_sell counts: buys=5245, sells=5144, holds=58796
    LTC/USDT - adding indicators...
        Buy signals: found 2618 initial peaks, filtered to 2618 peaks with >=0.5% future gain
        Sell signals: found 2327 initial peaks, filtered to 2327 peaks with >=0.5% future loss
        Signal counts: buys=4291, sells=4221, conflicts=0
        Final trading_classes counts: buys=4291, sells=4221
        Trading distribution: [ 4221 60673  4291] [6.1%, 87.7%, 6.2%]
        %train_buy/%train_sell counts: buys=4291, sells=4221, holds=60673
    BCH/USDT - adding indicators...
        Buy signals: found 3033 initial peaks, filtered to 3033 peaks with >=0.5% future gain
        Sell signals: found 2893 initial peaks, filtered to 2893 peaks with >=0.5% future loss
        Signal counts: buys=4745, sells=5241, conflicts=0
        Final trading_classes counts: buys=4745, sells=5241
        Trading distribution: [ 5241 59199  4745] [7.6%, 85.6%, 6.9%]
        %train_buy/%train_sell counts: buys=4745, sells=5241, holds=59199
    DOT/USDT - adding indicators...
        Buy signals: found 3208 initial peaks, filtered to 3206 peaks with >=0.5% future gain
        Sell signals: found 2863 initial peaks, filtered to 2863 peaks with >=0.5% future loss
        Signal counts: buys=5269, sells=5071, conflicts=0
        Final trading_classes counts: buys=5269, sells=5071
        Trading distribution: [ 5071 58845  5269] [7.3%, 85.1%, 7.6%]
        %train_buy/%train_sell counts: buys=5269, sells=5071, holds=58845
    Training model on 11 pairs
    Main scaler loaded from /Users/philprice95/Documents/freqtrade/user_data/strategies/saved_data/
    PCA data loaded: n_components=20
    Columns exceeding ±10 before clipping: [('bb_width', -1.0680694537894508, 20.080857580712188)]
    GAN scaler A loaded from /Users/philprice95/Documents/freqtrade/user_data/strategies/saved_data/
      columns: ['bb_width', 'atr_norm', 'rsi_scaled', 'mfi_scaled', 'guard_metric_pos', 'guard_metric_neg', 'gain_norm', 'macdhist_norm', 'ema_fast_norm', 'macd_pos', 'macd_neg', 'fastk_scaled', 'fast_diff', 'adx_scaled', 'aroonosc_scaled', 'bb_position', 'vwap_pos', 'vwap_neg', 'di_diff_scaled', 'sar_ratio', 'spread_ma', 'cci_scaled', 'fisher_ss', 'cg_ss']
    balance_single_task: class counts {0: 7520, 1: 42439, 2: 5374} (gan_type=TAB_DDPM)
    balance_single_task: per-class additions {0: 13699, 2: 15845}
      autoencoder threshold filter: kept 12977/13699 synth samples for class 0 (threshold=0.01, attempt 1)
      autoencoder threshold filter: kept 722/915 synth samples for class 0 (threshold=0.01, attempt 2)
      generated 13699 samples for class 0 (target 13699, 2 attempts, 14614 drawn)
      autoencoder threshold filter: kept 14776/15845 synth samples for class 2 (threshold=0.01, attempt 1)
      autoencoder threshold filter: kept 1069/1376 synth samples for class 2 (threshold=0.01, attempt 2)
      generated 15845 samples for class 2 (target 15845, 2 attempts, 17221 drawn)
    balance_single_task: rows 55333 -> 84877; counts {0: 7520, 1: 42439, 2: 5374} -> {0: 21219, 1: 42439, 2: 21219}
    === GAN fidelity diagnostic (real vs synthetic) — pair=ZEC/USDT ===
      real rows:      55333    synth rows:      29544    features: 24
      task        cls     N_real      N_syn    |Δμ|max    σ_syn/σ_real  flag
      ----------------------------------------------------------------------
      class         0       7520      13699      0.45σ   0.55/ 1.02  ok
      class         1      42439          0          -               -  no synth
      class         2       5374      15845      0.45σ   0.56/ 1.07  ok

      worst features per bucket (top 2 by severity):
        class==0:
          bb_width              real μ= -0.406 σ= 0.354    syn μ= -0.566 σ= 0.194    Δμ=-0.45σ  σ_ratio=0.55
          rsi_scaled            real μ= +0.305 σ= 0.255    syn μ= +0.234 σ= 0.234    Δμ=-0.28σ  σ_ratio=0.92
          guard_metric_pos      real μ= +0.613 σ= 0.261    syn μ= +0.548 σ= 0.277    Δμ=-0.25σ  σ_ratio=1.06
        class==2:
          bb_width              real μ= -0.439 σ= 0.320    syn μ= -0.584 σ= 0.178    Δμ=-0.45σ  σ_ratio=0.56
          di_diff_scaled        real μ= -0.593 σ= 0.488    syn μ= -0.441 σ= 0.578    Δμ=+0.31σ  σ_ratio=1.18
          fastk_scaled          real μ= -0.654 σ= 0.427    syn μ= -0.529 σ= 0.499    Δμ=+0.29σ  σ_ratio=1.17

    === Joint-distribution diagnostic (correlation matrix) ===
      task        cls  used_real   used_syn   |Δρ|max   |Δρ|mean  flag
      ----------------------------------------------------------------------
      class         0       7520      13699     0.159      0.043  ok
      class         2       5374      15845     0.278      0.075  ok

      worst feature PAIRS per bucket (top 2 by |Δρ|):
        class==2:
          guard_metric_pos   × fastk_scaled        real ρ=+0.23  syn ρ=+0.51  Δρ=-0.28
          guard_metric_pos   × bb_position         real ρ=+0.36  syn ρ=+0.60  Δρ=-0.24
          fastk_scaled       × cci_scaled          real ρ=+0.52  syn ρ=+0.75  Δρ=-0.24
        class==0:
          guard_metric_pos   × cci_scaled          real ρ=+0.47  syn ρ=+0.63  Δρ=-0.16
          guard_metric_neg   × cci_scaled          real ρ=-0.39  syn ρ=-0.55  Δρ=+0.16
          guard_metric_neg   × bb_position         real ρ=-0.40  syn ρ=-0.55  Δρ=+0.15
    Columns exceeding ±10 before clipping: [('bb_width', -1.0680694537894508, 18.213930545629577)]
    balance_single_task: class counts {0: 3865, 1: 47923, 2: 3545} (gan_type=TAB_DDPM)
    balance_single_task: per-class additions {0: 20096, 2: 20416}
      autoencoder threshold filter: kept 18967/20096 synth samples for class 0 (threshold=0.01, attempt 1)
      autoencoder threshold filter: kept 1129/1436 synth samples for class 0 (threshold=0.01, attempt 2)
      generated 20096 samples for class 0 (target 20096, 2 attempts, 21532 drawn)
      autoencoder threshold filter: kept 19155/20416 synth samples for class 2 (threshold=0.01, attempt 1)
      autoencoder threshold filter: kept 1261/1613 synth samples for class 2 (threshold=0.01, attempt 2)
      generated 20416 samples for class 2 (target 20416, 2 attempts, 22029 drawn)
    balance_single_task: rows 55333 -> 95845; counts {0: 3865, 1: 47923, 2: 3545} -> {0: 23961, 1: 47923, 2: 23961}
    === GAN fidelity diagnostic (real vs synthetic) — pair=XRP/USDT ===
      real rows:      55333    synth rows:      40512    features: 24
      task        cls     N_real      N_syn    |Δμ|max    σ_syn/σ_real  flag
      ----------------------------------------------------------------------
      class         0       3865      20096      0.80σ   0.67/ 1.22  ok
      class         1      47923          0          -               -  no synth
      class         2       3545      20416      0.72σ   0.77/ 1.30  joint_drift

      worst features per bucket (top 2 by severity):
        class==0:
          guard_metric_neg      real μ= +0.019 σ= 0.038    syn μ= +0.050 σ= 0.102    Δμ=+0.80σ  σ_ratio=2.68
          guard_metric_pos      real μ= +0.661 σ= 0.240    syn μ= +0.550 σ= 0.277    Δμ=-0.46σ  σ_ratio=1.16
          vwap_pos              real μ= -0.927 σ= 0.270    syn μ= -0.818 σ= 0.446    Δμ=+0.40σ  σ_ratio=1.65
        class==2:
          guard_metric_pos      real μ= +0.018 σ= 0.038    syn μ= +0.045 σ= 0.096    Δμ=+0.72σ  σ_ratio=2.52
          vwap_neg              real μ= -0.944 σ= 0.238    syn μ= -0.787 σ= 0.490    Δμ=+0.66σ  σ_ratio=2.06
          vwap_pos              real μ= +0.532 σ= 0.659    syn μ= +0.178 σ= 0.825    Δμ=-0.54σ  σ_ratio=1.25

    === Joint-distribution diagnostic (correlation matrix) ===
      task        cls  used_real   used_syn   |Δρ|max   |Δρ|mean  flag
      ----------------------------------------------------------------------
      class         0       3865      20096     0.213      0.054  ok
      class         2       3545      20416     0.336      0.080  joint_drift

      worst feature PAIRS per bucket (top 2 by |Δρ|):
        class==2:
          fastk_scaled       × vwap_neg            real ρ=+0.07  syn ρ=+0.41  Δρ=-0.34
          macd_pos           × fastk_scaled        real ρ=+0.01  syn ρ=+0.32  Δρ=-0.31
          guard_metric_pos   × fastk_scaled        real ρ=+0.18  syn ρ=+0.48  Δρ=-0.30
        class==0:
          adx_scaled         × sar_ratio           real ρ=+0.23  syn ρ=+0.02  Δρ=+0.21
          macd_neg           × sar_ratio           real ρ=-0.05  syn ρ=+0.16  Δρ=-0.21
          guard_metric_neg   × fastk_scaled        real ρ=-0.25  syn ρ=-0.44  Δρ=+0.19
    Columns exceeding ±10 before clipping: [('bb_width', -1.0680694537894508, 14.391531789097137)]
    balance_single_task: class counts {0: 3325, 1: 48337, 2: 3671} (gan_type=TAB_DDPM)
    balance_single_task: per-class additions {0: 20843, 2: 20497}
      autoencoder threshold filter: kept 19692/20843 synth samples for class 0 (threshold=0.01, attempt 1)
      autoencoder threshold filter: kept 1151/1462 synth samples for class 0 (threshold=0.01, attempt 2)
      generated 20843 samples for class 0 (target 20843, 2 attempts, 22305 drawn)
      autoencoder threshold filter: kept 19200/20497 synth samples for class 2 (threshold=0.01, attempt 1)
      autoencoder threshold filter: kept 1297/1662 synth samples for class 2 (threshold=0.01, attempt 2)
      generated 20497 samples for class 2 (target 20497, 2 attempts, 22159 drawn)
    balance_single_task: rows 55333 -> 96673; counts {0: 3325, 1: 48337, 2: 3671} -> {0: 24168, 1: 48337, 2: 24168}
    === GAN fidelity diagnostic (real vs synthetic) — pair=SOL/USDT ===
      real rows:      55333    synth rows:      41340    features: 24
      task        cls     N_real      N_syn    |Δμ|max    σ_syn/σ_real  flag
      ----------------------------------------------------------------------
      class         0       3325      20843      0.71σ   0.91/ 1.31  ok
      class         1      48337          0          -               -  no synth
      class         2       3671      20497      0.98σ   0.98/ 1.36  ok

      worst features per bucket (top 2 by severity):
        class==2:
          guard_metric_pos      real μ= +0.014 σ= 0.031    syn μ= +0.045 σ= 0.096    Δμ=+0.98σ  σ_ratio=3.06
          vwap_neg              real μ= -0.952 σ= 0.212    syn μ= -0.773 σ= 0.501    Δμ=+0.84σ  σ_ratio=2.36
          vwap_pos              real μ= +0.556 σ= 0.654    syn μ= +0.157 σ= 0.835    Δμ=-0.61σ  σ_ratio=1.28
        class==0:
          guard_metric_neg      real μ= +0.018 σ= 0.045    syn μ= +0.050 σ= 0.103    Δμ=+0.71σ  σ_ratio=2.28
          vwap_pos              real μ= -0.956 σ= 0.211    syn μ= -0.807 σ= 0.461    Δμ=+0.70σ  σ_ratio=2.18
          macd_neg              real μ= +0.025 σ= 0.103    syn μ= +0.092 σ= 0.214    Δμ=+0.66σ  σ_ratio=2.08

    === Joint-distribution diagnostic (correlation matrix) ===
      task        cls  used_real   used_syn   |Δρ|max   |Δρ|mean  flag
      ----------------------------------------------------------------------
      class         0       3325      20843     0.238      0.056  ok
      class         2       3671      20497     0.287      0.075  ok

      worst feature PAIRS per bucket (top 2 by |Δρ|):
        class==2:
          adx_scaled         × sar_ratio           real ρ=-0.34  syn ρ=-0.05  Δρ=-0.29
          sar_ratio          × fisher_ss           real ρ=-0.45  syn ρ=-0.18  Δρ=-0.27
          cci_scaled         × fisher_ss           real ρ=+0.45  syn ρ=+0.19  Δρ=+0.26
        class==0:
          guard_metric_neg   × sar_ratio           real ρ=+0.01  syn ρ=+0.24  Δρ=-0.24
          guard_metric_neg   × fastk_scaled        real ρ=-0.21  syn ρ=-0.44  Δρ=+0.24
          macd_neg           × sar_ratio           real ρ=-0.05  syn ρ=+0.17  Δρ=-0.22
    Columns exceeding ±10 before clipping: [('bb_width', -1.0680694537894508, 10.954913368089288)]
    balance_single_task: class counts {0: 4594, 1: 46306, 2: 4433} (gan_type=TAB_DDPM)
    balance_single_task: per-class additions {0: 18559, 2: 18720}
      autoencoder threshold filter: kept 17566/18559 synth samples for class 0 (threshold=0.01, attempt 1)
      autoencoder threshold filter: kept 993/1259 synth samples for class 0 (threshold=0.01, attempt 2)
      generated 18559 samples for class 0 (target 18559, 2 attempts, 19818 drawn)
      autoencoder threshold filter: kept 17491/18720 synth samples for class 2 (threshold=0.01, attempt 1)
      autoencoder threshold filter: kept 1229/1579 synth samples for class 2 (threshold=0.01, attempt 2)
      generated 18720 samples for class 2 (target 18720, 2 attempts, 20299 drawn)
    balance_single_task: rows 55333 -> 92612; counts {0: 4594, 1: 46306, 2: 4433} -> {0: 23153, 1: 46306, 2: 23153}
    === GAN fidelity diagnostic (real vs synthetic) — pair=LINK/USDT ===
      real rows:      55333    synth rows:      37279    features: 24
      task        cls     N_real      N_syn    |Δμ|max    σ_syn/σ_real  flag
      ----------------------------------------------------------------------
      class         0       4594      18559      0.75σ   0.83/ 1.23  ok
      class         1      46306          0          -               -  no synth
      class         2       4433      18720      0.90σ   0.80/ 1.28  ok

      worst features per bucket (top 2 by severity):
        class==2:
          guard_metric_pos      real μ= +0.015 σ= 0.033    syn μ= +0.045 σ= 0.095    Δμ=+0.90σ  σ_ratio=2.88
          vwap_neg              real μ= -0.937 σ= 0.251    syn μ= -0.783 σ= 0.492    Δμ=+0.61σ  σ_ratio=1.96
          guard_metric_neg      real μ= +0.698 σ= 0.226    syn μ= +0.573 σ= 0.280    Δμ=-0.55σ  σ_ratio=1.24
        class==0:
          guard_metric_neg      real μ= +0.019 σ= 0.041    syn μ= +0.050 σ= 0.104    Δμ=+0.75σ  σ_ratio=2.51
          guard_metric_pos      real μ= +0.673 σ= 0.235    syn μ= +0.550 σ= 0.276    Δμ=-0.52σ  σ_ratio=1.17
          bb_position           real μ= +0.621 σ= 0.299    syn μ= +0.480 σ= 0.370    Δμ=-0.47σ  σ_ratio=1.24

    === Joint-distribution diagnostic (correlation matrix) ===
      task        cls  used_real   used_syn   |Δρ|max   |Δρ|mean  flag
      ----------------------------------------------------------------------
      class         0       4594      18559     0.203      0.051  ok
      class         2       4433      18720     0.247      0.064  ok

      worst feature PAIRS per bucket (top 2 by |Δρ|):
        class==2:
          adx_scaled         × sar_ratio           real ρ=-0.30  syn ρ=-0.05  Δρ=-0.25
          macd_pos           × sar_ratio           real ρ=+0.01  syn ρ=-0.22  Δρ=+0.23
          guard_metric_pos   × fastk_scaled        real ρ=+0.25  syn ρ=+0.48  Δρ=-0.23
        class==0:
          guard_metric_neg   × fastk_scaled        real ρ=-0.22  syn ρ=-0.42  Δρ=+0.20
          guard_metric_neg   × sar_ratio           real ρ=+0.03  syn ρ=+0.22  Δρ=-0.19
          macd_neg           × sar_ratio           real ρ=-0.03  syn ρ=+0.16  Δρ=-0.19
    Columns exceeding ±10 before clipping: [('bb_width', -1.0680694537894508, 16.67909512941433)]
    balance_single_task: class counts {0: 6430, 1: 42950, 2: 5953} (gan_type=TAB_DDPM)
    balance_single_task: per-class additions {0: 15045, 2: 15522}
      autoencoder threshold filter: kept 14243/15045 synth samples for class 0 (threshold=0.01, attempt 1)
      autoencoder threshold filter: kept 802/1017 synth samples for class 0 (threshold=0.01, attempt 2)
      generated 15045 samples for class 0 (target 15045, 2 attempts, 16062 drawn)
      autoencoder threshold filter: kept 14484/15522 synth samples for class 2 (threshold=0.01, attempt 1)
      autoencoder threshold filter: kept 1038/1335 synth samples for class 2 (threshold=0.01, attempt 2)
      generated 15522 samples for class 2 (target 15522, 2 attempts, 16857 drawn)
    balance_single_task: rows 55333 -> 85900; counts {0: 6430, 1: 42950, 2: 5953} -> {0: 21475, 1: 42950, 2: 21475}
    === GAN fidelity diagnostic (real vs synthetic) — pair=NEAR/USDT ===
      real rows:      55333    synth rows:      30567    features: 24
      task        cls     N_real      N_syn    |Δμ|max    σ_syn/σ_real  flag
      ----------------------------------------------------------------------
      class         0       6430      15045      0.46σ   0.99/ 1.15  ok
      class         1      42950          0          -               -  no synth
      class         2       5953      15522      0.63σ   0.82/ 1.20  joint_drift

      worst features per bucket (top 2 by severity):
        class==2:
          vwap_neg              real μ= -0.933 σ= 0.249    syn μ= -0.775 σ= 0.503    Δμ=+0.63σ  σ_ratio=2.02
          guard_metric_pos      real μ= +0.022 σ= 0.045    syn μ= +0.045 σ= 0.096    Δμ=+0.50σ  σ_ratio=2.13
          fastk_scaled          real μ= -0.706 σ= 0.386    syn μ= -0.521 σ= 0.501    Δμ=+0.48σ  σ_ratio=1.30
        class==0:
          guard_metric_neg      real μ= +0.024 σ= 0.055    syn μ= +0.050 σ= 0.102    Δμ=+0.46σ  σ_ratio=1.85
          fastk_scaled          real μ= +0.693 σ= 0.404    syn μ= +0.534 σ= 0.480    Δμ=-0.39σ  σ_ratio=1.19
          macd_neg              real μ= +0.040 σ= 0.132    syn μ= +0.089 σ= 0.209    Δμ=+0.38σ  σ_ratio=1.59

    === Joint-distribution diagnostic (correlation matrix) ===
      task        cls  used_real   used_syn   |Δρ|max   |Δρ|mean  flag
      ----------------------------------------------------------------------
      class         0       6430      15045     0.187      0.047  ok
      class         2       5953      15522     0.303      0.066  joint_drift

      worst feature PAIRS per bucket (top 2 by |Δρ|):
        class==2:
          guard_metric_pos   × fast_diff           real ρ=+0.38  syn ρ=+0.08  Δρ=+0.30
          guard_metric_pos   × fastk_scaled        real ρ=+0.24  syn ρ=+0.48  Δρ=-0.25
          guard_metric_neg   × fastk_scaled        real ρ=-0.29  syn ρ=-0.53  Δρ=+0.24
        class==0:
          guard_metric_pos   × sar_ratio           real ρ=-0.07  syn ρ=-0.26  Δρ=+0.19
          guard_metric_neg   × bb_position         real ρ=-0.37  syn ρ=-0.55  Δρ=+0.18
          guard_metric_neg   × cci_scaled          real ρ=-0.37  syn ρ=-0.54  Δρ=+0.17
    Columns exceeding ±10 before clipping: [('bb_width', -1.0680694537894508, 17.216480661271323)]
    balance_single_task: class counts {0: 6000, 1: 44096, 2: 5237} (gan_type=TAB_DDPM)
    balance_single_task: per-class additions {0: 16048, 2: 16811}
      autoencoder threshold filter: kept 15233/16048 synth samples for class 0 (threshold=0.01, attempt 1)
      autoencoder threshold filter: kept 815/1031 synth samples for class 0 (threshold=0.01, attempt 2)
      generated 16048 samples for class 0 (target 16048, 2 attempts, 17079 drawn)
      autoencoder threshold filter: kept 15741/16811 synth samples for class 2 (threshold=0.01, attempt 1)
      autoencoder threshold filter: kept 1070/1372 synth samples for class 2 (threshold=0.01, attempt 2)
      generated 16811 samples for class 2 (target 16811, 2 attempts, 18183 drawn)
    balance_single_task: rows 55333 -> 88192; counts {0: 6000, 1: 44096, 2: 5237} -> {0: 22048, 1: 44096, 2: 22048}
    === GAN fidelity diagnostic (real vs synthetic) — pair=AAVE/USDT ===
      real rows:      55333    synth rows:      32859    features: 24
      task        cls     N_real      N_syn    |Δμ|max    σ_syn/σ_real  flag
      ----------------------------------------------------------------------
      class         0       6000      16048      0.46σ   0.87/ 1.14  ok
      class         1      44096          0          -               -  no synth
      class         2       5237      16811      0.53σ   0.87/ 1.18  ok

      worst features per bucket (top 2 by severity):
        class==2:
          vwap_neg              real μ= -0.924 σ= 0.274    syn μ= -0.779 σ= 0.502    Δμ=+0.53σ  σ_ratio=1.83
          guard_metric_pos      real μ= +0.023 σ= 0.046    syn μ= +0.045 σ= 0.096    Δμ=+0.48σ  σ_ratio=2.06
          fastk_scaled          real μ= -0.715 σ= 0.396    syn μ= -0.532 σ= 0.493    Δμ=+0.46σ  σ_ratio=1.25
        class==0:
          guard_metric_neg      real μ= +0.023 σ= 0.057    syn μ= +0.049 σ= 0.102    Δμ=+0.46σ  σ_ratio=1.79
          guard_metric_pos      real μ= +0.648 σ= 0.245    syn μ= +0.550 σ= 0.275    Δμ=-0.40σ  σ_ratio=1.12
          rsi_scaled            real μ= +0.321 σ= 0.221    syn μ= +0.233 σ= 0.229    Δμ=-0.40σ  σ_ratio=1.04

    === Joint-distribution diagnostic (correlation matrix) ===
      task        cls  used_real   used_syn   |Δρ|max   |Δρ|mean  flag
      ----------------------------------------------------------------------
      class         0       6000      16048     0.177      0.046  ok
      class         2       5237      16811     0.230      0.067  ok

      worst feature PAIRS per bucket (top 2 by |Δρ|):
        class==2:
          guard_metric_pos   × fastk_scaled        real ρ=+0.26  syn ρ=+0.49  Δρ=-0.23
          guard_metric_pos   × bb_position         real ρ=+0.37  syn ρ=+0.59  Δρ=-0.22
          guard_metric_pos   × cci_scaled          real ρ=+0.36  syn ρ=+0.57  Δρ=-0.21
        class==0:
          guard_metric_neg   × cci_scaled          real ρ=-0.36  syn ρ=-0.54  Δρ=+0.18
          guard_metric_neg   × bb_position         real ρ=-0.37  syn ρ=-0.54  Δρ=+0.18
          guard_metric_pos   × cci_scaled          real ρ=+0.46  syn ρ=+0.62  Δρ=-0.16
    Columns exceeding ±10 before clipping: [('bb_width', -1.0680694537894508, 14.51217557394414)]
    balance_single_task: class counts {0: 7201, 1: 41231, 2: 6901} (gan_type=TAB_DDPM)
    balance_single_task: per-class additions {0: 13414, 2: 13714}
      autoencoder threshold filter: kept 12718/13414 synth samples for class 0 (threshold=0.01, attempt 1)
      autoencoder threshold filter: kept 696/881 synth samples for class 0 (threshold=0.01, attempt 2)
      generated 13414 samples for class 0 (target 13414, 2 attempts, 14295 drawn)
      autoencoder threshold filter: kept 12801/13714 synth samples for class 2 (threshold=0.01, attempt 1)
      autoencoder threshold filter: kept 913/1174 synth samples for class 2 (threshold=0.01, attempt 2)
      generated 13714 samples for class 2 (target 13714, 2 attempts, 14888 drawn)
    balance_single_task: rows 55333 -> 82461; counts {0: 7201, 1: 41231, 2: 6901} -> {0: 20615, 1: 41231, 2: 20615}
    === GAN fidelity diagnostic (real vs synthetic) — pair=SUI/USDT ===
      real rows:      55333    synth rows:      27128    features: 24
      task        cls     N_real      N_syn    |Δμ|max    σ_syn/σ_real  flag
      ----------------------------------------------------------------------
      class         0       7201      13414      0.55σ   0.79/ 1.15  ok
      class         1      41231          0          -               -  no synth
      class         2       6901      13714      0.52σ   0.86/ 1.20  ok

      worst features per bucket (top 2 by severity):
        class==0:
          guard_metric_neg      real μ= +0.023 σ= 0.050    syn μ= +0.051 σ= 0.103    Δμ=+0.55σ  σ_ratio=2.05
          bb_position           real μ= +0.597 σ= 0.309    syn μ= +0.477 σ= 0.376    Δμ=-0.39σ  σ_ratio=1.21
          cci_scaled            real μ= +0.520 σ= 0.283    syn μ= +0.411 σ= 0.334    Δμ=-0.38σ  σ_ratio=1.18
        class==2:
          vwap_neg              real μ= -0.922 σ= 0.278    syn μ= -0.776 σ= 0.499    Δμ=+0.52σ  σ_ratio=1.80
          guard_metric_pos      real μ= +0.022 σ= 0.045    syn μ= +0.045 σ= 0.096    Δμ=+0.52σ  σ_ratio=2.13
          bb_position           real μ= -0.630 σ= 0.293    syn μ= -0.510 σ= 0.384    Δμ=+0.41σ  σ_ratio=1.31

    === Joint-distribution diagnostic (correlation matrix) ===
      task        cls  used_real   used_syn   |Δρ|max   |Δρ|mean  flag
      ----------------------------------------------------------------------
      class         0       7201      13414     0.242      0.055  ok
      class         2       6901      13714     0.234      0.070  ok

      worst feature PAIRS per bucket (top 2 by |Δρ|):
        class==2:
          guard_metric_pos   × fastk_scaled        real ρ=+0.25  syn ρ=+0.48  Δρ=-0.23
          guard_metric_neg   × fastk_scaled        real ρ=-0.30  syn ρ=-0.52  Δρ=+0.22
          adx_scaled         × sar_ratio           real ρ=-0.25  syn ρ=-0.04  Δρ=-0.21
        class==0:
          macdhist_norm      × adx_scaled          real ρ=-0.28  syn ρ=-0.04  Δρ=-0.24
          adx_scaled         × sar_ratio           real ρ=+0.24  syn ρ=+0.02  Δρ=+0.22
          guard_metric_neg   × fastk_scaled        real ρ=-0.23  syn ρ=-0.44  Δρ=+0.21
    Columns exceeding ±10 before clipping: [('bb_width', -1.0680694537894508, 14.93599675328293)]
    balance_single_task: class counts {0: 4642, 1: 45909, 2: 4782} (gan_type=TAB_DDPM)
    balance_single_task: per-class additions {0: 18312, 2: 18172}
      autoencoder threshold filter: kept 17332/18312 synth samples for class 0 (threshold=0.01, attempt 1)
      autoencoder threshold filter: kept 980/1243 synth samples for class 0 (threshold=0.01, attempt 2)
      generated 18312 samples for class 0 (target 18312, 2 attempts, 19555 drawn)
      autoencoder threshold filter: kept 16941/18172 synth samples for class 2 (threshold=0.01, attempt 1)
      autoencoder threshold filter: kept 1231/1585 synth samples for class 2 (threshold=0.01, attempt 2)
      generated 18172 samples for class 2 (target 18172, 2 attempts, 19757 drawn)
    balance_single_task: rows 55333 -> 91817; counts {0: 4642, 1: 45909, 2: 4782} -> {0: 22954, 1: 45909, 2: 22954}
    === GAN fidelity diagnostic (real vs synthetic) — pair=AVAX/USDT ===
      real rows:      55333    synth rows:      36484    features: 24
      task        cls     N_real      N_syn    |Δμ|max    σ_syn/σ_real  flag
      ----------------------------------------------------------------------
      class         0       4642      18312      0.73σ   0.98/ 1.27  ok
      class         1      45909          0          -               -  no synth
      class         2       4782      18172      0.86σ   0.82/ 1.30  ok

      worst features per bucket (top 2 by severity):
        class==2:
          guard_metric_pos      real μ= +0.015 σ= 0.034    syn μ= +0.044 σ= 0.093    Δμ=+0.86σ  σ_ratio=2.76
          vwap_neg              real μ= -0.951 σ= 0.224    syn μ= -0.785 σ= 0.489    Δμ=+0.74σ  σ_ratio=2.19
          bb_position           real μ= -0.666 σ= 0.279    syn μ= -0.511 σ= 0.383    Δμ=+0.56σ  σ_ratio=1.37
        class==0:
          guard_metric_neg      real μ= +0.019 σ= 0.045    syn μ= +0.051 σ= 0.106    Δμ=+0.73σ  σ_ratio=2.35
          macd_neg              real μ= +0.028 σ= 0.112    syn μ= +0.096 σ= 0.221    Δμ=+0.61σ  σ_ratio=1.97
          vwap_pos              real μ= -0.947 σ= 0.236    syn μ= -0.807 σ= 0.465    Δμ=+0.59σ  σ_ratio=1.97

    === Joint-distribution diagnostic (correlation matrix) ===
      task        cls  used_real   used_syn   |Δρ|max   |Δρ|mean  flag
      ----------------------------------------------------------------------
      class         0       4642      18312     0.227      0.055  ok
      class         2       4782      18172     0.252      0.073  ok

      worst feature PAIRS per bucket (top 2 by |Δρ|):
        class==2:
          macd_pos           × fastk_scaled        real ρ=+0.08  syn ρ=+0.34  Δρ=-0.25
          macd_pos           × bb_position         real ρ=+0.16  syn ρ=+0.41  Δρ=-0.25
          guard_metric_pos   × fastk_scaled        real ρ=+0.24  syn ρ=+0.49  Δρ=-0.25
        class==0:
          sar_ratio          × fisher_ss           real ρ=-0.40  syn ρ=-0.18  Δρ=-0.23
          guard_metric_neg   × fastk_scaled        real ρ=-0.23  syn ρ=-0.45  Δρ=+0.21
          cci_scaled         × fisher_ss           real ρ=+0.39  syn ρ=+0.17  Δρ=+0.21
    Columns exceeding ±10 before clipping: [('bb_width', -1.0680694537894508, 20.956767751595606)]
    balance_single_task: class counts {0: 3691, 1: 47883, 2: 3759} (gan_type=TAB_DDPM)
    balance_single_task: per-class additions {0: 20250, 2: 20182}
      autoencoder threshold filter: kept 19188/20250 synth samples for class 0 (threshold=0.01, attempt 1)
      autoencoder threshold filter: kept 1062/1345 synth samples for class 0 (threshold=0.01, attempt 2)
      generated 20250 samples for class 0 (target 20250, 2 attempts, 21595 drawn)
      autoencoder threshold filter: kept 18834/20182 synth samples for class 2 (threshold=0.01, attempt 1)
      autoencoder threshold filter: kept 1348/1734 synth samples for class 2 (threshold=0.01, attempt 2)
      generated 20182 samples for class 2 (target 20182, 2 attempts, 21916 drawn)
    balance_single_task: rows 55333 -> 95765; counts {0: 3691, 1: 47883, 2: 3759} -> {0: 23941, 1: 47883, 2: 23941}
    === GAN fidelity diagnostic (real vs synthetic) — pair=LTC/USDT ===
      real rows:      55333    synth rows:      40432    features: 24
      task        cls     N_real      N_syn    |Δμ|max    σ_syn/σ_real  flag
      ----------------------------------------------------------------------
      class         0       3691      20250      0.59σ   0.87/ 1.21  ok
      class         1      47883          0          -               -  no synth
      class         2       3759      20182      0.82σ   0.77/ 1.28  ok

      worst features per bucket (top 2 by severity):
        class==2:
          guard_metric_pos      real μ= +0.017 σ= 0.034    syn μ= +0.045 σ= 0.094    Δμ=+0.82σ  σ_ratio=2.73
          vwap_neg              real μ= -0.945 σ= 0.238    syn μ= -0.780 σ= 0.499    Δμ=+0.69σ  σ_ratio=2.10
          vwap_pos              real μ= +0.529 σ= 0.672    syn μ= +0.161 σ= 0.831    Δμ=-0.55σ  σ_ratio=1.24
        class==0:
          guard_metric_neg      real μ= +0.022 σ= 0.048    syn μ= +0.050 σ= 0.102    Δμ=+0.59σ  σ_ratio=2.15
          vwap_pos              real μ= -0.941 σ= 0.236    syn μ= -0.817 σ= 0.452    Δμ=+0.53σ  σ_ratio=1.91
          vwap_neg              real μ= +0.476 σ= 0.690    syn μ= +0.193 σ= 0.804    Δμ=-0.41σ  σ_ratio=1.17

    === Joint-distribution diagnostic (correlation matrix) ===
      task        cls  used_real   used_syn   |Δρ|max   |Δρ|mean  flag
      ----------------------------------------------------------------------
      class         0       3691      20250     0.226      0.053  ok
      class         2       3759      20182     0.276      0.078  ok

      worst feature PAIRS per bucket (top 2 by |Δρ|):
        class==2:
          macd_pos           × fastk_scaled        real ρ=+0.06  syn ρ=+0.33  Δρ=-0.28
          fastk_scaled       × di_diff_scaled      real ρ=+0.26  syn ρ=+0.53  Δρ=-0.27
          guard_metric_pos   × fastk_scaled        real ρ=+0.22  syn ρ=+0.49  Δρ=-0.26
        class==0:
          adx_scaled         × sar_ratio           real ρ=+0.27  syn ρ=+0.04  Δρ=+0.23
          guard_metric_neg   × fastk_scaled        real ρ=-0.22  syn ρ=-0.43  Δρ=+0.22
          guard_metric_neg   × sar_ratio           real ρ=+0.04  syn ρ=+0.23  Δρ=-0.19
    Columns exceeding ±10 before clipping: [('bb_width', -1.0680694537894508, 11.479153038488292)]
    balance_single_task: class counts {0: 4578, 1: 46686, 2: 4069} (gan_type=TAB_DDPM)
    balance_single_task: per-class additions {0: 18765, 2: 19274}
      autoencoder threshold filter: kept 17771/18765 synth samples for class 0 (threshold=0.01, attempt 1)
      autoencoder threshold filter: kept 994/1260 synth samples for class 0 (threshold=0.01, attempt 2)
      generated 18765 samples for class 0 (target 18765, 2 attempts, 20025 drawn)
      autoencoder threshold filter: kept 18002/19274 synth samples for class 2 (threshold=0.01, attempt 1)
      autoencoder threshold filter: kept 1272/1635 synth samples for class 2 (threshold=0.01, attempt 2)
      generated 19274 samples for class 2 (target 19274, 2 attempts, 20909 drawn)
    balance_single_task: rows 55333 -> 93372; counts {0: 4578, 1: 46686, 2: 4069} -> {0: 23343, 1: 46686, 2: 23343}
    === GAN fidelity diagnostic (real vs synthetic) — pair=BCH/USDT ===
      real rows:      55333    synth rows:      38039    features: 24
      task        cls     N_real      N_syn    |Δμ|max    σ_syn/σ_real  flag
      ----------------------------------------------------------------------
      class         0       4578      18765      0.39σ   0.86/ 1.13  ok
      class         1      46686          0          -               -  no synth
      class         2       4069      19274      0.52σ   0.87/ 1.16  ok

      worst features per bucket (top 2 by severity):
        class==2:
          vwap_neg              real μ= -0.926 σ= 0.286    syn μ= -0.777 σ= 0.504    Δμ=+0.52σ  σ_ratio=1.76
          macd_pos              real μ= +0.041 σ= 0.135    syn μ= +0.104 σ= 0.233    Δμ=+0.47σ  σ_ratio=1.73
          vwap_pos              real μ= +0.487 σ= 0.704    syn μ= +0.169 σ= 0.830    Δμ=-0.45σ  σ_ratio=1.18
        class==0:
          macd_neg              real μ= +0.041 σ= 0.135    syn μ= +0.094 σ= 0.216    Δμ=+0.39σ  σ_ratio=1.60
          vwap_neg              real μ= +0.446 σ= 0.722    syn μ= +0.183 σ= 0.809    Δμ=-0.36σ  σ_ratio=1.12
          vwap_pos              real μ= -0.916 σ= 0.306    syn μ= -0.813 σ= 0.453    Δμ=+0.34σ  σ_ratio=1.48

    === Joint-distribution diagnostic (correlation matrix) ===
      task        cls  used_real   used_syn   |Δρ|max   |Δρ|mean  flag
      ----------------------------------------------------------------------
      class         0       4578      18765     0.235      0.048  ok
      class         2       4069      19274     0.283      0.062  ok

      worst feature PAIRS per bucket (top 2 by |Δρ|):
        class==2:
          macd_pos           × di_diff_scaled      real ρ=+0.23  syn ρ=+0.51  Δρ=-0.28
          guard_metric_neg   × cci_scaled          real ρ=-0.43  syn ρ=-0.66  Δρ=+0.23
          guard_metric_pos   × di_diff_scaled      real ρ=+0.20  syn ρ=+0.42  Δρ=-0.22
        class==0:
          macd_neg           × di_diff_scaled      real ρ=-0.20  syn ρ=-0.44  Δρ=+0.24
          macd_pos           × di_diff_scaled      real ρ=+0.31  syn ρ=+0.50  Δρ=-0.19
          guard_metric_neg   × di_diff_scaled      real ρ=-0.17  syn ρ=-0.34  Δρ=+0.17
    Columns exceeding ±10 before clipping: [('bb_width', -1.0680694537894508, 14.820651705433551)]
    balance_single_task: class counts {0: 4054, 1: 47036, 2: 4243} (gan_type=TAB_DDPM)
    balance_single_task: per-class additions {0: 19464, 2: 19275}
      autoencoder threshold filter: kept 18385/19464 synth samples for class 0 (threshold=0.01, attempt 1)
      autoencoder threshold filter: kept 1079/1371 synth samples for class 0 (threshold=0.01, attempt 2)
      generated 19464 samples for class 0 (target 19464, 2 attempts, 20835 drawn)
      autoencoder threshold filter: kept 18000/19275 synth samples for class 2 (threshold=0.01, attempt 1)
      autoencoder threshold filter: kept 1275/1639 synth samples for class 2 (threshold=0.01, attempt 2)
      generated 19275 samples for class 2 (target 19275, 2 attempts, 20914 drawn)
    balance_single_task: rows 55333 -> 94072; counts {0: 4054, 1: 47036, 2: 4243} -> {0: 23518, 1: 47036, 2: 23518}
    === GAN fidelity diagnostic (real vs synthetic) — pair=DOT/USDT ===
      real rows:      55333    synth rows:      38739    features: 24
      task        cls     N_real      N_syn    |Δμ|max    σ_syn/σ_real  flag
      ----------------------------------------------------------------------
      class         0       4054      19464      0.66σ   0.92/ 1.22  ok
      class         1      47036          0          -               -  no synth
      class         2       4243      19275      0.63σ   0.78/ 1.23  ok

      worst features per bucket (top 2 by severity):
        class==2:
          guard_metric_pos      real μ= +0.019 σ= 0.041    syn μ= +0.044 σ= 0.095    Δμ=+0.63σ  σ_ratio=2.30
          vwap_neg              real μ= -0.936 σ= 0.254    syn μ= -0.785 σ= 0.493    Δμ=+0.59σ  σ_ratio=1.94
          vwap_pos              real μ= +0.511 σ= 0.702    syn μ= +0.178 σ= 0.828    Δμ=-0.47σ  σ_ratio=1.18
        class==0:
          guard_metric_neg      real μ= +0.020 σ= 0.046    syn μ= +0.050 σ= 0.104    Δμ=+0.66σ  σ_ratio=2.26
          vwap_pos              real μ= -0.933 σ= 0.254    syn μ= -0.812 σ= 0.455    Δμ=+0.47σ  σ_ratio=1.79
          guard_metric_pos      real μ= +0.658 σ= 0.237    syn μ= +0.546 σ= 0.276    Δμ=-0.47σ  σ_ratio=1.16

    === Joint-distribution diagnostic (correlation matrix) ===
      task        cls  used_real   used_syn   |Δρ|max   |Δρ|mean  flag
      ----------------------------------------------------------------------
      class         0       4054      19464     0.193      0.050  ok
      class         2       4243      19275     0.245      0.061  ok

      worst feature PAIRS per bucket (top 2 by |Δρ|):
        class==2:
          guard_metric_pos   × fastk_scaled        real ρ=+0.25  syn ρ=+0.50  Δρ=-0.24
          macd_pos           × fastk_scaled        real ρ=+0.12  syn ρ=+0.34  Δρ=-0.21
          guard_metric_pos   × bb_position         real ρ=+0.37  syn ρ=+0.58  Δρ=-0.21
        class==0:
          guard_metric_neg   × fastk_scaled        real ρ=-0.24  syn ρ=-0.43  Δρ=+0.19
          macd_neg           × sar_ratio           real ρ=-0.02  syn ρ=+0.17  Δρ=-0.19
          guard_metric_neg   × sar_ratio           real ρ=+0.05  syn ρ=+0.24  Δρ=-0.18
    MLX model not found (/Users/philprice95/Documents/freqtrade/user_data/strategies/saved_data/NNNC_DDPM_MLX/NNNC_DDPM_MLX.safetensors)...
    MLX model created.  Parameters: 12,483

    Training MLX model: NNNC_DDPM_MLX
    train: (1001586, 16, 24)  test: (152372, 16, 24)
    batch_size: 2048  max_epochs: 100
    grad clip (global L2 norm): 1.0
    Epoch   1/100 — loss: 0.5049  val_loss: 0.3674  val_precision: 0.4433  val_f1_class_2: 0.5420  val_mcc: 0.5299  val_conf: 0.6402  val_conf_x_mcc: 0.3392  clips:31
    ✓ Best model saved  (val_mcc: 0.5299)
    Epoch   2/100 — loss: 0.3240  val_loss: 0.3417  val_precision: 0.4509  val_f1_class_2: 0.5616  val_mcc: 0.5497  val_conf: 0.6223  val_conf_x_mcc: 0.3421  clips:3
    ✓ Best model saved  (val_mcc: 0.5497)
    Epoch   3/100 — loss: 0.3007  val_loss: 0.3325  val_precision: 0.4534  val_f1_class_2: 0.5675  val_mcc: 0.5586  val_conf: 0.6162  val_conf_x_mcc: 0.3442  clips:1
    ✓ Best model saved  (val_mcc: 0.5586)
    Epoch   4/100 — loss: 0.2902  val_loss: 0.3278  val_precision: 0.4526  val_f1_class_2: 0.5710  val_mcc: 0.5632  val_conf: 0.6089  val_conf_x_mcc: 0.3430  clips:1
    ✓ Best model saved  (val_mcc: 0.5632)
    Epoch   5/100 — loss: 0.2831  val_loss: 0.3263  val_precision: 0.4436  val_f1_class_2: 0.5728  val_mcc: 0.5703  val_conf: 0.6147  val_conf_x_mcc: 0.3506  clips:2
    ✓ Best model saved  (val_mcc: 0.5703)
    Epoch   6/100 — loss: 0.2776  val_loss: 0.3211  val_precision: 0.4633  val_f1_class_2: 0.5752  val_mcc: 0.5711  val_conf: 0.6072  val_conf_x_mcc: 0.3468  clips:1
    ✓ Best model saved  (val_mcc: 0.5711)
    Epoch   7/100 — loss: 0.2740  val_loss: 0.3202  val_precision: 0.4573  val_f1_class_2: 0.5765  val_mcc: 0.5721  val_conf: 0.6085  val_conf_x_mcc: 0.3481  clips:1
    ✓ Best model saved  (val_mcc: 0.5721)
    Epoch   8/100 — loss: 0.2707  val_loss: 0.3189  val_precision: 0.4595  val_f1_class_2: 0.5789  val_mcc: 0.5726  val_conf: 0.6093  val_conf_x_mcc: 0.3489  clips:2
    ✓ Best model saved  (val_mcc: 0.5726)
    Epoch   9/100 — loss: 0.2682  val_loss: 0.3161  val_precision: 0.4666  val_f1_class_2: 0.5815  val_mcc: 0.5784  val_conf: 0.6053  val_conf_x_mcc: 0.3501  clips:2
    ✓ Best model saved  (val_mcc: 0.5784)
    Epoch  10/100 — loss: 0.2655  val_loss: 0.3155  val_precision: 0.4625  val_f1_class_2: 0.5811  val_mcc: 0.5768  val_conf: 0.6047  val_conf_x_mcc: 0.3488  clips:2
    Epoch  11/100 — loss: 0.2626  val_loss: 0.3146  val_precision: 0.4699  val_f1_class_2: 0.5831  val_mcc: 0.5763  val_conf: 0.6058  val_conf_x_mcc: 0.3491  clips:1
    Epoch  12/100 — loss: 0.2615  val_loss: 0.3130  val_precision: 0.4706  val_f1_class_2: 0.5855  val_mcc: 0.5800  val_conf: 0.6039  val_conf_x_mcc: 0.3502  clips:1
    ✓ Best model saved  (val_mcc: 0.5800)
    Epoch  13/100 — loss: 0.2596  val_loss: 0.3120  val_precision: 0.4706  val_f1_class_2: 0.5858  val_mcc: 0.5812  val_conf: 0.6075  val_conf_x_mcc: 0.3531  clips:2
    ✓ Best model saved  (val_mcc: 0.5812)
    Epoch  14/100 — loss: 0.2580  val_loss: 0.3106  val_precision: 0.4760  val_f1_class_2: 0.5860  val_mcc: 0.5828  val_conf: 0.6073  val_conf_x_mcc: 0.3539  clips:1
    ✓ Best model saved  (val_mcc: 0.5828)
    Epoch  15/100 — loss: 0.2572  val_loss: 0.3106  val_precision: 0.4719  val_f1_class_2: 0.5860  val_mcc: 0.5809  val_conf: 0.6078  val_conf_x_mcc: 0.3531  clips:1
    Epoch  16/100 — loss: 0.2558  val_loss: 0.3089  val_precision: 0.4801  val_f1_class_2: 0.5882  val_mcc: 0.5844  val_conf: 0.6057  val_conf_x_mcc: 0.3540  clips:2
    ✓ Best model saved  (val_mcc: 0.5844)
    Epoch  17/100 — loss: 0.2546  val_loss: 0.3087  val_precision: 0.4780  val_f1_class_2: 0.5901  val_mcc: 0.5848  val_conf: 0.6033  val_conf_x_mcc: 0.3529  clips:1
    ✓ Best model saved  (val_mcc: 0.5848)
    Epoch  18/100 — loss: 0.2535  val_loss: 0.3089  val_precision: 0.4819  val_f1_class_2: 0.5887  val_mcc: 0.5803  val_conf: 0.6021  val_conf_x_mcc: 0.3494
    Epoch  19/100 — loss: 0.2530  val_loss: 0.3079  val_precision: 0.4831  val_f1_class_2: 0.5899  val_mcc: 0.5832  val_conf: 0.6075  val_conf_x_mcc: 0.3543  clips:1
    Epoch  20/100 — loss: 0.2519  val_loss: 0.3083  val_precision: 0.4732  val_f1_class_2: 0.5920  val_mcc: 0.5874  val_conf: 0.6083  val_conf_x_mcc: 0.3573  clips:1
    ✓ Best model saved  (val_mcc: 0.5874)
    Epoch  21/100 — loss: 0.2515  val_loss: 0.3072  val_precision: 0.4839  val_f1_class_2: 0.5924  val_mcc: 0.5850  val_conf: 0.6031  val_conf_x_mcc: 0.3528  clips:1
    Epoch  22/100 — loss: 0.2511  val_loss: 0.3073  val_precision: 0.4777  val_f1_class_2: 0.5898  val_mcc: 0.5841  val_conf: 0.6103  val_conf_x_mcc: 0.3565  clips:2
    Epoch  23/100 — loss: 0.2498  val_loss: 0.3066  val_precision: 0.4770  val_f1_class_2: 0.5931  val_mcc: 0.5875  val_conf: 0.6072  val_conf_x_mcc: 0.3567  clips:1
    ✓ Best model saved  (val_mcc: 0.5875)
    Epoch  24/100 — loss: 0.2494  val_loss: 0.3068  val_precision: 0.4687  val_f1_class_2: 0.5909  val_mcc: 0.5871  val_conf: 0.6099  val_conf_x_mcc: 0.3581  clips:2
    Epoch  25/100 — loss: 0.2486  val_loss: 0.3062  val_precision: 0.4761  val_f1_class_2: 0.5925  val_mcc: 0.5879  val_conf: 0.6065  val_conf_x_mcc: 0.3566  clips:1
    ✓ Best model saved  (val_mcc: 0.5879)
    Epoch  26/100 — loss: 0.2482  val_loss: 0.3046  val_precision: 0.4877  val_f1_class_2: 0.5914  val_mcc: 0.5871  val_conf: 0.6095  val_conf_x_mcc: 0.3579  clips:1
    Epoch  27/100 — loss: 0.2483  val_loss: 0.3045  val_precision: 0.4847  val_f1_class_2: 0.5934  val_mcc: 0.5876  val_conf: 0.6082  val_conf_x_mcc: 0.3574  clips:1
    Epoch  28/100 — loss: 0.2472  val_loss: 0.3050  val_precision: 0.4799  val_f1_class_2: 0.5932  val_mcc: 0.5877  val_conf: 0.6122  val_conf_x_mcc: 0.3598  clips:2
    Epoch  29/100 — loss: 0.2467  val_loss: 0.3047  val_precision: 0.4802  val_f1_class_2: 0.5934  val_mcc: 0.5856  val_conf: 0.6064  val_conf_x_mcc: 0.3551  clips:12026-05-30 08:12:15,647 - freqtrade.optimize.backtesting - INFO - Backtesting with data from 2024-06-09 00:00:00 up to 2026-05-30 00:00:00 (720 days).

    Epoch  30/100 — loss: 0.2464  val_loss: 0.3044  val_precision: 0.4870  val_f1_class_2: 0.5921  val_mcc: 0.5855  val_conf: 0.6064  val_conf_x_mcc: 0.3551  clips:1
    Epoch  31/100 — loss: 0.2464  val_loss: 0.3041  val_precision: 0.4831  val_f1_class_2: 0.5923  val_mcc: 0.5851  val_conf: 0.6024  val_conf_x_mcc: 0.3525  clips:2
    Epoch  32/100 — loss: 0.2459  val_loss: 0.3038  val_precision: 0.4836  val_f1_class_2: 0.5933  val_mcc: 0.5887  val_conf: 0.6123  val_conf_x_mcc: 0.3605  clips:2
    ✓ Best model saved  (val_mcc: 0.5887)
    Epoch  33/100 — loss: 0.2454  val_loss: 0.3031  val_precision: 0.5034  val_f1_class_2: 0.5897  val_mcc: 0.5832  val_conf: 0.6066  val_conf_x_mcc: 0.3538  clips:1
    Epoch  34/100 — loss: 0.2449  val_loss: 0.3038  val_precision: 0.4888  val_f1_class_2: 0.5930  val_mcc: 0.5878  val_conf: 0.6158  val_conf_x_mcc: 0.3620
    Epoch  35/100 — loss: 0.2444  val_loss: 0.3030  val_precision: 0.4853  val_f1_class_2: 0.5933  val_mcc: 0.5865  val_conf: 0.6055  val_conf_x_mcc: 0.3551  clips:2
    Epoch  36/100 — loss: 0.2440  val_loss: 0.3035  val_precision: 0.4852  val_f1_class_2: 0.5926  val_mcc: 0.5850  val_conf: 0.6034  val_conf_x_mcc: 0.3530  clips:2
    Epoch  37/100 — loss: 0.2438  val_loss: 0.3032  val_precision: 0.4806  val_f1_class_2: 0.5935  val_mcc: 0.5871  val_conf: 0.6125  val_conf_x_mcc: 0.3596  clips:2
    Epoch  38/100 — loss: 0.2440  val_loss: 0.3022  val_precision: 0.4947  val_f1_class_2: 0.5919  val_mcc: 0.5883  val_conf: 0.6093  val_conf_x_mcc: 0.3585  clips:2
    Epoch  39/100 — loss: 0.2440  val_loss: 0.3028  val_precision: 0.4815  val_f1_class_2: 0.5950  val_mcc: 0.5901  val_conf: 0.6098  val_conf_x_mcc: 0.3598  clips:1
    ✓ Best model saved  (val_mcc: 0.5901)
    Epoch  40/100 — loss: 0.2434  val_loss: 0.3024  val_precision: 0.4836  val_f1_class_2: 0.5938  val_mcc: 0.5903  val_conf: 0.6107  val_conf_x_mcc: 0.3605  clips:1
    ✓ Best model saved  (val_mcc: 0.5903)
    Epoch  41/100 — loss: 0.2439  val_loss: 0.3019  val_precision: 0.5018  val_f1_class_2: 0.5906  val_mcc: 0.5820  val_conf: 0.6050  val_conf_x_mcc: 0.3521  clips:4
    Epoch  42/100 — loss: 0.2432  val_loss: 0.3023  val_precision: 0.4934  val_f1_class_2: 0.5916  val_mcc: 0.5834  val_conf: 0.6024  val_conf_x_mcc: 0.3515  clips:1
    Epoch  43/100 — loss: 0.2430  val_loss: 0.3021  val_precision: 0.4871  val_f1_class_2: 0.5945  val_mcc: 0.5882  val_conf: 0.6104  val_conf_x_mcc: 0.3591  clips:2
    Epoch  44/100 — loss: 0.2426  val_loss: 0.3019  val_precision: 0.4877  val_f1_class_2: 0.5929  val_mcc: 0.5883  val_conf: 0.6060  val_conf_x_mcc: 0.3565  clips:2
    Epoch  45/100 — loss: 0.2424  val_loss: 0.3017  val_precision: 0.4976  val_f1_class_2: 0.5899  val_mcc: 0.5834  val_conf: 0.6055  val_conf_x_mcc: 0.3532  clips:2
    Epoch  46/100 — loss: 0.2428  val_loss: 0.3019  val_precision: 0.4902  val_f1_class_2: 0.5935  val_mcc: 0.5863  val_conf: 0.6077  val_conf_x_mcc: 0.3563  clips:3
    Epoch  47/100 — loss: 0.2419  val_loss: 0.3015  val_precision: 0.4996  val_f1_class_2: 0.5908  val_mcc: 0.5837  val_conf: 0.6023  val_conf_x_mcc: 0.3515  clips:2
    Epoch  48/100 — loss: 0.2417  val_loss: 0.3010  val_precision: 0.4987  val_f1_class_2: 0.5913  val_mcc: 0.5878  val_conf: 0.6094  val_conf_x_mcc: 0.3582  clips:2
    ReduceLROnPlateau → lr=1.00e-05
    Epoch  49/100 — loss: 0.2408  val_loss: 0.3012  val_precision: 0.4924  val_f1_class_2: 0.5931  val_mcc: 0.5872  val_conf: 0.6075  val_conf_x_mcc: 0.3567  clips:3
    Epoch  50/100 — loss: 0.2412  val_loss: 0.3013  val_precision: 0.4902  val_f1_class_2: 0.5932  val_mcc: 0.5869  val_conf: 0.6087  val_conf_x_mcc: 0.3572  clips:4
    Epoch  51/100 — loss: 0.2410  val_loss: 0.3012  val_precision: 0.4915  val_f1_class_2: 0.5930  val_mcc: 0.5863  val_conf: 0.6078  val_conf_x_mcc: 0.3564  clips:1
    Epoch  52/100 — loss: 0.2410  val_loss: 0.3014  val_precision: 0.4886  val_f1_class_2: 0.5934  val_mcc: 0.5878  val_conf: 0.6098  val_conf_x_mcc: 0.3584  clips:2
    Epoch  53/100 — loss: 0.2410  val_loss: 0.3012  val_precision: 0.4899  val_f1_class_2: 0.5929  val_mcc: 0.5866  val_conf: 0.6087  val_conf_x_mcc: 0.3571  clips:2
    Epoch  54/100 — loss: 0.2412  val_loss: 0.3009  val_precision: 0.4961  val_f1_class_2: 0.5922  val_mcc: 0.5867  val_conf: 0.6093  val_conf_x_mcc: 0.3575  clips:1
    Epoch  55/100 — loss: 0.2409  val_loss: 0.3012  val_precision: 0.4881  val_f1_class_2: 0.5940  val_mcc: 0.5885  val_conf: 0.6102  val_conf_x_mcc: 0.3591  clips:3
    Epoch  56/100 — loss: 0.2410  val_loss: 0.3011  val_precision: 0.4924  val_f1_class_2: 0.5933  val_mcc: 0.5865  val_conf: 0.6081  val_conf_x_mcc: 0.3566  clips:3
    ReduceLROnPlateau → lr=1.00e-06
    Epoch  57/100 — loss: 0.2411  val_loss: 0.3011  val_precision: 0.4921  val_f1_class_2: 0.5935  val_mcc: 0.5868  val_conf: 0.6083  val_conf_x_mcc: 0.3570  clips:3
    Epoch  58/100 — loss: 0.2409  val_loss: 0.3011  val_precision: 0.4919  val_f1_class_2: 0.5933  val_mcc: 0.5869  val_conf: 0.6085  val_conf_x_mcc: 0.3571  clips:1
    Epoch  59/100 — loss: 0.2406  val_loss: 0.3010  val_precision: 0.4924  val_f1_class_2: 0.5934  val_mcc: 0.5870  val_conf: 0.6087  val_conf_x_mcc: 0.3573  clips:2
    Epoch  60/100 — loss: 0.2408  val_loss: 0.3011  val_precision: 0.4919  val_f1_class_2: 0.5932  val_mcc: 0.5867  val_conf: 0.6085  val_conf_x_mcc: 0.3571  clips:3
    EarlyStopping at epoch 60 (no improvement for 20 epochs)
    Restoring best weights from /tmp/NNNC_DDPM_MLX/checkpoint.safetensors
    Saving MLX model to: /Users/philprice95/Documents/freqtrade/user_data/strategies/saved_data/NNNC_DDPM_MLX/NNNC_DDPM_MLX.safetensors
    Trading - Sell:
        min: 0.000 max: 0.998, mean: 0.179
        signals > 0.750: 2143 (3.1%)
        counts: [45533, 2777, 1715, 1922, 5296, 4483, 3643, 2578, 716, 522, 0]
        percentages: [0.66, 0.04, 0.02, 0.03, 0.08, 0.06, 0.05, 0.04, 0.01, 0.01, 0.0]
        cumulative: [0.66, 0.7, 0.72, 0.75, 0.83, 0.89, 0.94, 0.98, 0.99, 1.0, 1.0]
    Trading - Hold:
        min: 0.001 max: 0.987, mean: 0.629
        signals > 0.750: 27011 (39.0%)
        counts: [1633, 1546, 5164, 7653, 9628, 10140, 4543, 3612, 4806, 20460, 0]
        percentages: [0.02, 0.02, 0.07, 0.11, 0.14, 0.15, 0.07, 0.05, 0.07, 0.3, 0.0]
        cumulative: [0.02, 0.05, 0.12, 0.23, 0.37, 0.52, 0.58, 0.63, 0.7, 1.0, 1.0]
    Trading - Buy:
        min: 0.000 max: 0.999, mean: 0.193
        signals > 0.750: 2849 (4.1%)
        counts: [43618, 3260, 2208, 2442, 4455, 4933, 3912, 2528, 809, 1020, 0]
        percentages: [0.63, 0.05, 0.03, 0.04, 0.06, 0.07, 0.06, 0.04, 0.01, 0.01, 0.0]
        cumulative: [0.63, 0.68, 0.71, 0.74, 0.81, 0.88, 0.94, 0.97, 0.99, 1.0, 1.0]

ZEC/USDT
    Comparing actual vs predicted signals

================================================================================
CLASSIFICATION PERFORMANCE ASSESSMENT (Tri-State)
================================================================================
--- Detailed Classification Report ---
              precision    recall  f1-score   support

         0.0      0.681     0.154     0.251      9495
         1.0      0.790     0.965     0.869     52559
         2.0      0.564     0.225     0.322      7131

    accuracy                          0.777     69185
   macro avg      0.678     0.448     0.480     69185
weighted avg      0.752     0.777     0.727     69185


--- Confusion Matrix ---
Rows = True, Columns = Predicted
             Sell     Hold      Buy
    Sell     1460     7982       53
    Hold      667    50702     1190
     Buy       16     5509     1606

--- Qualitative Assessment of Key Metrics ---
Metric                    Score   Assessment                               Trading Context
-------------------------   -------   ----------------------------------------   ------------------------------
Precision (Sell)          0.681   Good. Reliable performance.              Avoid false sell signals (support: 9495.0)
Recall (Sell)             0.154   Very Bad. Performance is extremely low.  Find all sell opportunities (support: 9495.0)
F1-Score (Sell)           0.251   Poor. Significant room for improvement.  Balanced performance on Sell signal (support: 9495.0)
Precision (Hold)          0.790   Good. Reliable performance.              Correctly identify neutral periods (support: 52559.0)
Recall (Hold)             0.965   Excellent. Very strong performance.      Find all neutral periods (support: 52559.0)
F1-Score (Hold)           0.869   Excellent. Very strong performance.      Balanced performance on Hold signal (support: 52559.0)
Precision (Buy)           0.564   Okay. Acceptable, but needs improvement. Avoid false buy signals (support: 7131.0)
Recall (Buy)              0.225   Poor. Significant room for improvement.  Find all buy opportunities (support: 7131.0)
F1-Score (Buy)            0.322   Poor. Significant room for improvement.  Balanced performance on Buy signal (support: 7131.0)

--- Overall Performance Metrics ---

--- Qualitative Assessment of Key Metrics ---
Metric                    Score   Assessment                               Trading Context
-------------------------   -------   ----------------------------------------   ------------------------------
Macro Avg Precision       0.678   Good. Reliable performance.              Average precision across all classes
Macro Avg Recall          0.448   Okay. Acceptable, but needs improvement. Average recall across all classes
Macro Avg F1-Score        0.480   Okay. Acceptable, but needs improvement. Average F1-score across all classes
Weighted Avg Precision    0.752   Good. Reliable performance.              Support-weighted average precision
Weighted Avg Recall       0.777   Good. Reliable performance.              Support-weighted average recall
Weighted Avg F1-Score     0.727   Good. Reliable performance.              Support-weighted average F1-score
MCC                       0.275   Okay. Weak but meaningful correlation.   Correlation between prediction and reality
Cohen's Kappa             0.223   Fair. Weak agreement.                    Agreement better than random chance

--- Summary and Recommendation ---
⚠️ CONCERN: Sell class recall is only 0.154. The model is missing over 84% of available 'Sell' signals. **Priority: Improve Sell Recall and overall F1.**
================================================================================
    Trading - Sell:
        min: 0.000 max: 0.996, mean: 0.089
        signals > 0.750: 758 (1.1%)
        counts: [57777, 2453, 1067, 824, 1039, 2503, 2120, 941, 265, 196, 0]
        percentages: [0.84, 0.04, 0.02, 0.01, 0.02, 0.04, 0.03, 0.01, 0.0, 0.0, 0.0]
        cumulative: [0.84, 0.87, 0.89, 0.9, 0.91, 0.95, 0.98, 0.99, 1.0, 1.0, 1.0]
    Trading - Hold:
        min: 0.001 max: 0.989, mean: 0.807
        signals > 0.750: 51540 (74.5%)
        counts: [811, 771, 2381, 4743, 4110, 2024, 1770, 2267, 5362, 44946, 0]
        percentages: [0.01, 0.01, 0.03, 0.07, 0.06, 0.03, 0.03, 0.03, 0.08, 0.65, 0.0]
        cumulative: [0.01, 0.02, 0.06, 0.13, 0.19, 0.21, 0.24, 0.27, 0.35, 1.0, 1.0]
    Trading - Buy:
        min: 0.000 max: 0.998, mean: 0.103
        signals > 0.750: 1622 (2.3%)
        counts: [56394, 3049, 1340, 888, 881, 1548, 2587, 1419, 500, 579, 0]
        percentages: [0.82, 0.04, 0.02, 0.01, 0.01, 0.02, 0.04, 0.02, 0.01, 0.01, 0.0]
        cumulative: [0.82, 0.86, 0.88, 0.89, 0.9, 0.93, 0.96, 0.98, 0.99, 1.0, 1.0]

XRP/USDT
    Comparing actual vs predicted signals

================================================================================
CLASSIFICATION PERFORMANCE ASSESSMENT (Tri-State)
================================================================================
--- Detailed Classification Report ---
              precision    recall  f1-score   support

         0.0      0.675     0.117     0.200      4362
         1.0      0.899     0.987     0.941     60851
         2.0      0.629     0.257     0.365      3972

    accuracy                          0.890     69185
   macro avg      0.735     0.454     0.502     69185
weighted avg      0.869     0.890     0.861     69185


--- Confusion Matrix ---
Rows = True, Columns = Predicted
             Sell     Hold      Buy
    Sell      512     3832       18
    Hold      236    60032      583
     Buy       10     2941     1021

--- Qualitative Assessment of Key Metrics ---
Metric                    Score   Assessment                               Trading Context
-------------------------   -------   ----------------------------------------   ------------------------------
Precision (Sell)          0.675   Good. Reliable performance.              Avoid false sell signals (support: 4362.0)
Recall (Sell)             0.117   Very Bad. Performance is extremely low.  Find all sell opportunities (support: 4362.0)
F1-Score (Sell)           0.200   Poor. Significant room for improvement.  Balanced performance on Sell signal (support: 4362.0)
Precision (Hold)          0.899   Excellent. Very strong performance.      Correctly identify neutral periods (support: 60851.0)
Recall (Hold)             0.987   Excellent. Very strong performance.      Find all neutral periods (support: 60851.0)
F1-Score (Hold)           0.941   Excellent. Very strong performance.      Balanced performance on Hold signal (support: 60851.0)
Precision (Buy)           0.629   Good. Reliable performance.              Avoid false buy signals (support: 3972.0)
Recall (Buy)              0.257   Poor. Significant room for improvement.  Find all buy opportunities (support: 3972.0)
F1-Score (Buy)            0.365   Poor. Significant room for improvement.  Balanced performance on Buy signal (support: 3972.0)

--- Overall Performance Metrics ---

--- Qualitative Assessment of Key Metrics ---
Metric                    Score   Assessment                               Trading Context
-------------------------   -------   ----------------------------------------   ------------------------------
Macro Avg Precision       0.735   Good. Reliable performance.              Average precision across all classes
Macro Avg Recall          0.454   Okay. Acceptable, but needs improvement. Average recall across all classes
Macro Avg F1-Score        0.502   Okay. Acceptable, but needs improvement. Average F1-score across all classes
Weighted Avg Precision    0.869   Excellent. Very strong performance.      Support-weighted average precision
Weighted Avg Recall       0.890   Excellent. Very strong performance.      Support-weighted average recall
Weighted Avg F1-Score     0.861   Excellent. Very strong performance.      Support-weighted average F1-score
MCC                       0.318   Okay. Weak but meaningful correlation.   Correlation between prediction and reality
Cohen's Kappa             0.259   Fair. Weak agreement.                    Agreement better than random chance

--- Summary and Recommendation ---
⚠️ CONCERN: Sell class recall is only 0.117. The model is missing over 88% of available 'Sell' signals. **Priority: Improve Sell Recall and overall F1.**
================================================================================
    Trading - Sell:
        min: 0.000 max: 0.996, mean: 0.094
        signals > 0.750: 491 (0.7%)
        counts: [56175, 3043, 1494, 1128, 1355, 3037, 2031, 649, 159, 114, 0]
        percentages: [0.81, 0.04, 0.02, 0.02, 0.02, 0.04, 0.03, 0.01, 0.0, 0.0, 0.0]
        cumulative: [0.81, 0.86, 0.88, 0.89, 0.91, 0.96, 0.99, 1.0, 1.0, 1.0, 1.0]
    Trading - Hold:
        min: 0.001 max: 0.988, mean: 0.790
        signals > 0.750: 48963 (70.8%)
        counts: [521, 583, 2123, 5510, 5072, 2584, 2443, 3149, 6643, 40557, 0]
        percentages: [0.01, 0.01, 0.03, 0.08, 0.07, 0.04, 0.04, 0.05, 0.1, 0.59, 0.0]
        cumulative: [0.01, 0.02, 0.05, 0.13, 0.2, 0.24, 0.27, 0.32, 0.41, 1.0, 1.0]
    Trading - Buy:
        min: 0.000 max: 0.998, mean: 0.116
        signals > 0.750: 1250 (1.8%)
        counts: [53780, 3630, 1765, 1197, 1154, 1961, 3455, 1437, 421, 385, 0]
        percentages: [0.78, 0.05, 0.03, 0.02, 0.02, 0.03, 0.05, 0.02, 0.01, 0.01, 0.0]
        cumulative: [0.78, 0.83, 0.86, 0.87, 0.89, 0.92, 0.97, 0.99, 0.99, 1.0, 1.0]

SOL/USDT
    Comparing actual vs predicted signals

================================================================================
CLASSIFICATION PERFORMANCE ASSESSMENT (Tri-State)
================================================================================
--- Detailed Classification Report ---
              precision    recall  f1-score   support

         0.0      0.611     0.077     0.137      3878
         1.0      0.895     0.988     0.939     61113
         2.0      0.548     0.163     0.252      4194

    accuracy                          0.887     69185
   macro avg      0.685     0.410     0.443     69185
weighted avg      0.858     0.887     0.853     69185


--- Confusion Matrix ---
Rows = True, Columns = Predicted
             Sell     Hold      Buy
    Sell      300     3564       14
    Hold      186    60376      551
     Buy        5     3504      685

--- Qualitative Assessment of Key Metrics ---
Metric                    Score   Assessment                               Trading Context
-------------------------   -------   ----------------------------------------   ------------------------------
Precision (Sell)          0.611   Good. Reliable performance.              Avoid false sell signals (support: 3878.0)
Recall (Sell)             0.077   Very Bad. Performance is extremely low.  Find all sell opportunities (support: 3878.0)
F1-Score (Sell)           0.137   Very Bad. Performance is extremely low.  Balanced performance on Sell signal (support: 3878.0)
Precision (Hold)          0.895   Excellent. Very strong performance.      Correctly identify neutral periods (support: 61113.0)
Recall (Hold)             0.988   Excellent. Very strong performance.      Find all neutral periods (support: 61113.0)
F1-Score (Hold)           0.939   Excellent. Very strong performance.      Balanced performance on Hold signal (support: 61113.0)
Precision (Buy)           0.548   Okay. Acceptable, but needs improvement. Avoid false buy signals (support: 4194.0)
Recall (Buy)              0.163   Very Bad. Performance is extremely low.  Find all buy opportunities (support: 4194.0)
F1-Score (Buy)            0.252   Poor. Significant room for improvement.  Balanced performance on Buy signal (support: 4194.0)

--- Overall Performance Metrics ---

--- Qualitative Assessment of Key Metrics ---
Metric                    Score   Assessment                               Trading Context
-------------------------   -------   ----------------------------------------   ------------------------------
Macro Avg Precision       0.685   Good. Reliable performance.              Average precision across all classes
Macro Avg Recall          0.410   Okay. Acceptable, but needs improvement. Average recall across all classes
Macro Avg F1-Score        0.443   Okay. Acceptable, but needs improvement. Average F1-score across all classes
Weighted Avg Precision    0.858   Excellent. Very strong performance.      Support-weighted average precision
Weighted Avg Recall       0.887   Excellent. Very strong performance.      Support-weighted average recall
Weighted Avg F1-Score     0.853   Excellent. Very strong performance.      Support-weighted average F1-score
MCC                       0.237   Okay. Weak but meaningful correlation.   Correlation between prediction and reality
Cohen's Kappa             0.177   Slight. Agreement is barely above chance. Agreement better than random chance

--- Summary and Recommendation ---
⚠️ CONCERN: Sell class recall is only 0.077. The model is missing over 92% of available 'Sell' signals. **Priority: Improve Sell Recall and overall F1.**
================================================================================
    Trading - Sell:
        min: 0.000 max: 0.996, mean: 0.109
        signals > 0.750: 906 (1.3%)
        counts: [54378, 3152, 1589, 1180, 1668, 3256, 2436, 976, 317, 233, 0]
        percentages: [0.79, 0.05, 0.02, 0.02, 0.02, 0.05, 0.04, 0.01, 0.0, 0.0, 0.0]
        cumulative: [0.79, 0.83, 0.85, 0.87, 0.9, 0.94, 0.98, 0.99, 1.0, 1.0, 1.0]
    Trading - Hold:
        min: 0.001 max: 0.989, mean: 0.763
        signals > 0.750: 46052 (66.6%)
        counts: [825, 853, 2774, 5853, 5575, 3221, 2554, 3334, 7021, 37175, 0]
        percentages: [0.01, 0.01, 0.04, 0.08, 0.08, 0.05, 0.04, 0.05, 0.1, 0.54, 0.0]
        cumulative: [0.01, 0.02, 0.06, 0.15, 0.23, 0.28, 0.31, 0.36, 0.46, 1.0, 1.0]
    Trading - Buy:
        min: 0.000 max: 0.998, mean: 0.128
        signals > 0.750: 1710 (2.5%)
        counts: [52181, 4006, 1835, 1269, 1437, 2232, 3373, 1771, 517, 564, 0]
        percentages: [0.75, 0.06, 0.03, 0.02, 0.02, 0.03, 0.05, 0.03, 0.01, 0.01, 0.0]
        cumulative: [0.75, 0.81, 0.84, 0.86, 0.88, 0.91, 0.96, 0.98, 0.99, 1.0, 1.0]

LINK/USDT
    Comparing actual vs predicted signals

================================================================================
CLASSIFICATION PERFORMANCE ASSESSMENT (Tri-State)
================================================================================
--- Detailed Classification Report ---
              precision    recall  f1-score   support

         0.0      0.632     0.113     0.191      5091
         1.0      0.874     0.982     0.925     59198
         2.0      0.568     0.199     0.294      4896

    accuracy                          0.863     69185
   macro avg      0.691     0.431     0.470     69185
weighted avg      0.834     0.863     0.826     69185


--- Confusion Matrix ---
Rows = True, Columns = Predicted
             Sell     Hold      Buy
    Sell      573     4493       25
    Hold      331    58154      713
     Buy        2     3922      972

--- Qualitative Assessment of Key Metrics ---
Metric                    Score   Assessment                               Trading Context
-------------------------   -------   ----------------------------------------   ------------------------------
Precision (Sell)          0.632   Good. Reliable performance.              Avoid false sell signals (support: 5091.0)
Recall (Sell)             0.113   Very Bad. Performance is extremely low.  Find all sell opportunities (support: 5091.0)
F1-Score (Sell)           0.191   Very Bad. Performance is extremely low.  Balanced performance on Sell signal (support: 5091.0)
Precision (Hold)          0.874   Excellent. Very strong performance.      Correctly identify neutral periods (support: 59198.0)
Recall (Hold)             0.982   Excellent. Very strong performance.      Find all neutral periods (support: 59198.0)
F1-Score (Hold)           0.925   Excellent. Very strong performance.      Balanced performance on Hold signal (support: 59198.0)
Precision (Buy)           0.568   Okay. Acceptable, but needs improvement. Avoid false buy signals (support: 4896.0)
Recall (Buy)              0.199   Very Bad. Performance is extremely low.  Find all buy opportunities (support: 4896.0)
F1-Score (Buy)            0.294   Poor. Significant room for improvement.  Balanced performance on Buy signal (support: 4896.0)

--- Overall Performance Metrics ---

--- Qualitative Assessment of Key Metrics ---
Metric                    Score   Assessment                               Trading Context
-------------------------   -------   ----------------------------------------   ------------------------------
Macro Avg Precision       0.691   Good. Reliable performance.              Average precision across all classes
Macro Avg Recall          0.431   Okay. Acceptable, but needs improvement. Average recall across all classes
Macro Avg F1-Score        0.470   Okay. Acceptable, but needs improvement. Average F1-score across all classes
Weighted Avg Precision    0.834   Excellent. Very strong performance.      Support-weighted average precision
Weighted Avg Recall       0.863   Excellent. Very strong performance.      Support-weighted average recall
Weighted Avg F1-Score     0.826   Excellent. Very strong performance.      Support-weighted average F1-score
MCC                       0.268   Okay. Weak but meaningful correlation.   Correlation between prediction and reality
Cohen's Kappa             0.212   Fair. Weak agreement.                    Agreement better than random chance

--- Summary and Recommendation ---
⚠️ CONCERN: Sell class recall is only 0.113. The model is missing over 88% of available 'Sell' signals. **Priority: Improve Sell Recall and overall F1.**
================================================================================
    Trading - Sell:
        min: 0.000 max: 0.998, mean: 0.162
        signals > 0.750: 1597 (2.3%)
        counts: [46364, 3597, 2141, 2068, 4856, 4730, 3005, 1263, 504, 657, 0]
        percentages: [0.67, 0.05, 0.03, 0.03, 0.07, 0.07, 0.04, 0.02, 0.01, 0.01, 0.0]
        cumulative: [0.67, 0.72, 0.75, 0.78, 0.85, 0.92, 0.96, 0.98, 0.99, 1.0, 1.0]
    Trading - Hold:
        min: 0.001 max: 0.988, mean: 0.658
        signals > 0.750: 30295 (43.8%)
        counts: [1635, 1222, 2986, 6903, 9866, 9219, 4874, 4360, 6653, 21467, 0]
        percentages: [0.02, 0.02, 0.04, 0.1, 0.14, 0.13, 0.07, 0.06, 0.1, 0.31, 0.0]
        cumulative: [0.02, 0.04, 0.08, 0.18, 0.33, 0.46, 0.53, 0.59, 0.69, 1.0, 1.0]
    Trading - Buy:
        min: 0.000 max: 0.999, mean: 0.180
        signals > 0.750: 2249 (3.3%)
        counts: [44129, 3941, 2608, 2427, 4015, 4974, 3814, 1707, 710, 860, 0]
        percentages: [0.64, 0.06, 0.04, 0.04, 0.06, 0.07, 0.06, 0.02, 0.01, 0.01, 0.0]
        cumulative: [0.64, 0.69, 0.73, 0.77, 0.83, 0.9, 0.95, 0.98, 0.99, 1.0, 1.0]

NEAR/USDT
    Comparing actual vs predicted signals

================================================================================
CLASSIFICATION PERFORMANCE ASSESSMENT (Tri-State)
================================================================================
--- Detailed Classification Report ---
              precision    recall  f1-score   support

         0.0      0.555     0.115     0.191      7688
         1.0      0.804     0.968     0.879     54276
         2.0      0.511     0.159     0.243      7221

    accuracy                          0.789     69185
   macro avg      0.623     0.414     0.437     69185
weighted avg      0.746     0.789     0.736     69185


--- Confusion Matrix ---
Rows = True, Columns = Predicted
             Sell     Hold      Buy
    Sell      886     6747       55
    Hold      678    52553     1045
     Buy       33     6039     1149

--- Qualitative Assessment of Key Metrics ---
Metric                    Score   Assessment                               Trading Context
-------------------------   -------   ----------------------------------------   ------------------------------
Precision (Sell)          0.555   Okay. Acceptable, but needs improvement. Avoid false sell signals (support: 7688.0)
Recall (Sell)             0.115   Very Bad. Performance is extremely low.  Find all sell opportunities (support: 7688.0)
F1-Score (Sell)           0.191   Very Bad. Performance is extremely low.  Balanced performance on Sell signal (support: 7688.0)
Precision (Hold)          0.804   Excellent. Very strong performance.      Correctly identify neutral periods (support: 54276.0)
Recall (Hold)             0.968   Excellent. Very strong performance.      Find all neutral periods (support: 54276.0)
F1-Score (Hold)           0.879   Excellent. Very strong performance.      Balanced performance on Hold signal (support: 54276.0)
Precision (Buy)           0.511   Okay. Acceptable, but needs improvement. Avoid false buy signals (support: 7221.0)
Recall (Buy)              0.159   Very Bad. Performance is extremely low.  Find all buy opportunities (support: 7221.0)
F1-Score (Buy)            0.243   Poor. Significant room for improvement.  Balanced performance on Buy signal (support: 7221.0)

--- Overall Performance Metrics ---

--- Qualitative Assessment of Key Metrics ---
Metric                    Score   Assessment                               Trading Context
-------------------------   -------   ----------------------------------------   ------------------------------
Macro Avg Precision       0.623   Good. Reliable performance.              Average precision across all classes
Macro Avg Recall          0.414   Okay. Acceptable, but needs improvement. Average recall across all classes
Macro Avg F1-Score        0.437   Okay. Acceptable, but needs improvement. Average F1-score across all classes
Weighted Avg Precision    0.746   Good. Reliable performance.              Support-weighted average precision
Weighted Avg Recall       0.789   Good. Reliable performance.              Support-weighted average recall
Weighted Avg F1-Score     0.736   Good. Reliable performance.              Support-weighted average F1-score
MCC                       0.215   Okay. Weak but meaningful correlation.   Correlation between prediction and reality
Cohen's Kappa             0.167   Slight. Agreement is barely above chance. Agreement better than random chance

--- Summary and Recommendation ---
⚠️ CONCERN: Sell class recall is only 0.115. The model is missing over 88% of available 'Sell' signals. **Priority: Improve Sell Recall and overall F1.**
================================================================================
    Trading - Sell:
        min: 0.000 max: 0.998, mean: 0.145
        signals > 0.750: 1365 (2.0%)
        counts: [48513, 3611, 2024, 2007, 4372, 3919, 2535, 1219, 434, 551, 0]
        percentages: [0.7, 0.05, 0.03, 0.03, 0.06, 0.06, 0.04, 0.02, 0.01, 0.01, 0.0]
        cumulative: [0.7, 0.75, 0.78, 0.81, 0.87, 0.93, 0.97, 0.99, 0.99, 1.0, 1.0]
    Trading - Hold:
        min: 0.001 max: 0.984, mean: 0.693
        signals > 0.750: 35110 (50.7%)
        counts: [1677, 1050, 2764, 5442, 8182, 8384, 4486, 4305, 7221, 25674, 0]
        percentages: [0.02, 0.02, 0.04, 0.08, 0.12, 0.12, 0.06, 0.06, 0.1, 0.37, 0.0]
        cumulative: [0.02, 0.04, 0.08, 0.16, 0.28, 0.4, 0.46, 0.52, 0.63, 1.0, 1.0]
    Trading - Buy:
        min: 0.000 max: 0.999, mean: 0.162
        signals > 0.750: 2195 (3.2%)
        counts: [46401, 4301, 2406, 2178, 3815, 4104, 2822, 1516, 618, 1024, 0]
        percentages: [0.67, 0.06, 0.03, 0.03, 0.06, 0.06, 0.04, 0.02, 0.01, 0.01, 0.0]
        cumulative: [0.67, 0.73, 0.77, 0.8, 0.85, 0.91, 0.95, 0.98, 0.99, 1.0, 1.0]

AAVE/USDT
    Comparing actual vs predicted signals

================================================================================
CLASSIFICATION PERFORMANCE ASSESSMENT (Tri-State)
================================================================================
--- Detailed Classification Report ---
              precision    recall  f1-score   support

         0.0      0.545     0.112     0.186      6644
         1.0      0.837     0.970     0.899     56596
         2.0      0.482     0.178     0.260      5945

    accuracy                          0.820     69185
   macro avg      0.621     0.420     0.448     69185
weighted avg      0.778     0.820     0.775     69185


--- Confusion Matrix ---
Rows = True, Columns = Predicted
             Sell     Hold      Buy
    Sell      744     5834       66
    Hold      601    54925     1070
     Buy       20     4866     1059

--- Qualitative Assessment of Key Metrics ---
Metric                    Score   Assessment                               Trading Context
-------------------------   -------   ----------------------------------------   ------------------------------
Precision (Sell)          0.545   Okay. Acceptable, but needs improvement. Avoid false sell signals (support: 6644.0)
Recall (Sell)             0.112   Very Bad. Performance is extremely low.  Find all sell opportunities (support: 6644.0)
F1-Score (Sell)           0.186   Very Bad. Performance is extremely low.  Balanced performance on Sell signal (support: 6644.0)
Precision (Hold)          0.837   Excellent. Very strong performance.      Correctly identify neutral periods (support: 56596.0)
Recall (Hold)             0.970   Excellent. Very strong performance.      Find all neutral periods (support: 56596.0)
F1-Score (Hold)           0.899   Excellent. Very strong performance.      Balanced performance on Hold signal (support: 56596.0)
Precision (Buy)           0.482   Okay. Acceptable, but needs improvement. Avoid false buy signals (support: 5945.0)
Recall (Buy)              0.178   Very Bad. Performance is extremely low.  Find all buy opportunities (support: 5945.0)
F1-Score (Buy)            0.260   Poor. Significant room for improvement.  Balanced performance on Buy signal (support: 5945.0)

--- Overall Performance Metrics ---

--- Qualitative Assessment of Key Metrics ---
Metric                    Score   Assessment                               Trading Context
-------------------------   -------   ----------------------------------------   ------------------------------
Macro Avg Precision       0.621   Good. Reliable performance.              Average precision across all classes
Macro Avg Recall          0.420   Okay. Acceptable, but needs improvement. Average recall across all classes
Macro Avg F1-Score        0.448   Okay. Acceptable, but needs improvement. Average F1-score across all classes
Weighted Avg Precision    0.778   Good. Reliable performance.              Support-weighted average precision
Weighted Avg Recall       0.820   Excellent. Very strong performance.      Support-weighted average recall
Weighted Avg F1-Score     0.775   Good. Reliable performance.              Support-weighted average F1-score
MCC                       0.223   Okay. Weak but meaningful correlation.   Correlation between prediction and reality
Cohen's Kappa             0.179   Slight. Agreement is barely above chance. Agreement better than random chance

--- Summary and Recommendation ---
⚠️ CONCERN: Sell class recall is only 0.112. The model is missing over 88% of available 'Sell' signals. **Priority: Improve Sell Recall and overall F1.**
================================================================================
    Trading - Sell:
        min: 0.000 max: 0.997, mean: 0.160
        signals > 0.750: 2267 (3.3%)
        counts: [48411, 3393, 1805, 1531, 2377, 4259, 3853, 1946, 831, 779, 0]
        percentages: [0.7, 0.05, 0.03, 0.02, 0.03, 0.06, 0.06, 0.03, 0.01, 0.01, 0.0]
        cumulative: [0.7, 0.75, 0.77, 0.8, 0.83, 0.89, 0.95, 0.98, 0.99, 1.0, 1.0]
    Trading - Hold:
        min: 0.001 max: 0.987, mean: 0.651
        signals > 0.750: 33196 (48.0%)
        counts: [2582, 1939, 4566, 8393, 8185, 4850, 3664, 3858, 6846, 24302, 0]
        percentages: [0.04, 0.03, 0.07, 0.12, 0.12, 0.07, 0.05, 0.06, 0.1, 0.35, 0.0]
        cumulative: [0.04, 0.07, 0.13, 0.25, 0.37, 0.44, 0.49, 0.55, 0.65, 1.0, 1.0]
    Trading - Buy:
        min: 0.000 max: 0.999, mean: 0.189
        signals > 0.750: 3681 (5.3%)
        counts: [44957, 4130, 2291, 1922, 2307, 3781, 4458, 2596, 1083, 1660, 0]
        percentages: [0.65, 0.06, 0.03, 0.03, 0.03, 0.05, 0.06, 0.04, 0.02, 0.02, 0.0]
        cumulative: [0.65, 0.71, 0.74, 0.77, 0.8, 0.86, 0.92, 0.96, 0.98, 1.0, 1.0]

SUI/USDT
    Comparing actual vs predicted signals

================================================================================
CLASSIFICATION PERFORMANCE ASSESSMENT (Tri-State)
================================================================================
--- Detailed Classification Report ---
              precision    recall  f1-score   support

         0.0      0.574     0.157     0.247      8273
         1.0      0.799     0.952     0.869     53047
         2.0      0.546     0.256     0.348      7865

    accuracy                          0.778     69185
   macro avg      0.640     0.455     0.488     69185
weighted avg      0.743     0.778     0.735     69185


--- Confusion Matrix ---
Rows = True, Columns = Predicted
             Sell     Hold      Buy
    Sell     1301     6887       85
    Hold      941    50520     1586
     Buy       25     5830     2010

--- Qualitative Assessment of Key Metrics ---
Metric                    Score   Assessment                               Trading Context
-------------------------   -------   ----------------------------------------   ------------------------------
Precision (Sell)          0.574   Okay. Acceptable, but needs improvement. Avoid false sell signals (support: 8273.0)
Recall (Sell)             0.157   Very Bad. Performance is extremely low.  Find all sell opportunities (support: 8273.0)
F1-Score (Sell)           0.247   Poor. Significant room for improvement.  Balanced performance on Sell signal (support: 8273.0)
Precision (Hold)          0.799   Good. Reliable performance.              Correctly identify neutral periods (support: 53047.0)
Recall (Hold)             0.952   Excellent. Very strong performance.      Find all neutral periods (support: 53047.0)
F1-Score (Hold)           0.869   Excellent. Very strong performance.      Balanced performance on Hold signal (support: 53047.0)
Precision (Buy)           0.546   Okay. Acceptable, but needs improvement. Avoid false buy signals (support: 7865.0)
Recall (Buy)              0.256   Poor. Significant room for improvement.  Find all buy opportunities (support: 7865.0)
F1-Score (Buy)            0.348   Poor. Significant room for improvement.  Balanced performance on Buy signal (support: 7865.0)

--- Overall Performance Metrics ---

--- Qualitative Assessment of Key Metrics ---
Metric                    Score   Assessment                               Trading Context
-------------------------   -------   ----------------------------------------   ------------------------------
Macro Avg Precision       0.640   Good. Reliable performance.              Average precision across all classes
Macro Avg Recall          0.455   Okay. Acceptable, but needs improvement. Average recall across all classes
Macro Avg F1-Score        0.488   Okay. Acceptable, but needs improvement. Average F1-score across all classes
Weighted Avg Precision    0.743   Good. Reliable performance.              Support-weighted average precision
Weighted Avg Recall       0.778   Good. Reliable performance.              Support-weighted average recall
Weighted Avg F1-Score     0.735   Good. Reliable performance.              Support-weighted average F1-score
MCC                       0.271   Okay. Weak but meaningful correlation.   Correlation between prediction and reality
Cohen's Kappa             0.233   Fair. Weak agreement.                    Agreement better than random chance

--- Summary and Recommendation ---
⚠️ CONCERN: Sell class recall is only 0.157. The model is missing over 84% of available 'Sell' signals. **Priority: Improve Sell Recall and overall F1.**
================================================================================
    Trading - Sell:
        min: 0.000 max: 0.998, mean: 0.114
        signals > 0.750: 754 (1.1%)
        counts: [53154, 3416, 1750, 1381, 1918, 3703, 2547, 848, 284, 184, 0]
        percentages: [0.77, 0.05, 0.03, 0.02, 0.03, 0.05, 0.04, 0.01, 0.0, 0.0, 0.0]
        cumulative: [0.77, 0.82, 0.84, 0.86, 0.89, 0.94, 0.98, 0.99, 1.0, 1.0, 1.0]
    Trading - Hold:
        min: 0.001 max: 0.992, mean: 0.750
        signals > 0.750: 43763 (63.3%)
        counts: [883, 853, 2570, 5818, 6489, 3947, 3111, 3734, 7381, 34399, 0]
        percentages: [0.01, 0.01, 0.04, 0.08, 0.09, 0.06, 0.04, 0.05, 0.11, 0.5, 0.0]
        cumulative: [0.01, 0.03, 0.06, 0.15, 0.24, 0.3, 0.34, 0.4, 0.5, 1.0, 1.0]
    Trading - Buy:
        min: 0.000 max: 0.999, mean: 0.136
        signals > 0.750: 1790 (2.6%)
        counts: [50708, 4107, 2062, 1581, 1899, 2678, 3242, 1686, 571, 651, 0]
        percentages: [0.73, 0.06, 0.03, 0.02, 0.03, 0.04, 0.05, 0.02, 0.01, 0.01, 0.0]
        cumulative: [0.73, 0.79, 0.82, 0.84, 0.87, 0.91, 0.96, 0.98, 0.99, 1.0, 1.0]

AVAX/USDT
    Comparing actual vs predicted signals

================================================================================
CLASSIFICATION PERFORMANCE ASSESSMENT (Tri-State)
================================================================================
--- Detailed Classification Report ---
              precision    recall  f1-score   support

         0.0      0.534     0.078     0.137      5144
         1.0      0.865     0.981     0.919     58796
         2.0      0.546     0.186     0.278      5245

    accuracy                          0.853     69185
   macro avg      0.649     0.415     0.445     69185
weighted avg      0.816     0.853     0.812     69185


--- Confusion Matrix ---
Rows = True, Columns = Predicted
             Sell     Hold      Buy
    Sell      403     4723       18
    Hold      346    57656      794
     Buy        5     4262      978

--- Qualitative Assessment of Key Metrics ---
Metric                    Score   Assessment                               Trading Context
-------------------------   -------   ----------------------------------------   ------------------------------
Precision (Sell)          0.534   Okay. Acceptable, but needs improvement. Avoid false sell signals (support: 5144.0)
Recall (Sell)             0.078   Very Bad. Performance is extremely low.  Find all sell opportunities (support: 5144.0)
F1-Score (Sell)           0.137   Very Bad. Performance is extremely low.  Balanced performance on Sell signal (support: 5144.0)
Precision (Hold)          0.865   Excellent. Very strong performance.      Correctly identify neutral periods (support: 58796.0)
Recall (Hold)             0.981   Excellent. Very strong performance.      Find all neutral periods (support: 58796.0)
F1-Score (Hold)           0.919   Excellent. Very strong performance.      Balanced performance on Hold signal (support: 58796.0)
Precision (Buy)           0.546   Okay. Acceptable, but needs improvement. Avoid false buy signals (support: 5245.0)
Recall (Buy)              0.186   Very Bad. Performance is extremely low.  Find all buy opportunities (support: 5245.0)
F1-Score (Buy)            0.278   Poor. Significant room for improvement.  Balanced performance on Buy signal (support: 5245.0)

--- Overall Performance Metrics ---

--- Qualitative Assessment of Key Metrics ---
Metric                    Score   Assessment                               Trading Context
-------------------------   -------   ----------------------------------------   ------------------------------
Macro Avg Precision       0.649   Good. Reliable performance.              Average precision across all classes
Macro Avg Recall          0.415   Okay. Acceptable, but needs improvement. Average recall across all classes
Macro Avg F1-Score        0.445   Okay. Acceptable, but needs improvement. Average F1-score across all classes
Weighted Avg Precision    0.816   Excellent. Very strong performance.      Support-weighted average precision
Weighted Avg Recall       0.853   Excellent. Very strong performance.      Support-weighted average recall
Weighted Avg F1-Score     0.812   Excellent. Very strong performance.      Support-weighted average F1-score
MCC                       0.232   Okay. Weak but meaningful correlation.   Correlation between prediction and reality
Cohen's Kappa             0.179   Slight. Agreement is barely above chance. Agreement better than random chance

--- Summary and Recommendation ---
⚠️ CONCERN: Sell class recall is only 0.078. The model is missing over 92% of available 'Sell' signals. **Priority: Improve Sell Recall and overall F1.**
================================================================================
    Trading - Sell:
        min: 0.000 max: 0.997, mean: 0.095
        signals > 0.750: 939 (1.4%)
        counts: [56602, 2984, 1409, 972, 1201, 2286, 2167, 911, 293, 360, 0]
        percentages: [0.82, 0.04, 0.02, 0.01, 0.02, 0.03, 0.03, 0.01, 0.0, 0.01, 0.0]
        cumulative: [0.82, 0.86, 0.88, 0.9, 0.91, 0.95, 0.98, 0.99, 0.99, 1.0, 1.0]
    Trading - Hold:
        min: 0.001 max: 0.987, mean: 0.788
        signals > 0.750: 49460 (71.5%)
        counts: [1349, 787, 2377, 4829, 4232, 2538, 2283, 2939, 6414, 41437, 0]
        percentages: [0.02, 0.01, 0.03, 0.07, 0.06, 0.04, 0.03, 0.04, 0.09, 0.6, 0.0]
        cumulative: [0.02, 0.03, 0.07, 0.14, 0.2, 0.23, 0.27, 0.31, 0.4, 1.0, 1.0]
    Trading - Buy:
        min: 0.000 max: 0.999, mean: 0.116
        signals > 0.750: 1899 (2.7%)
        counts: [54200, 3508, 1679, 1173, 1289, 1868, 2619, 1462, 491, 896, 0]
        percentages: [0.78, 0.05, 0.02, 0.02, 0.02, 0.03, 0.04, 0.02, 0.01, 0.01, 0.0]
        cumulative: [0.78, 0.83, 0.86, 0.88, 0.89, 0.92, 0.96, 0.98, 0.99, 1.0, 1.0]

LTC/USDT
    Comparing actual vs predicted signals

================================================================================
CLASSIFICATION PERFORMANCE ASSESSMENT (Tri-State)
================================================================================
--- Detailed Classification Report ---
              precision    recall  f1-score   support

         0.0      0.537     0.119     0.195      4221
         1.0      0.895     0.979     0.935     60673
         2.0      0.522     0.231     0.321      4291

    accuracy                          0.880     69185
   macro avg      0.651     0.443     0.484     69185
weighted avg      0.850     0.880     0.852     69185


--- Confusion Matrix ---
Rows = True, Columns = Predicted
             Sell     Hold      Buy
    Sell      504     3669       48
    Hold      428    59386      859
     Buy        7     3292      992

--- Qualitative Assessment of Key Metrics ---
Metric                    Score   Assessment                               Trading Context
-------------------------   -------   ----------------------------------------   ------------------------------
Precision (Sell)          0.537   Okay. Acceptable, but needs improvement. Avoid false sell signals (support: 4221.0)
Recall (Sell)             0.119   Very Bad. Performance is extremely low.  Find all sell opportunities (support: 4221.0)
F1-Score (Sell)           0.195   Very Bad. Performance is extremely low.  Balanced performance on Sell signal (support: 4221.0)
Precision (Hold)          0.895   Excellent. Very strong performance.      Correctly identify neutral periods (support: 60673.0)
Recall (Hold)             0.979   Excellent. Very strong performance.      Find all neutral periods (support: 60673.0)
F1-Score (Hold)           0.935   Excellent. Very strong performance.      Balanced performance on Hold signal (support: 60673.0)
Precision (Buy)           0.522   Okay. Acceptable, but needs improvement. Avoid false buy signals (support: 4291.0)
Recall (Buy)              0.231   Poor. Significant room for improvement.  Find all buy opportunities (support: 4291.0)
F1-Score (Buy)            0.321   Poor. Significant room for improvement.  Balanced performance on Buy signal (support: 4291.0)

--- Overall Performance Metrics ---

--- Qualitative Assessment of Key Metrics ---
Metric                    Score   Assessment                               Trading Context
-------------------------   -------   ----------------------------------------   ------------------------------
Macro Avg Precision       0.651   Good. Reliable performance.              Average precision across all classes
Macro Avg Recall          0.443   Okay. Acceptable, but needs improvement. Average recall across all classes
Macro Avg F1-Score        0.484   Okay. Acceptable, but needs improvement. Average F1-score across all classes
Weighted Avg Precision    0.850   Excellent. Very strong performance.      Support-weighted average precision
Weighted Avg Recall       0.880   Excellent. Very strong performance.      Support-weighted average recall
Weighted Avg F1-Score     0.852   Excellent. Very strong performance.      Support-weighted average F1-score
MCC                       0.274   Okay. Weak but meaningful correlation.   Correlation between prediction and reality
Cohen's Kappa             0.233   Fair. Weak agreement.                    Agreement better than random chance

--- Summary and Recommendation ---
⚠️ CONCERN: Sell class recall is only 0.119. The model is missing over 88% of available 'Sell' signals. **Priority: Improve Sell Recall and overall F1.**
================================================================================
    Trading - Sell:
        min: 0.000 max: 0.998, mean: 0.118
        signals > 0.750: 1158 (1.7%)
        counts: [52650, 3553, 1746, 1465, 2666, 3471, 1919, 904, 384, 427, 0]
        percentages: [0.76, 0.05, 0.03, 0.02, 0.04, 0.05, 0.03, 0.01, 0.01, 0.01, 0.0]
        cumulative: [0.76, 0.81, 0.84, 0.86, 0.9, 0.95, 0.98, 0.99, 0.99, 1.0, 1.0]
    Trading - Hold:
        min: 0.001 max: 0.986, mean: 0.748
        signals > 0.750: 42882 (62.0%)
        counts: [1378, 887, 1961, 4290, 7168, 5275, 3560, 3657, 7068, 33941, 0]
        percentages: [0.02, 0.01, 0.03, 0.06, 0.1, 0.08, 0.05, 0.05, 0.1, 0.49, 0.0]
        cumulative: [0.02, 0.03, 0.06, 0.12, 0.23, 0.3, 0.35, 0.41, 0.51, 1.0, 1.0]
    Trading - Buy:
        min: 0.000 max: 0.999, mean: 0.134
        signals > 0.750: 1757 (2.5%)
        counts: [50470, 4169, 2120, 1832, 2373, 3539, 2285, 1038, 523, 836, 0]
        percentages: [0.73, 0.06, 0.03, 0.03, 0.03, 0.05, 0.03, 0.02, 0.01, 0.01, 0.0]
        cumulative: [0.73, 0.79, 0.82, 0.85, 0.88, 0.93, 0.97, 0.98, 0.99, 1.0, 1.0]

BCH/USDT
    Comparing actual vs predicted signals

================================================================================
CLASSIFICATION PERFORMANCE ASSESSMENT (Tri-State)
================================================================================
--- Detailed Classification Report ---
              precision    recall  f1-score   support

         0.0      0.508     0.112     0.184      5241
         1.0      0.871     0.975     0.920     59199
         2.0      0.448     0.166     0.242      4745

    accuracy                          0.855     69185
   macro avg      0.609     0.418     0.449     69185
weighted avg      0.815     0.855     0.818     69185


--- Confusion Matrix ---
Rows = True, Columns = Predicted
             Sell     Hold      Buy
    Sell      588     4581       72
    Hold      556    57746      897
     Buy       14     3943      788

--- Qualitative Assessment of Key Metrics ---
Metric                    Score   Assessment                               Trading Context
-------------------------   -------   ----------------------------------------   ------------------------------
Precision (Sell)          0.508   Okay. Acceptable, but needs improvement. Avoid false sell signals (support: 5241.0)
Recall (Sell)             0.112   Very Bad. Performance is extremely low.  Find all sell opportunities (support: 5241.0)
F1-Score (Sell)           0.184   Very Bad. Performance is extremely low.  Balanced performance on Sell signal (support: 5241.0)
Precision (Hold)          0.871   Excellent. Very strong performance.      Correctly identify neutral periods (support: 59199.0)
Recall (Hold)             0.975   Excellent. Very strong performance.      Find all neutral periods (support: 59199.0)
F1-Score (Hold)           0.920   Excellent. Very strong performance.      Balanced performance on Hold signal (support: 59199.0)
Precision (Buy)           0.448   Okay. Acceptable, but needs improvement. Avoid false buy signals (support: 4745.0)
Recall (Buy)              0.166   Very Bad. Performance is extremely low.  Find all buy opportunities (support: 4745.0)
F1-Score (Buy)            0.242   Poor. Significant room for improvement.  Balanced performance on Buy signal (support: 4745.0)

--- Overall Performance Metrics ---

--- Qualitative Assessment of Key Metrics ---
Metric                    Score   Assessment                               Trading Context
-------------------------   -------   ----------------------------------------   ------------------------------
Macro Avg Precision       0.609   Good. Reliable performance.              Average precision across all classes
Macro Avg Recall          0.418   Okay. Acceptable, but needs improvement. Average recall across all classes
Macro Avg F1-Score        0.449   Okay. Acceptable, but needs improvement. Average F1-score across all classes
Weighted Avg Precision    0.815   Excellent. Very strong performance.      Support-weighted average precision
Weighted Avg Recall       0.855   Excellent. Very strong performance.      Support-weighted average recall
Weighted Avg F1-Score     0.818   Excellent. Very strong performance.      Support-weighted average F1-score
MCC                       0.220   Okay. Weak but meaningful correlation.   Correlation between prediction and reality
Cohen's Kappa             0.180   Slight. Agreement is barely above chance. Agreement better than random chance

--- Summary and Recommendation ---
⚠️ CONCERN: Sell class recall is only 0.112. The model is missing over 88% of available 'Sell' signals. **Priority: Improve Sell Recall and overall F1.**
================================================================================
    Trading - Sell:
        min: 0.000 max: 0.997, mean: 0.116
        signals > 0.750: 985 (1.4%)
        counts: [52540, 3734, 1840, 1505, 2584, 3240, 2142, 926, 347, 327, 0]
        percentages: [0.76, 0.05, 0.03, 0.02, 0.04, 0.05, 0.03, 0.01, 0.01, 0.0, 0.0]
        cumulative: [0.76, 0.81, 0.84, 0.86, 0.9, 0.95, 0.98, 0.99, 1.0, 1.0, 1.0]
    Trading - Hold:
        min: 0.001 max: 0.986, mean: 0.745
        signals > 0.750: 42729 (61.8%)
        counts: [1044, 898, 2371, 4927, 6653, 5120, 3675, 3909, 7920, 32668, 0]
        percentages: [0.02, 0.01, 0.03, 0.07, 0.1, 0.07, 0.05, 0.06, 0.11, 0.47, 0.0]
        cumulative: [0.02, 0.03, 0.06, 0.13, 0.23, 0.3, 0.36, 0.41, 0.53, 1.0, 1.0]
    Trading - Buy:
        min: 0.000 max: 0.999, mean: 0.139
        signals > 0.750: 1718 (2.5%)
        counts: [49680, 4354, 2236, 1915, 2365, 3290, 2717, 1420, 547, 661, 0]
        percentages: [0.72, 0.06, 0.03, 0.03, 0.03, 0.05, 0.04, 0.02, 0.01, 0.01, 0.0]
        cumulative: [0.72, 0.78, 0.81, 0.84, 0.88, 0.92, 0.96, 0.98, 0.99, 1.0, 1.0]

DOT/USDT
    Comparing actual vs predicted signals

================================================================================
CLASSIFICATION PERFORMANCE ASSESSMENT (Tri-State)
================================================================================
--- Detailed Classification Report ---
              precision    recall  f1-score   support

         0.0      0.521     0.101     0.169      5071
         1.0      0.866     0.978     0.918     58845
         2.0      0.492     0.160     0.242      5269

    accuracy                          0.851     69185
   macro avg      0.626     0.413     0.443     69185
weighted avg      0.812     0.851     0.812     69185


--- Confusion Matrix ---
Rows = True, Columns = Predicted
             Sell     Hold      Buy
    Sell      513     4521       37
    Hold      464    57545      836
     Buy        8     4416      845

--- Qualitative Assessment of Key Metrics ---
Metric                    Score   Assessment                               Trading Context
-------------------------   -------   ----------------------------------------   ------------------------------
Precision (Sell)          0.521   Okay. Acceptable, but needs improvement. Avoid false sell signals (support: 5071.0)
Recall (Sell)             0.101   Very Bad. Performance is extremely low.  Find all sell opportunities (support: 5071.0)
F1-Score (Sell)           0.169   Very Bad. Performance is extremely low.  Balanced performance on Sell signal (support: 5071.0)
Precision (Hold)          0.866   Excellent. Very strong performance.      Correctly identify neutral periods (support: 58845.0)
Recall (Hold)             0.978   Excellent. Very strong performance.      Find all neutral periods (support: 58845.0)
F1-Score (Hold)           0.918   Excellent. Very strong performance.      Balanced performance on Hold signal (support: 58845.0)
Precision (Buy)           0.492   Okay. Acceptable, but needs improvement. Avoid false buy signals (support: 5269.0)
Recall (Buy)              0.160   Very Bad. Performance is extremely low.  Find all buy opportunities (support: 5269.0)
F1-Score (Buy)            0.242   Poor. Significant room for improvement.  Balanced performance on Buy signal (support: 5269.0)

--- Overall Performance Metrics ---

--- Qualitative Assessment of Key Metrics ---
Metric                    Score   Assessment                               Trading Context
-------------------------   -------   ----------------------------------------   ------------------------------
Macro Avg Precision       0.626   Good. Reliable performance.              Average precision across all classes
Macro Avg Recall          0.413   Okay. Acceptable, but needs improvement. Average recall across all classes
Macro Avg F1-Score        0.443   Okay. Acceptable, but needs improvement. Average F1-score across all classes
Weighted Avg Precision    0.812   Excellent. Very strong performance.      Support-weighted average precision
Weighted Avg Recall       0.851   Excellent. Very strong performance.      Support-weighted average recall
Weighted Avg F1-Score     0.812   Excellent. Very strong performance.      Support-weighted average F1-score
MCC                       0.220   Okay. Weak but meaningful correlation.   Correlation between prediction and reality
Cohen's Kappa             0.173   Slight. Agreement is barely above chance. Agreement better than random chance2026-05-30 08:12:21,991 - freqtrade.misc - INFO - dumping json to "/Users/philprice95/Documents/freqtrade/user_data/backtest_results/backtest-result-2026-05-30_08-12-21.meta.json"


--- Summary and Recommendation ---
⚠️ CONCERN: Sell class recall is only 0.101. The model is missing over 89% of available 'Sell' signals. **Priority: Improve Sell Recall and overall F1.**
================================================================================
Result for strategy NNNC_DDPM_MLX
                                              BACKTESTING REPORT                                              
┏━━━━━━━━━━━┳━━━━━━━━┳━━━━━━━━━━━━━━┳━━━━━━━━━━━━━━━━━┳━━━━━━━━━━━━━━┳━━━━━━━━━━━━━━┳━━━━━━━━━━━━━━━━━━━━━━━━┓
┃      Pair ┃ Trades ┃ Avg Profit % ┃ Tot Profit USDT ┃ Tot Profit % ┃ Avg Duration ┃  Win  Draw  Loss  Win% ┃
┡━━━━━━━━━━━╇━━━━━━━━╇━━━━━━━━━━━━━━╇━━━━━━━━━━━━━━━━━╇━━━━━━━━━━━━━━╇━━━━━━━━━━━━━━╇━━━━━━━━━━━━━━━━━━━━━━━━┩
│  XRP/USDT │    122 │         0.69 │         757.272 │         7.57 │      3:34:00 │   78     0    44  63.9 │
│  SUI/USDT │     94 │         0.57 │         483.689 │         4.84 │      3:09:00 │   52     0    42  55.3 │
│  SOL/USDT │     97 │         0.38 │         333.593 │         3.34 │      5:21:00 │   57     0    40  58.8 │
│  ZEC/USDT │     75 │         0.45 │         305.758 │         3.06 │      2:38:00 │   42     0    33  56.0 │
│  DOT/USDT │     24 │         0.48 │         103.234 │         1.03 │      1:54:00 │   14     0    10  58.3 │
│  BCH/USDT │      4 │        -0.89 │         -32.167 │        -0.32 │      3:26:00 │    1     0     3  25.0 │
│  LTC/USDT │     41 │        -0.15 │         -55.402 │        -0.55 │      2:39:00 │   21     0    20  51.2 │
│ NEAR/USDT │     14 │        -0.75 │         -95.055 │        -0.95 │      1:49:00 │    8     0     6  57.1 │
│ AAVE/USDT │     10 │        -1.25 │        -112.352 │        -1.12 │      1:12:00 │    5     0     5  50.0 │
│ LINK/USDT │     52 │        -0.44 │        -208.290 │        -2.08 │      3:02:00 │   18     0    34  34.6 │
│ AVAX/USDT │     38 │        -0.66 │        -227.513 │        -2.28 │      2:15:00 │   16     0    22  42.1 │
│     TOTAL │    571 │         0.24 │        1252.765 │        12.53 │      3:19:00 │  312     0   259  54.6 │
└───────────┴────────┴──────────────┴─────────────────┴──────────────┴──────────────┴────────────────────────┘
                                         LEFT OPEN TRADES REPORT                                          
┏━━━━━━━┳━━━━━━━━┳━━━━━━━━━━━━━━┳━━━━━━━━━━━━━━━━━┳━━━━━━━━━━━━━━┳━━━━━━━━━━━━━━┳━━━━━━━━━━━━━━━━━━━━━━━━┓
┃  Pair ┃ Trades ┃ Avg Profit % ┃ Tot Profit USDT ┃ Tot Profit % ┃ Avg Duration ┃  Win  Draw  Loss  Win% ┃
┡━━━━━━━╇━━━━━━━━╇━━━━━━━━━━━━━━╇━━━━━━━━━━━━━━━━━╇━━━━━━━━━━━━━━╇━━━━━━━━━━━━━━╇━━━━━━━━━━━━━━━━━━━━━━━━┩
│ TOTAL │      0 │          0.0 │           0.000 │          0.0 │         0:00 │    0     0     0     0 │
└───────┴────────┴──────────────┴─────────────────┴──────────────┴──────────────┴────────────────────────┘
                                                 ENTER TAG STATS                                                  
┏━━━━━━━━━━━━━━┳━━━━━━━━━┳━━━━━━━━━━━━━━┳━━━━━━━━━━━━━━━━━┳━━━━━━━━━━━━━━┳━━━━━━━━━━━━━━┳━━━━━━━━━━━━━━━━━━━━━━━━┓
┃    Enter Tag ┃ Entries ┃ Avg Profit % ┃ Tot Profit USDT ┃ Tot Profit % ┃ Avg Duration ┃  Win  Draw  Loss  Win% ┃
┡━━━━━━━━━━━━━━╇━━━━━━━━━╇━━━━━━━━━━━━━━╇━━━━━━━━━━━━━━━━━╇━━━━━━━━━━━━━━╇━━━━━━━━━━━━━━╇━━━━━━━━━━━━━━━━━━━━━━━━┩
│  model_entry │     571 │         0.24 │        1252.765 │        12.53 │      3:19:00 │  312     0   259  54.6 │
│        TOTAL │     571 │         0.24 │        1252.765 │        12.53 │      3:19:00 │  312     0   259  54.6 │
└──────────────┴─────────┴──────────────┴─────────────────┴──────────────┴──────────────┴────────────────────────┘
                                               EXIT REASON STATS                                               
┏━━━━━━━━━━━━━┳━━━━━━━┳━━━━━━━━━━━━━━┳━━━━━━━━━━━━━━━━━┳━━━━━━━━━━━━━━┳━━━━━━━━━━━━━━┳━━━━━━━━━━━━━━━━━━━━━━━━┓
┃ Exit Reason ┃ Exits ┃ Avg Profit % ┃ Tot Profit USDT ┃ Tot Profit % ┃ Avg Duration ┃  Win  Draw  Loss  Win% ┃
┡━━━━━━━━━━━━━╇━━━━━━━╇━━━━━━━━━━━━━━╇━━━━━━━━━━━━━━━━━╇━━━━━━━━━━━━━━╇━━━━━━━━━━━━━━╇━━━━━━━━━━━━━━━━━━━━━━━━┩
│ take_profit │   231 │          3.1 │        6448.746 │        64.49 │      2:43:00 │  231     0     0   100 │
│         roi │    64 │          3.0 │        1729.744 │         17.3 │      2:52:00 │   64     0     0   100 │
│  unclog_12h │    16 │         0.81 │         116.369 │         1.16 │     14:08:00 │   16     0     0   100 │
│  model_exit │     1 │         1.24 │          11.129 │         0.11 │     11:30:00 │    1     0     0   100 │
│   stop_loss │   259 │        -3.02 │       -7053.224 │       -70.53 │      3:17:00 │    0     0   259     0 │
│       TOTAL │   571 │         0.24 │        1252.765 │        12.53 │      3:19:00 │  312     0   259  54.6 │
└─────────────┴───────┴──────────────┴─────────────────┴──────────────┴──────────────┴────────────────────────┘
                                                        MIXED TAG STATS                                                        
┏━━━━━━━━━━━━━━┳━━━━━━━━━━━━━┳━━━━━━━━┳━━━━━━━━━━━━━━┳━━━━━━━━━━━━━━━━━┳━━━━━━━━━━━━━━┳━━━━━━━━━━━━━━┳━━━━━━━━━━━━━━━━━━━━━━━━┓
┃    Enter Tag ┃ Exit Reason ┃ Trades ┃ Avg Profit % ┃ Tot Profit USDT ┃ Tot Profit % ┃ Avg Duration ┃  Win  Draw  Loss  Win% ┃
┡━━━━━━━━━━━━━━╇━━━━━━━━━━━━━╇━━━━━━━━╇━━━━━━━━━━━━━━╇━━━━━━━━━━━━━━━━━╇━━━━━━━━━━━━━━╇━━━━━━━━━━━━━━╇━━━━━━━━━━━━━━━━━━━━━━━━┩
│  model_entry │ take_profit │    231 │          3.1 │        6448.746 │        64.49 │      2:43:00 │  231     0     0   100 │
│  model_entry │         roi │     64 │          3.0 │        1729.744 │         17.3 │      2:52:00 │   64     0     0   100 │
│  model_entry │  unclog_12h │     16 │         0.81 │         116.369 │         1.16 │     14:08:00 │   16     0     0   100 │
│  model_entry │  model_exit │      1 │         1.24 │          11.129 │         0.11 │     11:30:00 │    1     0     0   100 │
│  model_entry │   stop_loss │    259 │        -3.02 │       -7053.224 │       -70.53 │      3:17:00 │    0     0   259     0 │
│        TOTAL │             │    571 │         0.24 │        1252.765 │        12.53 │      3:19:00 │  312     0   259  54.6 │
└──────────────┴─────────────┴────────┴──────────────┴─────────────────┴──────────────┴──────────────┴────────────────────────┘
                                 MONTH BREAKDOWN                                  
┏━━━━━━━━━━━━┳━━━━━━━━┳━━━━━━━━━━━━━━━━━┳━━━━━━━━━━━━━━━┳━━━━━━━━━━━━━━━━━━━━━━━━┓
┃      Month ┃ Trades ┃ Tot Profit USDT ┃ Profit Factor ┃  Win  Draw  Loss  Win% ┃
┡━━━━━━━━━━━━╇━━━━━━━━╇━━━━━━━━━━━━━━━━━╇━━━━━━━━━━━━━━━╇━━━━━━━━━━━━━━━━━━━━━━━━┩
│ 30/06/2024 │      6 │          41.429 │          2.01 │    4     0     2  66.7 │
│ 31/07/2024 │      7 │         -22.905 │          0.75 │    3     0     4  42.9 │
│ 31/08/2024 │     24 │         145.555 │           1.4 │   13     0    11  54.2 │
│ 30/09/2024 │      5 │          20.787 │          1.51 │    3     0     2  60.0 │
│ 31/10/2024 │     13 │         142.283 │          2.68 │   10     0     3  76.9 │
│ 30/11/2024 │     68 │         511.443 │          1.93 │   44     0    24  64.7 │
│ 31/12/2024 │    122 │         -36.124 │          0.98 │   62     0    60  50.8 │
│ 31/01/2025 │     38 │         437.543 │          3.16 │   29     0     9  76.3 │
│ 28/02/2025 │     57 │        -246.645 │          0.74 │   27     0    30  47.4 │
│ 31/03/2025 │     36 │         -29.319 │          0.94 │   17     0    19  47.2 │
│ 30/04/2025 │     16 │         -63.199 │          0.71 │    7     0     9  43.8 │
│ 31/05/2025 │     11 │          80.133 │           2.2 │    8     0     3  72.7 │
│ 30/06/2025 │      0 │               0 │           0.0 │    0     0     0     0 │
│ 31/07/2025 │     18 │          69.685 │          1.42 │   11     0     7  61.1 │
│ 31/08/2025 │     12 │         -90.813 │          0.46 │    4     0     8  33.3 │
│ 30/09/2025 │      0 │               0 │           0.0 │    0     0     0     0 │
│ 31/10/2025 │     39 │          56.218 │          1.09 │   18     0    21  46.2 │
│ 30/11/2025 │     54 │         287.098 │          1.35 │   29     0    25  53.7 │
│ 31/12/2025 │     10 │           7.512 │          1.07 │    5     0     5  50.0 │
│ 31/01/2026 │      5 │         -30.372 │          0.68 │    3     0     2  60.0 │
│ 28/02/2026 │     19 │         -15.573 │          0.94 │    9     0    10  47.4 │
│ 31/03/2026 │      0 │               0 │           0.0 │    0     0     0     0 │
│ 30/04/2026 │      2 │          -0.595 │          0.97 │    1     0     1  50.0 │
│ 31/05/2026 │      9 │         -11.375 │          0.89 │    5     0     4  55.6 │
└────────────┴────────┴─────────────────┴───────────────┴────────────────────────┘
                                   SUMMARY METRICS                                    
┏━━━━━━━━━━━━━━━━━━━━━━━━━━━━━━━━━━━━━━━━┳━━━━━━━━━━━━━━━━━━━━━━━━━━━━━━━━━━━━━━━━━━━┓
┃ Metric                                 ┃ Value                                     ┃
┡━━━━━━━━━━━━━━━━━━━━━━━━━━━━━━━━━━━━━━━━╇━━━━━━━━━━━━━━━━━━━━━━━━━━━━━━━━━━━━━━━━━━━┩
│ Backtesting from                       │ 2024-06-09 00:00:00                       │
│ Backtesting to                         │ 2026-05-30 00:00:00                       │
│ Trading Mode                           │ Spot                                      │
│ Max open trades                        │ 10                                        │
│                                        │                                           │
│ Total/Daily Avg Trades                 │ 571 / 0.79                                │
│ Starting balance                       │ 10000 USDT                                │
│ Final balance                          │ 11252.765 USDT                            │
│ Absolute profit                        │ 1252.765 USDT                             │
│ Total profit %                         │ 12.53%                                    │
│ CAGR %                                 │ 6.17%                                     │
│ Sharpe (closed trades)                 │ 1.08                                      │
│ Sortino (closed trades)                │ 2.12                                      │
│ Calmar (closed trades)                 │ 7.65                                      │
│ SQN                                    │ 1.70                                      │
│ Profit factor                          │ 1.18                                      │
│ Expectancy (Ratio)                     │ 2.19 (0.08)                               │
│ Avg. daily profit                      │ 1.74 USDT                                 │
│ Avg. stake amount                      │ 899.871 USDT                              │
│ Market change                          │ 180.30%                                   │
│ Total trade volume                     │ 1030964.918 USDT                          │
│                                        │                                           │
│ Best Pair                              │ XRP/USDT 7.57%                            │
│ Worst Pair                             │ AVAX/USDT -2.28%                          │
│ Best trade                             │ XRP/USDT 15.25%                           │
│ Worst trade                            │ LTC/USDT -17.45%                          │
│ Best day                               │ 195.435 USDT                              │
│ Worst day                              │ -277.873 USDT                             │
│ Days win/draw/lose                     │ 116 / 527 / 71                            │
│ Min/Max/Avg. Duration Winners          │ 0d 01:00 / 0d 23:15 / 0d 03:21            │
│ Min/Max/Avg. Duration Losers           │ 0d 01:00 / 0d 19:00 / 0d 03:17            │
│ Max Consecutive Wins / Loss            │ 20 / 10                                   │
│ Rejected Entry signals                 │ 0                                         │
│ Entry/Exit Timeouts                    │ 0 / 0                                     │
│                                        │                                           │
│ Min/Max balance (closed trades)        │ 9657.507 USDT / 11331.619 USDT            │
│ Max % of account underwater            │ 4.35%                                     │
│ Absolute drawdown                      │ 491.248 USDT (4.35%)                      │
│ Drawdown duration                      │ 249 days 22:30:00                         │
│ Profit at drawdown start               │ 1297.953 USDT                             │
│ Profit at drawdown end                 │ 806.705 USDT                              │
│ Drawdown start                         │ 2025-02-02 23:45:00                       │
│ Drawdown end                           │ 2025-10-10 22:15:00                       │
│                                        │                                           │
│ Wallet based Metrics                   │                                           │
│ Min/Max balance (wallet balance)       │ 9627.499 USDT / 11403.552 USDT            │
│ Min/Max balance dates (wallet balance) │ 2024-08-05 06:45:00 / 2025-02-03 01:00:00 │
│ Max % of account underwater (balance)  │ 5.54%                                     │
│ Absolute drawdown (wallet balance)     │ 632.162 USDT (5.54%)                      │
│ Drawdown duration                      │ 249 days 20:30:00                         │
│ Profit at drawdown start               │ 1403.552 USDT                             │
│ Profit at drawdown end                 │ 771.39 USDT                               │
│ Drawdown start                         │ 2025-02-03 01:00:00                       │
│ Drawdown end                           │ 2025-10-10 21:30:00                       │
│ Sharpe (daily wallet balance)          │ 1.31                                      │
│ Sortino (daily wallet balance)         │ 0.88                                      │
│ Calmar (daily wallet balance)          │ 6.00                                      │
└────────────────────────────────────────┴───────────────────────────────────────────┘

Backtested 2024-06-09 00:00:00 -> 2026-05-30 00:00:00 | Max open trades : 10
                                                            STRATEGY SUMMARY                                                            
┏━━━━━━━━━━━━━━━┳━━━━━━━━┳━━━━━━━━━━━━━━┳━━━━━━━━━━━━━━━━━┳━━━━━━━━━━━━━━┳━━━━━━━━━━━━━━┳━━━━━━━━━━━━━━━━━━━━━━━━┳━━━━━━━━━━━━━━━━━━━━━┓
┃      Strategy ┃ Trades ┃ Avg Profit % ┃ Tot Profit USDT ┃ Tot Profit % ┃ Avg Duration ┃  Win  Draw  Loss  Win% ┃            Drawdown ┃
┡━━━━━━━━━━━━━━━╇━━━━━━━━╇━━━━━━━━━━━━━━╇━━━━━━━━━━━━━━━━━╇━━━━━━━━━━━━━━╇━━━━━━━━━━━━━━╇━━━━━━━━━━━━━━━━━━━━━━━━╇━━━━━━━━━━━━━━━━━━━━━┩
│ NNNC_DDPM_MLX │    571 │         0.24 │        1252.765 │        12.53 │      3:19:00 │  312     0   259  54.6 │ 491.248 USDT  4.35% │
└───────────────┴────────┴──────────────┴─────────────────┴──────────────┴──────────────┴────────────────────────┴─────────────────────┘

