2026-05-29 07:38:31,533 - freqtrade - INFO - freqtrade 2026.4-dev-63819fa7e
2026-05-29 07:38:31,881 - numexpr.utils - INFO - NumExpr defaulting to 14 threads.

Using config file: user_data/strategies/config/config.json and Strategy dir: user_data/strategies/NNNC

Fri May 29 07:38:32 PDT 2026
Testing strategy:NNNC_CGP_MLX for exchange:...
freqtrade backtesting --cache none  --breakdown month --timerange=20240608-20260529 -c user_data/strategies/config/config.json --strategy-path user_data/strategies/NNNC --strategy-list NNNC_CGP_MLX
2026-05-29 07:38:32,778 - freqtrade - INFO - freqtrade 2026.4-dev-63819fa7e
2026-05-29 07:38:32,940 - numexpr.utils - INFO - NumExpr defaulting to 14 threads.
2026-05-29 07:38:33,531 - freqtrade.configuration.load_config - INFO - Using config: user_data/strategies/config/config.json ...
2026-05-29 07:38:33,532 - freqtrade.loggers - INFO - Enabling colorized output.
2026-05-29 07:38:33,532 - freqtrade.loggers - INFO - Logfile configured
2026-05-29 07:38:33,532 - freqtrade.loggers - INFO - Verbosity set to 0
2026-05-29 07:38:33,532 - freqtrade.configuration.configuration - INFO - Using additional Strategy lookup path: user_data/strategies/NNNC
2026-05-29 07:38:33,532 - freqtrade.configuration.configuration - INFO - Using max_open_trades: 10 ...
2026-05-29 07:38:33,533 - freqtrade.configuration.configuration - INFO - Parameter --timerange detected: 20240608-20260529 ...
2026-05-29 07:38:33,533 - freqtrade.configuration.configuration - INFO - Using user-data directory: /Users/philprice95/projects/freqtrade/user_data ...
2026-05-29 07:38:33,533 - freqtrade.configuration.configuration - INFO - Using data directory: /Users/philprice95/projects/freqtrade/user_data/data/binanceus ...
2026-05-29 07:38:33,533 - freqtrade.configuration.configuration - INFO - Using strategy list of 1 strategies
2026-05-29 07:38:33,533 - freqtrade.configuration.configuration - INFO - Parameter --breakdown detected ...
2026-05-29 07:38:33,533 - freqtrade.configuration.configuration - INFO - Parameter --cache=none detected ...
2026-05-29 07:38:33,533 - freqtrade.configuration.configuration - INFO - Filter trades by timerange: 20240608-20260529
2026-05-29 07:38:33,533 - freqtrade.exchange.check_exchange - INFO - Checking exchange...
2026-05-29 07:38:33,540 - freqtrade.exchange.check_exchange - INFO - Exchange "binanceus" is officially supported by the Freqtrade development team.
2026-05-29 07:38:33,540 - freqtrade.configuration.configuration - INFO - Using pairlist from configuration.
2026-05-29 07:38:33,540 - freqtrade.configuration.config_validation - INFO - Validating configuration ...
2026-05-29 07:38:33,541 - freqtrade.commands.optimize_commands - INFO - Starting freqtrade in Backtesting mode
2026-05-29 07:38:33,541 - freqtrade.exchange.exchange - INFO - Instance is running with dry_run enabled
2026-05-29 07:38:33,541 - freqtrade.exchange.exchange - INFO - Using CCXT 4.5.50
2026-05-29 07:38:33,550 - freqtrade.exchange.exchange - INFO - Using Exchange "Binance US"
2026-05-29 07:38:33,802 - freqtrade.resolvers.exchange_resolver - INFO - Using resolved exchange 'Binanceus'...
/Users/philprice95/projects/freqtrade/.venv/lib/python3.12/site-packages/_distutils_hack/__init__.py:15: UserWarning: Distutils was imported before Setuptools, but importing Setuptools also replaces the `distutils` module in `sys.modules`. This may lead to undesirable behaviors or errors. To avoid these issues, avoid using distutils directly, ensure that setuptools is installed in the traditional way (e.g. not an editable install), and/or make sure that setuptools is always imported before distutils.
  warnings.warn(
/Users/philprice95/projects/freqtrade/.venv/lib/python3.12/site-packages/_distutils_hack/__init__.py:30: UserWarning: Setuptools is replacing distutils. Support for replacing an already imported distutils is deprecated. In the future, this condition will fail. Register concerns at https://github.com/pypa/setuptools/issues/new?template=distutils-deprecation.yml
  warnings.warn(
2026-05-29 07:38:36,093 - freqtrade.resolvers.iresolver - INFO - Using resolved strategy NNNC_CGP_MLX from '/Users/philprice95/projects/freqtrade/user_data/strategies/NNNC/NNNC_CGP_MLX.py'...
2026-05-29 07:38:36,094 - freqtrade.strategy.hyper - INFO - Found no parameter file.
2026-05-29 07:38:36,094 - freqtrade.resolvers.strategy_resolver - INFO - Override strategy 'timeframe' with value from the configuration: 15m.
2026-05-29 07:38:36,094 - freqtrade.resolvers.strategy_resolver - INFO - Override strategy 'order_types' with value from the configuration: {'entry': 'limit', 'exit': 'market', 'emergency_exit': 
'market', 'force_exit': 'market', 'force_entry': 'market', 'stoploss': 'market', 'stoploss_on_exchange': False, 'stoploss_price_type': 'last', 'stoploss_on_exchange_interval': 60, 
'stoploss_on_exchange_limit_ratio': 0.99}.
2026-05-29 07:38:36,094 - freqtrade.resolvers.strategy_resolver - INFO - Override strategy 'stake_currency' with value from the configuration: USDT.
2026-05-29 07:38:36,095 - freqtrade.resolvers.strategy_resolver - INFO - Override strategy 'stake_amount' with value from the configuration: 900.
2026-05-29 07:38:36,095 - freqtrade.resolvers.strategy_resolver - INFO - Override strategy 'unfilledtimeout' with value from the configuration: {'entry': 10, 'exit': 10, 'exit_timeout_count': 0, 
'unit': 'minutes'}.
2026-05-29 07:38:36,095 - freqtrade.resolvers.strategy_resolver - INFO - Override strategy 'max_open_trades' with value from the configuration: 10.
2026-05-29 07:38:36,095 - freqtrade.resolvers.strategy_resolver - INFO - Strategy using minimal_roi: {'0': 0.03}
2026-05-29 07:38:36,095 - freqtrade.resolvers.strategy_resolver - INFO - Strategy using timeframe: 15m
2026-05-29 07:38:36,095 - freqtrade.resolvers.strategy_resolver - INFO - Strategy using stoploss: -0.05
2026-05-29 07:38:36,095 - freqtrade.resolvers.strategy_resolver - INFO - Strategy using trailing_stop: False
2026-05-29 07:38:36,095 - freqtrade.resolvers.strategy_resolver - INFO - Strategy using trailing_stop_positive: 0.01
2026-05-29 07:38:36,095 - freqtrade.resolvers.strategy_resolver - INFO - Strategy using trailing_stop_positive_offset: 0.03
2026-05-29 07:38:36,095 - freqtrade.resolvers.strategy_resolver - INFO - Strategy using trailing_only_offset_is_reached: True
2026-05-29 07:38:36,096 - freqtrade.resolvers.strategy_resolver - INFO - Strategy using use_custom_stoploss: True
2026-05-29 07:38:36,096 - freqtrade.resolvers.strategy_resolver - INFO - Strategy using process_only_new_candles: True
2026-05-29 07:38:36,096 - freqtrade.resolvers.strategy_resolver - INFO - Strategy using order_types: {'entry': 'limit', 'exit': 'market', 'emergency_exit': 'market', 'force_exit': 'market', 
'force_entry': 'market', 'stoploss': 'market', 'stoploss_on_exchange': False, 'stoploss_price_type': 'last', 'stoploss_on_exchange_interval': 60, 'stoploss_on_exchange_limit_ratio': 0.99}
2026-05-29 07:38:36,096 - freqtrade.resolvers.strategy_resolver - INFO - Strategy using order_time_in_force: {'entry': 'GTC', 'exit': 'GTC'}
2026-05-29 07:38:36,096 - freqtrade.resolvers.strategy_resolver - INFO - Strategy using stake_currency: USDT
2026-05-29 07:38:36,096 - freqtrade.resolvers.strategy_resolver - INFO - Strategy using stake_amount: 900
2026-05-29 07:38:36,096 - freqtrade.resolvers.strategy_resolver - INFO - Strategy using startup_candle_count: 64
2026-05-29 07:38:36,096 - freqtrade.resolvers.strategy_resolver - INFO - Strategy using unfilledtimeout: {'entry': 10, 'exit': 10, 'exit_timeout_count': 0, 'unit': 'minutes'}
2026-05-29 07:38:36,096 - freqtrade.resolvers.strategy_resolver - INFO - Strategy using use_exit_signal: True
2026-05-29 07:38:36,096 - freqtrade.resolvers.strategy_resolver - INFO - Strategy using exit_profit_only: True
2026-05-29 07:38:36,096 - freqtrade.resolvers.strategy_resolver - INFO - Strategy using ignore_roi_if_entry_signal: True
2026-05-29 07:38:36,097 - freqtrade.resolvers.strategy_resolver - INFO - Strategy using exit_profit_offset: 0.0
2026-05-29 07:38:36,097 - freqtrade.resolvers.strategy_resolver - INFO - Strategy using disable_dataframe_checks: False
2026-05-29 07:38:36,097 - freqtrade.resolvers.strategy_resolver - INFO - Strategy using ignore_buying_expired_candle_after: 0
2026-05-29 07:38:36,097 - freqtrade.resolvers.strategy_resolver - INFO - Strategy using position_adjustment_enable: False
2026-05-29 07:38:36,097 - freqtrade.resolvers.strategy_resolver - INFO - Strategy using max_entry_position_adjustment: -1
2026-05-29 07:38:36,097 - freqtrade.resolvers.strategy_resolver - INFO - Strategy using max_open_trades: 10
2026-05-29 07:38:36,097 - freqtrade.configuration.config_validation - INFO - Validating configuration ...
2026-05-29 07:38:36,100 - freqtrade.resolvers.iresolver - INFO - Using resolved pairlist StaticPairList from '/Users/philprice95/projects/freqtrade/freqtrade/plugins/pairlist/StaticPairList.py'...
2026-05-29 07:38:36,103 - freqtrade.optimize.backtesting - INFO - Using fee 0.1000% - worst case fee from exchange (lowest tier).
2026-05-29 07:38:36,207 - freqtrade.data.history.datahandlers.idatahandler - WARNING - ZEC/USDT, spot, 15m, data ends at 2026-05-27 17:15:00
2026-05-29 07:38:36,212 - freqtrade.data.history.datahandlers.idatahandler - INFO - Price jump in ZEC/USDT, 15m, spot between two candles of 33.14% detected.
2026-05-29 07:38:36,223 - freqtrade.data.history.datahandlers.idatahandler - WARNING - XRP/USDT, spot, 15m, data ends at 2026-05-27 17:15:00
2026-05-29 07:38:36,236 - freqtrade.data.history.datahandlers.idatahandler - WARNING - SOL/USDT, spot, 15m, data ends at 2026-05-27 17:15:00
2026-05-29 07:38:36,249 - freqtrade.data.history.datahandlers.idatahandler - WARNING - LINK/USDT, spot, 15m, data ends at 2026-05-27 17:15:00
2026-05-29 07:38:36,261 - freqtrade.data.history.datahandlers.idatahandler - WARNING - NEAR/USDT, spot, 15m, data ends at 2026-05-27 17:15:00
2026-05-29 07:38:36,274 - freqtrade.data.history.datahandlers.idatahandler - WARNING - AAVE/USDT, spot, 15m, data ends at 2026-05-27 17:15:00
2026-05-29 07:38:36,287 - freqtrade.data.history.datahandlers.idatahandler - WARNING - DASH/USDT, spot, 15m, data ends at 2026-05-28 15:45:00
2026-05-29 07:38:36,291 - freqtrade.data.history.datahandlers.idatahandler - INFO - Price jump in DASH/USDT, 15m, spot between two candles of 61.49% detected.
2026-05-29 07:38:36,300 - freqtrade.data.history.datahandlers.idatahandler - WARNING - SUI/USDT, spot, 15m, data ends at 2026-05-28 15:45:00
2026-05-29 07:38:36,312 - freqtrade.data.history.datahandlers.idatahandler - WARNING - AVAX/USDT, spot, 15m, data ends at 2026-05-28 15:45:00
2026-05-29 07:38:36,325 - freqtrade.data.history.datahandlers.idatahandler - WARNING - LTC/USDT, spot, 15m, data ends at 2026-05-28 15:45:00
2026-05-29 07:38:36,338 - freqtrade.data.history.datahandlers.idatahandler - WARNING - BCH/USDT, spot, 15m, data ends at 2026-05-28 15:45:00
2026-05-29 07:38:36,351 - freqtrade.data.history.datahandlers.idatahandler - WARNING - DOT/USDT, spot, 15m, data ends at 2026-05-28 15:45:00
2026-05-29 07:38:36,364 - freqtrade.data.history.datahandlers.idatahandler - WARNING - NEO/USDT, spot, 15m, data ends at 2026-05-28 15:45:00
2026-05-29 07:38:36,368 - freqtrade.data.history.datahandlers.idatahandler - INFO - Price jump in NEO/USDT, 15m, spot between two candles of 221.60% detected.
2026-05-29 07:38:36,377 - freqtrade.optimize.backtesting - INFO - Loading data from 2024-06-07 08:00:00 up to 2026-05-28 15:45:00 (720 days).
2026-05-29 07:38:39,119 - freqtrade.optimize.backtesting - INFO - Dataload complete. Calculating indicators
2026-05-29 07:38:39,119 - freqtrade.optimize.backtesting - INFO - Running backtesting for Strategy NNNC_CGP_MLX
2026-05-29 07:38:39,139 - freqtrade.strategy.hyper - INFO - Strategy Parameter: cexit_enable_profit_checks = True
2026-05-29 07:38:39,139 - freqtrade.strategy.hyper - INFO - Strategy Parameter: cexit_max_days = 5
2026-05-29 07:38:39,139 - freqtrade.strategy.hyper - INFO - Strategy Parameter: cexit_take_profit = 0.02
2026-05-29 07:38:39,139 - freqtrade.strategy.hyper - INFO - Strategy Parameter: enable_exit_signal = True
2026-05-29 07:38:39,139 - freqtrade.strategy.hyper - INFO - Strategy Parameter: exit_close_norm_threshold = 0.0
2026-05-29 07:38:39,140 - freqtrade.strategy.hyper - INFO - Strategy Parameter: exit_guard_threshold = 0.5
2026-05-29 07:38:39,140 - freqtrade.strategy.hyper - INFO - Strategy Parameter: entry_adx_threshold = 20.0
2026-05-29 07:38:39,140 - freqtrade.strategy.hyper - INFO - Strategy Parameter: entry_atr_pct = 0.006
2026-05-29 07:38:39,140 - freqtrade.strategy.hyper - INFO - Strategy Parameter: entry_bb_width_threshold = 0.014
2026-05-29 07:38:39,140 - freqtrade.strategy.hyper - INFO - Strategy Parameter: entry_close_norm_threshold = 0.0
2026-05-29 07:38:39,140 - freqtrade.strategy.hyper - INFO - Strategy Parameter: entry_enable_guards = True
2026-05-29 07:38:39,140 - freqtrade.strategy.hyper - INFO - Strategy Parameter: entry_guard_threshold = -0.5
2026-05-29 07:38:39,140 - freqtrade.strategy.hyper - INFO - Strategy Parameter: entry_rvol_threshold = 1.0
2026-05-29 07:38:39,140 - freqtrade.strategy.hyper - INFO - Strategy Parameter: prediction_threshold = 0.5

----------------------
NNNC_CGP_MLX
----------------------


Software Environment:

    freqtrade:  2026.4-dev-63819fa7e
    OS Type:    darwin (MacOS), Version: macOS-26.4.1-arm64-arm-64bit
    python:     ['3.12.13 (main, Mar  3 2026, 12:39:30) [Clang 21.0.0 (clang-2100.0.123.102)]']
    sklearn:    1.8.0
    tensorflow: 2.17.0, devices:[PhysicalDevice(name='/physical_device:CPU:0', device_type='CPU'), PhysicalDevice(name='/physical_device:GPU:0', device_type='GPU')]
    keras:      3.14.0
    pytorch:    (not installed)
    lightning:  (not installed)
    darts:      (not installed)


    Current Hyperopt Parameters:
      Buy Parameters:
        entry_adx_threshold: 20.0
        entry_atr_pct: 0.006
        entry_bb_width_threshold: 0.014
        entry_close_norm_threshold: 0.0
        entry_enable_guards: True
        entry_guard_threshold: -0.5
        entry_rvol_threshold: 1.0
        prediction_threshold: 0.5
        cexit_enable_profit_checks: True
        cexit_max_days: 2
        cexit_take_profit: 0.002
        profit_prediction_threshold: 0.3
        apply_task_filters: True

      Sell Parameters:
        cexit_enable_profit_checks: True
        cexit_max_days: 5
        cexit_take_profit: 0.02
        enable_exit_signal: True
        exit_close_norm_threshold: 0.0
        exit_guard_threshold: 0.5

Strategy Parameters/Flags

    refit_model:    False
    model_per_pair: False
    combine_models: False

    ZEC/USDT - adding indicators...
        Buy signals: found 4829 initial peaks, filtered to 4829 peaks with >=0.5% future gain
        Sell signals: found 5517 initial peaks, filtered to 5517 peaks with >=0.5% future loss
        Signal counts: buys=7092, sells=9463, conflicts=0
        Final trading_classes counts: buys=7092, sells=9463
        Trading distribution: [ 9463 52507  7092] [13.7%, 76.0%, 10.3%]
        %train_buy/%train_sell counts: buys=7092, sells=9463, holds=52507
    XRP/USDT - adding indicators...
        Buy signals: found 2379 initial peaks, filtered to 2379 peaks with >=0.5% future gain
        Sell signals: found 2415 initial peaks, filtered to 2415 peaks with >=0.5% future loss
        Signal counts: buys=3982, sells=4355, conflicts=0
        Final trading_classes counts: buys=3982, sells=4355
        Trading distribution: [ 4355 60725  3982] [6.3%, 87.9%, 5.8%]
        %train_buy/%train_sell counts: buys=3982, sells=4355, holds=60725
    SOL/USDT - adding indicators...
        Buy signals: found 2446 initial peaks, filtered to 2446 peaks with >=0.5% future gain
        Sell signals: found 2126 initial peaks, filtered to 2126 peaks with >=0.5% future loss
        Signal counts: buys=4204, sells=3870, conflicts=0
        Final trading_classes counts: buys=4204, sells=3870
        Trading distribution: [ 3870 60988  4204] [5.6%, 88.3%, 6.1%]
        %train_buy/%train_sell counts: buys=4204, sells=3870, holds=60988
    LINK/USDT - adding indicators...
        Buy signals: found 2923 initial peaks, filtered to 2923 peaks with >=0.5% future gain
        Sell signals: found 2800 initial peaks, filtered to 2800 peaks with >=0.5% future loss
        Signal counts: buys=4895, sells=5081, conflicts=0
        Final trading_classes counts: buys=4895, sells=5081
        Trading distribution: [ 5081 59086  4895] [7.4%, 85.6%, 7.1%]
        %train_buy/%train_sell counts: buys=4895, sells=5081, holds=59086
    NEAR/USDT - adding indicators...
        Buy signals: found 4662 initial peaks, filtered to 4662 peaks with >=0.5% future gain
        Sell signals: found 4417 initial peaks, filtered to 4414 peaks with >=0.5% future loss
        Signal counts: buys=7179, sells=7632, conflicts=0
        Final trading_classes counts: buys=7179, sells=7632
        Trading distribution: [ 7632 54251  7179] [11.1%, 78.6%, 10.4%]
        %train_buy/%train_sell counts: buys=7179, sells=7632, holds=54251
    AAVE/USDT - adding indicators...
        Buy signals: found 3786 initial peaks, filtered to 3786 peaks with >=0.5% future gain
        Sell signals: found 3808 initial peaks, filtered to 3808 peaks with >=0.5% future loss
        Signal counts: buys=5945, sells=6640, conflicts=0
        Final trading_classes counts: buys=5945, sells=6640
        Trading distribution: [ 6640 56477  5945] [9.6%, 81.8%, 8.6%]
        %train_buy/%train_sell counts: buys=5945, sells=6640, holds=56477
    DASH/USDT - adding indicators...
        Buy signals: found 3426 initial peaks, filtered to 3426 peaks with >=0.5% future gain
        Sell signals: found 3642 initial peaks, filtered to 3642 peaks with >=0.5% future loss
        Signal counts: buys=4989, sells=6180, conflicts=0
        Final trading_classes counts: buys=4989, sells=6180
        Trading distribution: [ 6180 57983  4989] [8.9%, 83.8%, 7.2%]
        %train_buy/%train_sell counts: buys=4989, sells=6180, holds=57983
    SUI/USDT - adding indicators...
        Buy signals: found 4959 initial peaks, filtered to 4959 peaks with >=0.5% future gain
        Sell signals: found 4712 initial peaks, filtered to 4712 peaks with >=0.5% future loss
        Signal counts: buys=7872, sells=8272, conflicts=0
        Final trading_classes counts: buys=7872, sells=8272
        Trading distribution: [ 8272 53008  7872] [12.0%, 76.7%, 11.4%]
        %train_buy/%train_sell counts: buys=7872, sells=8272, holds=53008
    AVAX/USDT - adding indicators...
        Buy signals: found 3181 initial peaks, filtered to 3181 peaks with >=0.5% future gain
        Sell signals: found 2835 initial peaks, filtered to 2835 peaks with >=0.5% future loss
        Signal counts: buys=5253, sells=5133, conflicts=0
        Final trading_classes counts: buys=5253, sells=5133
        Trading distribution: [ 5133 58766  5253] [7.4%, 85.0%, 7.6%]
        %train_buy/%train_sell counts: buys=5253, sells=5133, holds=58766
    LTC/USDT - adding indicators...
        Buy signals: found 2624 initial peaks, filtered to 2624 peaks with >=0.5% future gain
        Sell signals: found 2327 initial peaks, filtered to 2327 peaks with >=0.5% future loss
        Signal counts: buys=4301, sells=4221, conflicts=0
        Final trading_classes counts: buys=4301, sells=4221
        Trading distribution: [ 4221 60630  4301] [6.1%, 87.7%, 6.2%]
        %train_buy/%train_sell counts: buys=4301, sells=4221, holds=60630
    BCH/USDT - adding indicators...
        Buy signals: found 3033 initial peaks, filtered to 3033 peaks with >=0.5% future gain
        Sell signals: found 2883 initial peaks, filtered to 2883 peaks with >=0.5% future loss
        Signal counts: buys=4742, sells=5225, conflicts=0
        Final trading_classes counts: buys=4742, sells=5225
        Trading distribution: [ 5225 59185  4742] [7.6%, 85.6%, 6.9%]
        %train_buy/%train_sell counts: buys=4742, sells=5225, holds=59185
    DOT/USDT - adding indicators...
        Buy signals: found 3212 initial peaks, filtered to 3212 peaks with >=0.5% future gain
        Sell signals: found 2860 initial peaks, filtered to 2860 peaks with >=0.5% future loss
        Signal counts: buys=5274, sells=5066, conflicts=0
        Final trading_classes counts: buys=5274, sells=5066
        Trading distribution: [ 5066 58812  5274] [7.3%, 85.0%, 7.6%]
        %train_buy/%train_sell counts: buys=5274, sells=5066, holds=58812
    NEO/USDT - adding indicators...
        Buy signals: found 3090 initial peaks, filtered to 3090 peaks with >=0.5% future gain
        Sell signals: found 3046 initial peaks, filtered to 3046 peaks with >=0.5% future loss
        Signal counts: buys=4545, sells=5318, conflicts=0
        Final trading_classes counts: buys=4545, sells=5318
        Trading distribution: [ 5318 59289  4545] [7.7%, 85.7%, 6.6%]
        %train_buy/%train_sell counts: buys=4545, sells=5318, holds=59289
    Training model on 13 pairs
    Main scaler loaded from /Users/philprice95/projects/freqtrade/user_data/strategies/saved_data/
    PCA data loaded: n_components=20
    Columns exceeding ±10 before clipping: [('bb_width', -1.0001307528502497, 18.387945839670714)]
    GAN scaler A loaded from /Users/philprice95/projects/freqtrade/user_data/strategies/saved_data/
      columns: ['bb_width', 'atr_norm', 'rsi_scaled', 'mfi_scaled', 'guard_metric_pos', 'guard_metric_neg', 'gain_norm', 'macdhist_norm', 'ema_fast_norm', 'macd_pos', 'macd_neg', 'fastk_scaled', 'fast_diff', 'adx_scaled', 'aroonosc_scaled', 'bb_position', 'vwap_pos', 'vwap_neg', 'di_diff_scaled', 'sar_ratio', 'spread_ma', 'cci_scaled', 'fisher_ss', 'cg_ss']
    balance_single_task: class counts {0: 7531, 1: 42312, 2: 5391} (gan_type=CTAB_GAN)
    balance_single_task: per-class additions {0: 5162, 2: 7302}
      generated 5162 samples for class 0
      generated 7302 samples for class 2
    balance_single_task: rows 55234 -> 67698; counts {0: 7531, 1: 42312, 2: 5391} -> {0: 12693, 1: 42312, 2: 12693}
    === GAN fidelity diagnostic (real vs synthetic) ===
      real rows:      55234    synth rows:      12464    features: 24
      task        cls     N_real      N_syn    |Δμ|max    σ_syn/σ_real  flag
      ----------------------------------------------------------------------
      class         0       7531       5162      0.46σ   0.51/ 0.97  ok
      class         1      42312          0          -               -  no synth
      class         2       5391       7302      0.43σ   0.57/ 0.94  ok

      worst features per bucket (top 2 by severity):
        class==0:
          atr_norm              real μ= +0.063 σ= 0.689    syn μ= +0.377 σ= 0.613    Δμ=+0.46σ  σ_ratio=0.89
          spread_ma             real μ= +0.115 σ= 0.788    syn μ= +0.348 σ= 0.732    Δμ=+0.30σ  σ_ratio=0.93
          bb_width              real μ= -0.450 σ= 0.333    syn μ= -0.548 σ= 0.169    Δμ=-0.29σ  σ_ratio=0.51
        class==2:
          atr_norm              real μ= +0.110 σ= 0.695    syn μ= +0.410 σ= 0.631    Δμ=+0.43σ  σ_ratio=0.91
          spread_ma             real μ= +0.028 σ= 0.789    syn μ= +0.313 σ= 0.771    Δμ=+0.36σ  σ_ratio=0.98
          guard_metric_neg      real μ= +0.595 σ= 0.283    syn μ= +0.679 σ= 0.269    Δμ=+0.30σ  σ_ratio=0.95

    === Joint-distribution diagnostic (correlation matrix) ===
      task        cls  used_real   used_syn   |Δρ|max   |Δρ|mean  flag
      ----------------------------------------------------------------------
      class         0       7531       5162     0.269      0.060  ok
      class         2       5391       7302     0.206      0.054  ok

      worst feature PAIRS per bucket (top 2 by |Δρ|):
        class==0:
          fast_diff          × bb_position         real ρ=-0.44  syn ρ=-0.17  Δρ=-0.27
          fastk_scaled       × fast_diff           real ρ=-0.50  syn ρ=-0.27  Δρ=-0.23
          fast_diff          × cci_scaled          real ρ=-0.34  syn ρ=-0.17  Δρ=-0.18
        class==2:
          fast_diff          × bb_position         real ρ=-0.36  syn ρ=-0.15  Δρ=-0.21
          fastk_scaled       × fast_diff           real ρ=-0.46  syn ρ=-0.26  Δρ=-0.19
          rsi_scaled         × spread_ma           real ρ=-0.08  syn ρ=+0.09  Δρ=-0.17
    Columns exceeding ±10 before clipping: [('bb_width', -1.0001307528502497, 16.676458335376665)]
    balance_single_task: class counts {0: 3852, 1: 47824, 2: 3558} (gan_type=CTAB_GAN)
    balance_single_task: per-class additions {0: 10495, 2: 10789}
      generated 10495 samples for class 0
      generated 10789 samples for class 2
    balance_single_task: rows 55234 -> 76518; counts {0: 3852, 1: 47824, 2: 3558} -> {0: 14347, 1: 47824, 2: 14347}
    === GAN fidelity diagnostic (real vs synthetic) ===
      real rows:      55234    synth rows:      21284    features: 24
      task        cls     N_real      N_syn    |Δμ|max    σ_syn/σ_real  flag
      ----------------------------------------------------------------------
      class         0       3852      10495      0.54σ   0.65/ 1.10  joint_drift
      class         1      47824          0          -               -  no synth
      class         2       3558      10789      0.44σ   0.81/ 1.12  joint_drift

      worst features per bucket (top 2 by severity):
        class==0:
          guard_metric_pos      real μ= +0.644 σ= 0.260    syn μ= +0.503 σ= 0.271    Δμ=-0.54σ  σ_ratio=1.04
          adx_scaled            real μ= +0.110 σ= 0.398    syn μ= -0.036 σ= 0.352    Δμ=-0.37σ  σ_ratio=0.89
          guard_metric_neg      real μ= +0.002 σ= 0.026    syn μ= +0.011 σ= 0.073    Δμ=+0.32σ  σ_ratio=2.76
        class==2:
          adx_scaled            real μ= +0.172 σ= 0.405    syn μ= -0.008 σ= 0.356    Δμ=-0.44σ  σ_ratio=0.88
          bb_position           real μ= -0.654 σ= 0.279    syn μ= -0.582 σ= 0.342    Δμ=+0.26σ  σ_ratio=1.23
          guard_metric_neg      real μ= +0.661 σ= 0.250    syn μ= +0.601 σ= 0.266    Δμ=-0.24σ  σ_ratio=1.07

    === Joint-distribution diagnostic (correlation matrix) ===
      task        cls  used_real   used_syn   |Δρ|max   |Δρ|mean  flag
      ----------------------------------------------------------------------
      class         0       3852      10495     0.387      0.085  joint_drift
      class         2       3558      10789     0.304      0.087  joint_drift

      worst feature PAIRS per bucket (top 2 by |Δρ|):
        class==0:
          atr_norm           × rsi_scaled          real ρ=+0.27  syn ρ=-0.11  Δρ=+0.39
          rsi_scaled         × spread_ma           real ρ=+0.29  syn ρ=-0.06  Δρ=+0.34
          macdhist_norm      × adx_scaled          real ρ=-0.23  syn ρ=+0.06  Δρ=-0.29
        class==2:
          ema_fast_norm      × spread_ma           real ρ=-0.39  syn ρ=-0.09  Δρ=-0.30
          adx_scaled         × sar_ratio           real ρ=-0.33  syn ρ=-0.03  Δρ=-0.30
          rsi_scaled         × spread_ma           real ρ=-0.27  syn ρ=+0.01  Δρ=-0.28
    Columns exceeding ±10 before clipping: [('bb_width', -1.0001307528502497, 13.172310832388956)]
    balance_single_task: class counts {0: 3320, 1: 48233, 2: 3681} (gan_type=CTAB_GAN)
    balance_single_task: per-class additions {0: 11149, 2: 10788}
      generated 11149 samples for class 0
      generated 10788 samples for class 2
    balance_single_task: rows 55234 -> 77171; counts {0: 3320, 1: 48233, 2: 3681} -> {0: 14469, 1: 48233, 2: 14469}
    === GAN fidelity diagnostic (real vs synthetic) ===
      real rows:      55234    synth rows:      21937    features: 24
      task        cls     N_real      N_syn    |Δμ|max    σ_syn/σ_real  flag
      ----------------------------------------------------------------------
      class         0       3320      11149      0.61σ   0.84/ 1.14  joint_drift
      class         1      48233          0          -               -  no synth
      class         2       3681      10788      0.49σ   0.84/ 1.22  joint_drift

      worst features per bucket (top 2 by severity):
        class==0:
          guard_metric_pos      real μ= +0.672 σ= 0.248    syn μ= +0.521 σ= 0.266    Δμ=-0.61σ  σ_ratio=1.07
          gain_norm             real μ= -0.577 σ= 0.401    syn μ= -0.435 σ= 0.441    Δμ=+0.35σ  σ_ratio=1.10
          adx_scaled            real μ= +0.105 σ= 0.364    syn μ= -0.023 σ= 0.344    Δμ=-0.35σ  σ_ratio=0.94
        class==2:
          adx_scaled            real μ= +0.197 σ= 0.384    syn μ= +0.006 σ= 0.344    Δμ=-0.49σ  σ_ratio=0.89
          guard_metric_pos      real μ= +0.002 σ= 0.020    syn μ= +0.011 σ= 0.077    Δμ=+0.45σ  σ_ratio=3.92
          mfi_scaled            real μ= -0.511 σ= 0.381    syn μ= -0.354 σ= 0.500    Δμ=+0.41σ  σ_ratio=1.31

    === Joint-distribution diagnostic (correlation matrix) ===
      task        cls  used_real   used_syn   |Δρ|max   |Δρ|mean  flag
      ----------------------------------------------------------------------
      class         0       3320      11149     0.331      0.069  joint_drift
      class         2       3681      10788     0.313      0.080  joint_drift

      worst feature PAIRS per bucket (top 2 by |Δρ|):
        class==0:
          macdhist_norm      × adx_scaled          real ρ=-0.26  syn ρ=+0.07  Δρ=-0.33
          adx_scaled         × sar_ratio           real ρ=+0.24  syn ρ=-0.06  Δρ=+0.30
          fastk_scaled       × fast_diff           real ρ=-0.58  syn ρ=-0.33  Δρ=-0.25
        class==2:
          adx_scaled         × sar_ratio           real ρ=-0.34  syn ρ=-0.02  Δρ=-0.31
          macdhist_norm      × adx_scaled          real ρ=+0.37  syn ρ=+0.07  Δρ=+0.29
          sar_ratio          × fisher_ss           real ρ=-0.45  syn ρ=-0.21  Δρ=-0.24
    Columns exceeding ±10 before clipping: [('bb_width', -1.0001307528502497, 10.021823762426383)]
    balance_single_task: class counts {0: 4584, 1: 46210, 2: 4440} (gan_type=CTAB_GAN)
    balance_single_task: per-class additions {0: 9279, 2: 9423}
      generated 9279 samples for class 0
      generated 9423 samples for class 2
    balance_single_task: rows 55234 -> 73936; counts {0: 4584, 1: 46210, 2: 4440} -> {0: 13863, 1: 46210, 2: 13863}
    === GAN fidelity diagnostic (real vs synthetic) ===
      real rows:      55234    synth rows:      18702    features: 24
      task        cls     N_real      N_syn    |Δμ|max    σ_syn/σ_real  flag
      ----------------------------------------------------------------------
      class         0       4584       9279      0.50σ   0.76/ 1.11  ok
      class         1      46210          0          -               -  no synth
      class         2       4440       9423      0.40σ   0.79/ 1.15  ok

      worst features per bucket (top 2 by severity):
        class==0:
          guard_metric_pos      real μ= +0.657 σ= 0.255    syn μ= +0.529 σ= 0.270    Δμ=-0.50σ  σ_ratio=1.06
          guard_metric_neg      real μ= +0.003 σ= 0.031    syn μ= +0.013 σ= 0.079    Δμ=+0.32σ  σ_ratio=2.59
          atr_norm              real μ= +0.267 σ= 0.710    syn μ= +0.424 σ= 0.629    Δμ=+0.22σ  σ_ratio=0.88
        class==2:
          guard_metric_pos      real μ= +0.002 σ= 0.021    syn μ= +0.010 σ= 0.074    Δμ=+0.40σ  σ_ratio=3.54
          fastk_scaled          real μ= -0.617 σ= 0.342    syn μ= -0.504 σ= 0.413    Δμ=+0.33σ  σ_ratio=1.21
          adx_scaled            real μ= +0.180 σ= 0.410    syn μ= +0.053 σ= 0.363    Δμ=-0.31σ  σ_ratio=0.89

    === Joint-distribution diagnostic (correlation matrix) ===
      task        cls  used_real   used_syn   |Δρ|max   |Δρ|mean  flag
      ----------------------------------------------------------------------
      class         0       4584       9279     0.293      0.070  ok
      class         2       4440       9423     0.257      0.072  ok

      worst feature PAIRS per bucket (top 2 by |Δρ|):
        class==0:
          adx_scaled         × sar_ratio           real ρ=+0.23  syn ρ=-0.07  Δρ=+0.29
          macdhist_norm      × adx_scaled          real ρ=-0.19  syn ρ=+0.06  Δρ=-0.25
          fastk_scaled       × fast_diff           real ρ=-0.56  syn ρ=-0.31  Δρ=-0.25
        class==2:
          fastk_scaled       × fast_diff           real ρ=-0.53  syn ρ=-0.27  Δρ=-0.26
          adx_scaled         × sar_ratio           real ρ=-0.30  syn ρ=-0.05  Δρ=-0.25
          macdhist_norm      × adx_scaled          real ρ=+0.33  syn ρ=+0.10  Δρ=+0.23
    Columns exceeding ±10 before clipping: [('bb_width', -1.0001307528502497, 15.26941264658338)]
    balance_single_task: class counts {0: 6416, 1: 42864, 2: 5954} (gan_type=CTAB_GAN)
    balance_single_task: per-class additions {0: 6443, 2: 6905}
      generated 6443 samples for class 0
      generated 6905 samples for class 2
    balance_single_task: rows 55234 -> 68582; counts {0: 6416, 1: 42864, 2: 5954} -> {0: 12859, 1: 42864, 2: 12859}
    === GAN fidelity diagnostic (real vs synthetic) ===
      real rows:      55234    synth rows:      13348    features: 24
      task        cls     N_real      N_syn    |Δμ|max    σ_syn/σ_real  flag
      ----------------------------------------------------------------------
      class         0       6416       6443      0.27σ   0.86/ 1.07  ok
      class         1      42864          0          -               -  no synth
      class         2       5954       6905      0.28σ   0.74/ 1.10  ok

      worst features per bucket (top 2 by severity):
        class==2:
          guard_metric_pos      real μ= +0.004 σ= 0.031    syn μ= +0.012 σ= 0.088    Δμ=+0.28σ  σ_ratio=2.87
          fastk_scaled          real μ= -0.704 σ= 0.387    syn μ= -0.613 σ= 0.436    Δμ=+0.24σ  σ_ratio=1.13
          fisher_ss             real μ= +0.012 σ= 0.655    syn μ= +0.131 σ= 0.658    Δμ=+0.18σ  σ_ratio=1.01
        class==0:
          atr_norm              real μ= +0.181 σ= 0.689    syn μ= +0.366 σ= 0.611    Δμ=+0.27σ  σ_ratio=0.89
          guard_metric_pos      real μ= +0.613 σ= 0.265    syn μ= +0.565 σ= 0.274    Δμ=-0.18σ  σ_ratio=1.03
          guard_metric_neg      real μ= +0.006 σ= 0.045    syn μ= +0.014 σ= 0.087    Δμ=+0.18σ  σ_ratio=1.93

    === Joint-distribution diagnostic (correlation matrix) ===
      task        cls  used_real   used_syn   |Δρ|max   |Δρ|mean  flag
      ----------------------------------------------------------------------
      class         0       6416       6443     0.280      0.064  ok
      class         2       5954       6905     0.220      0.068  ok

      worst feature PAIRS per bucket (top 2 by |Δρ|):
        class==0:
          macd_pos           × sar_ratio           real ρ=-0.02  syn ρ=-0.30  Δρ=+0.28
          adx_scaled         × sar_ratio           real ρ=+0.14  syn ρ=-0.10  Δρ=+0.24
          fastk_scaled       × fast_diff           real ρ=-0.56  syn ρ=-0.33  Δρ=-0.22
        class==2:
          guard_metric_pos   × fast_diff           real ρ=+0.23  syn ρ=+0.01  Δρ=+0.22
          bb_width           × sar_ratio           real ρ=-0.20  syn ρ=+0.00  Δρ=-0.20
          fastk_scaled       × fast_diff           real ρ=-0.48  syn ρ=-0.28  Δρ=-0.20
    Columns exceeding ±10 before clipping: [('bb_width', -1.0001307528502497, 15.76205569340843)]
    balance_single_task: class counts {0: 5994, 1: 43993, 2: 5247} (gan_type=CTAB_GAN)
    balance_single_task: per-class additions {0: 7203, 2: 7950}
      generated 7203 samples for class 0
      generated 7950 samples for class 2
    balance_single_task: rows 55234 -> 70387; counts {0: 5994, 1: 43993, 2: 5247} -> {0: 13197, 1: 43993, 2: 13197}
    === GAN fidelity diagnostic (real vs synthetic) ===
      real rows:      55234    synth rows:      15153    features: 24
      task        cls     N_real      N_syn    |Δμ|max    σ_syn/σ_real  flag
      ----------------------------------------------------------------------
      class         0       5994       7203      0.24σ   0.76/ 1.08  ok
      class         1      43993          0          -               -  no synth
      class         2       5247       7950      0.23σ   0.82/ 1.06  ok

      worst features per bucket (top 2 by severity):
        class==0:
          atr_norm              real μ= +0.187 σ= 0.685    syn μ= +0.353 σ= 0.609    Δμ=+0.24σ  σ_ratio=0.89
          guard_metric_pos      real μ= +0.631 σ= 0.265    syn μ= +0.571 σ= 0.276    Δμ=-0.23σ  σ_ratio=1.04
          guard_metric_neg      real μ= +0.005 σ= 0.048    syn μ= +0.015 σ= 0.097    Δμ=+0.21σ  σ_ratio=2.02
        class==2:
          fisher_ss             real μ= +0.016 σ= 0.642    syn μ= +0.163 σ= 0.656    Δμ=+0.23σ  σ_ratio=1.02
          atr_norm              real μ= +0.286 σ= 0.654    syn μ= +0.429 σ= 0.611    Δμ=+0.22σ  σ_ratio=0.93
          fastk_scaled          real μ= -0.715 σ= 0.396    syn μ= -0.636 σ= 0.433    Δμ=+0.20σ  σ_ratio=1.09

    === Joint-distribution diagnostic (correlation matrix) ===
      task        cls  used_real   used_syn   |Δρ|max   |Δρ|mean  flag
      ----------------------------------------------------------------------
      class         0       5994       7203     0.243      0.067  ok
      class         2       5247       7950     0.232      0.060  ok

      worst feature PAIRS per bucket (top 2 by |Δρ|):
        class==0:
          fastk_scaled       × fast_diff           real ρ=-0.54  syn ρ=-0.30  Δρ=-0.24
          fast_diff          × bb_position         real ρ=-0.42  syn ρ=-0.20  Δρ=-0.22
          rsi_scaled         × spread_ma           real ρ=+0.16  syn ρ=-0.06  Δρ=+0.22
        class==2:
          fastk_scaled       × fast_diff           real ρ=-0.51  syn ρ=-0.28  Δρ=-0.23
          fast_diff          × bb_position         real ρ=-0.39  syn ρ=-0.17  Δρ=-0.22
          bb_width           × ema_fast_norm       real ρ=-0.22  syn ρ=-0.05  Δρ=-0.18
    Columns exceeding ±10 before clipping: [('bb_width', -1.0001307528502497, 34.81767015448198)]
    balance_single_task: class counts {0: 4825, 1: 46803, 2: 3678} (gan_type=CTAB_GAN)
    balance_single_task: per-class additions {0: 9215, 2: 10362}
      generated 9215 samples for class 0
      generated 10362 samples for class 2
    balance_single_task: rows 55306 -> 74883; counts {0: 4825, 1: 46803, 2: 3678} -> {0: 14040, 1: 46803, 2: 14040}
    === GAN fidelity diagnostic (real vs synthetic) ===
      real rows:      55306    synth rows:      19577    features: 24
      task        cls     N_real      N_syn    |Δμ|max    σ_syn/σ_real  flag
      ----------------------------------------------------------------------
      class         0       4825       9215      0.30σ   0.47/ 0.95  ok
      class         1      46803          0          -               -  no synth
      class         2       3678      10362      0.43σ   0.57/ 0.93  joint_drift

      worst features per bucket (top 2 by severity):
        class==2:
          spread_ma             real μ= -0.074 σ= 0.831    syn μ= +0.284 σ= 0.826    Δμ=+0.43σ  σ_ratio=0.99
          atr_norm              real μ= +0.078 σ= 0.672    syn μ= +0.344 σ= 0.644    Δμ=+0.40σ  σ_ratio=0.96
          guard_metric_neg      real μ= +0.629 σ= 0.291    syn μ= +0.723 σ= 0.269    Δμ=+0.32σ  σ_ratio=0.92
        class==0:
          bb_width              real μ= -0.426 σ= 0.380    syn μ= -0.540 σ= 0.180    Δμ=-0.30σ  σ_ratio=0.47
          di_diff_scaled        real μ= +0.466 σ= 0.586    syn μ= +0.615 σ= 0.455    Δμ=+0.25σ  σ_ratio=0.78
          spread_ma             real μ= +0.103 σ= 0.824    syn μ= +0.302 σ= 0.809    Δμ=+0.24σ  σ_ratio=0.98

    === Joint-distribution diagnostic (correlation matrix) ===
      task        cls  used_real   used_syn   |Δρ|max   |Δρ|mean  flag
      ----------------------------------------------------------------------
      class         0       4825       9215     0.259      0.070  ok
      class         2       3678      10362     0.330      0.060  joint_drift

      worst feature PAIRS per bucket (top 2 by |Δρ|):
        class==2:
          bb_width           × adx_scaled          real ρ=-0.12  syn ρ=+0.21  Δρ=-0.33
          fast_diff          × bb_position         real ρ=-0.37  syn ρ=-0.12  Δρ=-0.24
          fastk_scaled       × fast_diff           real ρ=-0.45  syn ρ=-0.21  Δρ=-0.24
        class==0:
          fast_diff          × bb_position         real ρ=-0.43  syn ρ=-0.17  Δρ=-0.26
          atr_norm           × aroonosc_scaled     real ρ=+0.17  syn ρ=-0.08  Δρ=+0.25
          bb_width           × adx_scaled          real ρ=-0.03  syn ρ=+0.21  Δρ=-0.25
    Columns exceeding ±10 before clipping: [('bb_width', -1.0001307528502497, 13.282909868321585)]
    balance_single_task: class counts {0: 7206, 1: 41195, 2: 6905} (gan_type=CTAB_GAN)
    balance_single_task: per-class additions {0: 5152, 2: 5453}
      generated 5152 samples for class 0
      generated 5453 samples for class 2
    balance_single_task: rows 55306 -> 65911; counts {0: 7206, 1: 41195, 2: 6905} -> {0: 12358, 1: 41195, 2: 12358}
    === GAN fidelity diagnostic (real vs synthetic) ===
      real rows:      55306    synth rows:      10605    features: 24
      task        cls     N_real      N_syn    |Δμ|max    σ_syn/σ_real  flag
      ----------------------------------------------------------------------
      class         0       7206       5152      0.37σ   0.68/ 1.03  ok
      class         1      41195          0          -               -  no synth
      class         2       6905       5453      0.31σ   0.79/ 1.06  ok

      worst features per bucket (top 2 by severity):
        class==0:
          guard_metric_pos      real μ= +0.611 σ= 0.261    syn μ= +0.515 σ= 0.270    Δμ=-0.37σ  σ_ratio=1.03
          atr_norm              real μ= +0.223 σ= 0.692    syn μ= +0.382 σ= 0.613    Δμ=+0.23σ  σ_ratio=0.88
          guard_metric_neg      real μ= +0.005 σ= 0.040    syn μ= +0.012 σ= 0.079    Δμ=+0.18σ  σ_ratio=1.95
        class==2:
          fastk_scaled          real μ= -0.655 σ= 0.366    syn μ= -0.540 σ= 0.424    Δμ=+0.31σ  σ_ratio=1.16
          atr_norm              real μ= +0.302 σ= 0.693    syn μ= +0.485 σ= 0.609    Δμ=+0.26σ  σ_ratio=0.88
          bb_position           real μ= -0.630 σ= 0.293    syn μ= -0.572 σ= 0.337    Δμ=+0.20σ  σ_ratio=1.15

    === Joint-distribution diagnostic (correlation matrix) ===
      task        cls  used_real   used_syn   |Δρ|max   |Δρ|mean  flag
      ----------------------------------------------------------------------
      class         0       7206       5152     0.298      0.076  ok
      class         2       6905       5453     0.265      0.067  ok

      worst feature PAIRS per bucket (top 2 by |Δρ|):
        class==0:
          macdhist_norm      × adx_scaled          real ρ=-0.28  syn ρ=+0.02  Δρ=-0.30
          adx_scaled         × sar_ratio           real ρ=+0.24  syn ρ=-0.04  Δρ=+0.28
          fastk_scaled       × fast_diff           real ρ=-0.57  syn ρ=-0.31  Δρ=-0.27
        class==2:
          fastk_scaled       × fast_diff           real ρ=-0.52  syn ρ=-0.25  Δρ=-0.27
          rsi_scaled         × spread_ma           real ρ=-0.17  syn ρ=+0.05  Δρ=-0.22
          fast_diff          × bb_position         real ρ=-0.36  syn ρ=-0.15  Δρ=-0.21
    Columns exceeding ±10 before clipping: [('bb_width', -1.0001307528502497, 13.671443881083967)]
    balance_single_task: class counts {0: 4637, 1: 45879, 2: 4790} (gan_type=CTAB_GAN)
    balance_single_task: per-class additions {0: 9126, 2: 8973}
      generated 9126 samples for class 0
      generated 8973 samples for class 2
    balance_single_task: rows 55306 -> 73405; counts {0: 4637, 1: 45879, 2: 4790} -> {0: 13763, 1: 45879, 2: 13763}
    === GAN fidelity diagnostic (real vs synthetic) ===
      real rows:      55306    synth rows:      18099    features: 24
      task        cls     N_real      N_syn    |Δμ|max    σ_syn/σ_real  flag
      ----------------------------------------------------------------------
      class         0       4637       9126      0.52σ   0.90/ 1.14  ok
      class         1      45879          0          -               -  no synth
      class         2       4790       8973      0.39σ   0.79/ 1.17  ok

      worst features per bucket (top 2 by severity):
        class==0:
          guard_metric_pos      real μ= +0.657 σ= 0.250    syn μ= +0.527 σ= 0.276    Δμ=-0.52σ  σ_ratio=1.10
          mfi_scaled            real μ= +0.431 σ= 0.457    syn μ= +0.303 σ= 0.563    Δμ=-0.28σ  σ_ratio=1.23
          guard_metric_neg      real μ= +0.004 σ= 0.036    syn μ= +0.014 σ= 0.085    Δμ=+0.27σ  σ_ratio=2.33
        class==2:
          fastk_scaled          real μ= -0.656 σ= 0.338    syn μ= -0.526 σ= 0.415    Δμ=+0.39σ  σ_ratio=1.23
          guard_metric_pos      real μ= +0.002 σ= 0.023    syn μ= +0.010 σ= 0.074    Δμ=+0.35σ  σ_ratio=3.28
          adx_scaled            real μ= +0.177 σ= 0.395    syn μ= +0.052 σ= 0.361    Δμ=-0.32σ  σ_ratio=0.91

    === Joint-distribution diagnostic (correlation matrix) ===
      task        cls  used_real   used_syn   |Δρ|max   |Δρ|mean  flag
      ----------------------------------------------------------------------
      class         0       4637       9126     0.282      0.071  ok
      class         2       4790       8973     0.258      0.071  ok

      worst feature PAIRS per bucket (top 2 by |Δρ|):
        class==0:
          adx_scaled         × sar_ratio           real ρ=+0.23  syn ρ=-0.05  Δρ=+0.28
          macdhist_norm      × adx_scaled          real ρ=-0.22  syn ρ=+0.06  Δρ=-0.28
          macd_pos           × sar_ratio           real ρ=-0.04  syn ρ=-0.30  Δρ=+0.26
        class==2:
          adx_scaled         × sar_ratio           real ρ=-0.30  syn ρ=-0.04  Δρ=-0.26
          fastk_scaled       × fast_diff           real ρ=-0.53  syn ρ=-0.29  Δρ=-0.25
          macdhist_norm      × adx_scaled          real ρ=+0.32  syn ρ=+0.09  Δρ=+0.22
    Columns exceeding ±10 before clipping: [('bb_width', -1.0001307528502497, 19.190928111705656)]
    balance_single_task: class counts {0: 3686, 1: 47862, 2: 3758} (gan_type=CTAB_GAN)
    balance_single_task: per-class additions {0: 10672, 2: 10600}
      generated 10672 samples for class 0
      generated 10600 samples for class 2
    balance_single_task: rows 55306 -> 76578; counts {0: 3686, 1: 47862, 2: 3758} -> {0: 14358, 1: 47862, 2: 14358}
    === GAN fidelity diagnostic (real vs synthetic) ===
      real rows:      55306    synth rows:      21272    features: 24
      task        cls     N_real      N_syn    |Δμ|max    σ_syn/σ_real  flag
      ----------------------------------------------------------------------
      class         0       3686      10672      0.40σ   0.80/ 1.06  joint_drift
      class         1      47862          0          -               -  no synth
      class         2       3758      10600      0.40σ   0.78/ 1.17  ok

      worst features per bucket (top 2 by severity):
        class==2:
          guard_metric_pos      real μ= +0.002 σ= 0.021    syn μ= +0.010 σ= 0.074    Δμ=+0.40σ  σ_ratio=3.48
          fastk_scaled          real μ= -0.620 σ= 0.353    syn μ= -0.498 σ= 0.418    Δμ=+0.35σ  σ_ratio=1.18
          guard_metric_neg      real μ= +0.660 σ= 0.242    syn μ= +0.582 σ= 0.267    Δμ=-0.32σ  σ_ratio=1.11
        class==0:
          guard_metric_pos      real μ= +0.621 σ= 0.261    syn μ= +0.517 σ= 0.266    Δμ=-0.40σ  σ_ratio=1.02
          atr_norm              real μ= +0.217 σ= 0.692    syn μ= +0.415 σ= 0.624    Δμ=+0.29σ  σ_ratio=0.90
          gain_norm             real μ= -0.526 σ= 0.432    syn μ= -0.438 σ= 0.439    Δμ=+0.20σ  σ_ratio=1.01

    === Joint-distribution diagnostic (correlation matrix) ===
      task        cls  used_real   used_syn   |Δρ|max   |Δρ|mean  flag
      ----------------------------------------------------------------------
      class         0       3686      10672     0.333      0.070  joint_drift
      class         2       3758      10600     0.287      0.077  ok

      worst feature PAIRS per bucket (top 2 by |Δρ|):
        class==0:
          adx_scaled         × sar_ratio           real ρ=+0.27  syn ρ=-0.06  Δρ=+0.33
          macdhist_norm      × adx_scaled          real ρ=-0.23  syn ρ=+0.05  Δρ=-0.28
          bb_width           × rsi_scaled          real ρ=+0.30  syn ρ=+0.05  Δρ=+0.25
        class==2:
          guard_metric_pos   × vwap_neg            real ρ=+0.06  syn ρ=+0.35  Δρ=-0.29
          rsi_scaled         × spread_ma           real ρ=-0.24  syn ρ=+0.02  Δρ=-0.26
          guard_metric_pos   × bb_position         real ρ=+0.10  syn ρ=+0.34  Δρ=-0.24
    Columns exceeding ±10 before clipping: [('bb_width', -1.0001307528502497, 10.502415466485646)]
    balance_single_task: class counts {0: 4565, 1: 46674, 2: 4067} (gan_type=CTAB_GAN)
    balance_single_task: per-class additions {0: 9437, 2: 9935}
      generated 9437 samples for class 0
      generated 9935 samples for class 2
    balance_single_task: rows 55306 -> 74678; counts {0: 4565, 1: 46674, 2: 4067} -> {0: 14002, 1: 46674, 2: 14002}
    === GAN fidelity diagnostic (real vs synthetic) ===
      real rows:      55306    synth rows:      19372    features: 24
      task        cls     N_real      N_syn    |Δμ|max    σ_syn/σ_real  flag
      ----------------------------------------------------------------------
      class         0       4565       9437      0.18σ   0.76/ 1.00  ok
      class         1      46674          0          -               -  no synth
      class         2       4067       9935      0.28σ   0.82/ 1.03  ok

      worst features per bucket (top 2 by severity):
        class==2:
          atr_norm              real μ= +0.254 σ= 0.647    syn μ= +0.437 σ= 0.604    Δμ=+0.28σ  σ_ratio=0.93
          fastk_scaled          real μ= -0.677 σ= 0.413    syn μ= -0.566 σ= 0.435    Δμ=+0.27σ  σ_ratio=1.05
          ema_fast_norm         real μ= -0.530 σ= 0.665    syn μ= -0.387 σ= 0.757    Δμ=+0.22σ  σ_ratio=1.14
        class==0:
          atr_norm              real μ= +0.232 σ= 0.646    syn μ= +0.351 σ= 0.596    Δμ=+0.18σ  σ_ratio=0.92
          di_diff_scaled        real μ= +0.491 σ= 0.546    syn μ= +0.586 σ= 0.424    Δμ=+0.17σ  σ_ratio=0.78
          fast_diff             real μ= -0.029 σ= 0.287    syn μ= +0.020 σ= 0.239    Δμ=+0.17σ  σ_ratio=0.83

    === Joint-distribution diagnostic (correlation matrix) ===
      task        cls  used_real   used_syn   |Δρ|max   |Δρ|mean  flag
      ----------------------------------------------------------------------
      class         0       4565       9437     0.229      0.060  ok
      class         2       4067       9935     0.273      0.062  ok

      worst feature PAIRS per bucket (top 2 by |Δρ|):
        class==2:
          fast_diff          × bb_position         real ρ=-0.43  syn ρ=-0.16  Δρ=-0.27
          fastk_scaled       × fast_diff           real ρ=-0.50  syn ρ=-0.25  Δρ=-0.25
          fastk_scaled       × vwap_neg            real ρ=+0.39  syn ρ=+0.18  Δρ=+0.21
        class==0:
          fast_diff          × bb_position         real ρ=-0.45  syn ρ=-0.22  Δρ=-0.23
          guard_metric_pos   × fast_diff           real ρ=+0.22  syn ρ=+0.01  Δρ=+0.21
          guard_metric_pos   × di_diff_scaled      real ρ=+0.26  syn ρ=+0.47  Δρ=-0.21
    Columns exceeding ±10 before clipping: [('bb_width', -1.0001307528502497, 13.56570241164032)]
    balance_single_task: class counts {0: 4049, 1: 47009, 2: 4248} (gan_type=CTAB_GAN)
    balance_single_task: per-class additions {0: 10053, 2: 9854}
      generated 10053 samples for class 0
      generated 9854 samples for class 2
    balance_single_task: rows 55306 -> 75213; counts {0: 4049, 1: 47009, 2: 4248} -> {0: 14102, 1: 47009, 2: 14102}
    === GAN fidelity diagnostic (real vs synthetic) ===
      real rows:      55306    synth rows:      19907    features: 24
      task        cls     N_real      N_syn    |Δμ|max    σ_syn/σ_real  flag
      ----------------------------------------------------------------------
      class         0       4049      10053      0.39σ   0.81/ 1.09  ok
      class         1      47009          0          -               -  no synth
      class         2       4248       9854      0.30σ   0.71/ 1.11  ok

      worst features per bucket (top 2 by severity):
        class==2:
          ema_fast_norm         real μ= -0.607 σ= 0.626    syn μ= -0.417 σ= 0.758    Δμ=+0.30σ  σ_ratio=1.21
          adx_scaled            real μ= +0.204 σ= 0.414    syn μ= +0.079 σ= 0.373    Δμ=-0.30σ  σ_ratio=0.90
          aroonosc_scaled       real μ= -0.486 σ= 0.445    syn μ= -0.353 σ= 0.490    Δμ=+0.30σ  σ_ratio=1.10
        class==0:
          guard_metric_pos      real μ= +0.641 σ= 0.258    syn μ= +0.540 σ= 0.272    Δμ=-0.39σ  σ_ratio=1.06
          atr_norm              real μ= +0.237 σ= 0.681    syn μ= +0.394 σ= 0.602    Δμ=+0.23σ  σ_ratio=0.88
          guard_metric_neg      real μ= +0.004 σ= 0.036    syn μ= +0.012 σ= 0.078    Δμ=+0.22σ  σ_ratio=2.16

    === Joint-distribution diagnostic (correlation matrix) ===
      task        cls  used_real   used_syn   |Δρ|max   |Δρ|mean  flag
      ----------------------------------------------------------------------
      class         0       4049      10053     0.249      0.065  ok
      class         2       4248       9854     0.221      0.072  ok

      worst feature PAIRS per bucket (top 2 by |Δρ|):
        class==0:
          rsi_scaled         × spread_ma           real ρ=+0.18  syn ρ=-0.07  Δρ=+0.25
          fastk_scaled       × fast_diff           real ρ=-0.55  syn ρ=-0.31  Δρ=-0.24
          adx_scaled         × sar_ratio           real ρ=+0.17  syn ρ=-0.06  Δρ=+0.23
        class==2:
          fast_diff          × bb_position         real ρ=-0.37  syn ρ=-0.15  Δρ=-0.22
          fastk_scaled       × fast_diff           real ρ=-0.49  syn ρ=-0.28  Δρ=-0.22
          macdhist_norm      × adx_scaled          real ρ=+0.30  syn ρ=+0.08  Δρ=+0.22
    Columns exceeding ±10 before clipping: [('bb_width', -1.0001307528502497, 98.36947836360874)]
    balance_single_task: class counts {0: 4827, 1: 46520, 2: 3959} (gan_type=CTAB_GAN)
    balance_single_task: per-class additions {0: 9129, 2: 9997}
      generated 9129 samples for class 0
      generated 9997 samples for class 2
    balance_single_task: rows 55306 -> 74432; counts {0: 4827, 1: 46520, 2: 3959} -> {0: 13956, 1: 46520, 2: 13956}
    === GAN fidelity diagnostic (real vs synthetic) ===
      real rows:      55306    synth rows:      19126    features: 24
      task        cls     N_real      N_syn    |Δμ|max    σ_syn/σ_real  flag
      ----------------------------------------------------------------------
      class         0       4827       9129      0.30σ   0.69/ 0.97  ok
      class         1      46520          0          -               -  no synth
      class         2       3959       9997      0.25σ   0.64/ 0.96  ok

      worst features per bucket (top 2 by severity):
        class==0:
          macdhist_norm         real μ= +0.442 σ= 0.506    syn μ= +0.292 σ= 0.583    Δμ=-0.30σ  σ_ratio=1.15
          spread_ma             real μ= +0.102 σ= 0.836    syn μ= +0.290 σ= 0.805    Δμ=+0.23σ  σ_ratio=0.96
          di_diff_scaled        real μ= +0.505 σ= 0.553    syn μ= +0.623 σ= 0.448    Δμ=+0.21σ  σ_ratio=0.81
        class==2:
          atr_norm              real μ= +0.177 σ= 0.646    syn μ= +0.342 σ= 0.647    Δμ=+0.25σ  σ_ratio=1.00
          spread_ma             real μ= +0.050 σ= 0.834    syn μ= +0.257 σ= 0.832    Δμ=+0.25σ  σ_ratio=1.00
          guard_metric_neg      real μ= +0.639 σ= 0.290    syn μ= +0.707 σ= 0.272    Δμ=+0.23σ  σ_ratio=0.94

    === Joint-distribution diagnostic (correlation matrix) ===
      task        cls  used_real   used_syn   |Δρ|max   |Δρ|mean  flag
      ----------------------------------------------------------------------
      class         0       4827       9129     0.218      0.070  ok
      class         2       3959       9997     0.231      0.055  ok

      worst feature PAIRS per bucket (top 2 by |Δρ|):
        class==0:
          ema_fast_norm      × adx_scaled          real ρ=-0.02  syn ρ=+0.20  Δρ=-0.22
          macd_pos           × di_diff_scaled      real ρ=+0.27  syn ρ=+0.49  Δρ=-0.21
          atr_norm           × cci_scaled          real ρ=+0.17  syn ρ=-0.04  Δρ=+0.21
        class==2:
          fastk_scaled       × fast_diff           real ρ=-0.44  syn ρ=-0.21  Δρ=-0.23
          guard_metric_neg   × macd_pos            real ρ=-0.44  syn ρ=-0.25  Δρ=-0.19
          guard_metric_neg   × macd_neg            real ρ=+0.59  syn ρ=+0.40  Δρ=+0.19
    MLX model not found (/Users/philprice95/projects/freqtrade/user_data/strategies/saved_data/NNNC_CGP_MLX/NNNC_CGP_MLX.safetensors)...
    MLX model created.  Parameters: 12,483

    Training MLX model: NNNC_CGP_MLX
    train: (949392, 16, 24)  test: (179890, 16, 24)
    batch_size: 2048  max_epochs: 100
    grad clip (global L2 norm): 1.0
    Epoch   1/100 — loss: 0.4932  val_loss: 0.3458  val_precision: 0.3769  val_f1_class_2: 0.5133  val_mcc: 0.5132  clips:24
    ✓ Best model saved  (val_mcc: 0.5132)
    Epoch   2/100 — loss: 0.3555  val_loss: 0.3194  val_precision: 0.3971  val_f1_class_2: 0.5303  val_mcc: 0.5284  clips:1
    ✓ Best model saved  (val_mcc: 0.5284)
    Epoch   3/100 — loss: 0.3327  val_loss: 0.3118  val_precision: 0.4020  val_f1_class_2: 0.5388  val_mcc: 0.5395
    ✓ Best model saved  (val_mcc: 0.5395)
    Epoch   4/100 — loss: 0.3207  val_loss: 0.3066  val_precision: 0.4005  val_f1_class_2: 0.5400  val_mcc: 0.5445
    ✓ Best model saved  (val_mcc: 0.5445)
    Epoch   5/100 — loss: 0.3133  val_loss: 0.3029  val_precision: 0.4028  val_f1_class_2: 0.5429  val_mcc: 0.5480
    ✓ Best model saved  (val_mcc: 0.5480)
    Epoch   6/100 — loss: 0.3084  val_loss: 0.3015  val_precision: 0.3938  val_f1_class_2: 0.5407  val_mcc: 0.5505
    ✓ Best model saved  (val_mcc: 0.5505)
    Epoch   7/100 — loss: 0.3032  val_loss: 0.2985  val_precision: 0.4082  val_f1_class_2: 0.5472  val_mcc: 0.5525
    ✓ Best model saved  (val_mcc: 0.5525)
    Epoch   8/100 — loss: 0.2993  val_loss: 0.2966  val_precision: 0.4071  val_f1_class_2: 0.5482  val_mcc: 0.5544
    ✓ Best model saved  (val_mcc: 0.5544)
    Epoch   9/100 — loss: 0.2966  val_loss: 0.2961  val_precision: 0.4076  val_f1_class_2: 0.5498  val_mcc: 0.5550
    ✓ Best model saved  (val_mcc: 0.5550)
    Epoch  10/100 — loss: 0.2946  val_loss: 0.2943  val_precision: 0.4144  val_f1_class_2: 0.5514  val_mcc: 0.5559  clips:1
    ✓ Best model saved  (val_mcc: 0.5559)
    Epoch  11/100 — loss: 0.2920  val_loss: 0.2930  val_precision: 0.4103  val_f1_class_2: 0.5516  val_mcc: 0.5567
    ✓ Best model saved  (val_mcc: 0.5567)
    Epoch  12/100 — loss: 0.2902  val_loss: 0.2921  val_precision: 0.4113  val_f1_class_2: 0.5530  val_mcc: 0.5585  clips:1
    ✓ Best model saved  (val_mcc: 0.5585)
    Epoch  13/100 — loss: 0.2881  val_loss: 0.2906  val_precision: 0.4214  val_f1_class_2: 0.5577  val_mcc: 0.5600
    ✓ Best model saved  (val_mcc: 0.5600)
    Epoch  14/100 — loss: 0.2866  val_loss: 0.2899  val_precision: 0.4241  val_f1_class_2: 0.5589  val_mcc: 0.5602
    ✓ Best model saved  (val_mcc: 0.5602)
    Epoch  15/100 — loss: 0.2854  val_loss: 0.2891  val_precision: 0.4244  val_f1_class_2: 0.5594  val_mcc: 0.5608  clips:1
    ✓ Best model saved  (val_mcc: 0.5608)
    Epoch  16/100 — loss: 0.2840  val_loss: 0.2882  val_precision: 0.4206  val_f1_class_2: 0.5587  val_mcc: 0.5617  clips:1
    ✓ Best model saved  (val_mcc: 0.5617)
    Epoch  17/100 — loss: 0.2833  val_loss: 0.2879  val_precision: 0.4359  val_f1_class_2: 0.5642  val_mcc: 0.5621
    ✓ Best model saved  (val_mcc: 0.5621)
    Epoch  18/100 — loss: 0.2814  val_loss: 0.2878  val_precision: 0.4335  val_f1_class_2: 0.5630  val_mcc: 0.5604
    Epoch  19/100 — loss: 0.2809  val_loss: 0.2863  val_precision: 0.4205  val_f1_class_2: 0.5595  val_mcc: 0.5630
    ✓ Best model saved  (val_mcc: 0.5630)
    Epoch  20/100 — loss: 0.2796  val_loss: 0.2861  val_precision: 0.4308  val_f1_class_2: 0.5639  val_mcc: 0.5641  clips:2
    ✓ Best model saved  (val_mcc: 0.5641)
    Epoch  21/100 — loss: 0.2795  val_loss: 0.2851  val_precision: 0.4236  val_f1_class_2: 0.5612  val_mcc: 0.5637
    Epoch  22/100 — loss: 0.2788  val_loss: 0.2855  val_precision: 0.4248  val_f1_class_2: 0.5627  val_mcc: 0.5651
    ✓ Best model saved  (val_mcc: 0.5651)
    Epoch  23/100 — loss: 0.2781  val_loss: 0.2848  val_precision: 0.4181  val_f1_class_2: 0.5593  val_mcc: 0.5642
    Epoch  24/100 — loss: 0.2772  val_loss: 0.2844  val_precision: 0.4290  val_f1_class_2: 0.5647  val_mcc: 0.5658
    ✓ Best model saved  (val_mcc: 0.5658)
    Epoch  25/100 — loss: 0.2761  val_loss: 0.2841  val_precision: 0.4327  val_f1_class_2: 0.5651  val_mcc: 0.5656  clips:2
    Epoch  26/100 — loss: 0.2755  val_loss: 0.2841  val_precision: 0.4357  val_f1_class_2: 0.5673  val_mcc: 0.5657
    Epoch  27/100 — loss: 0.2756  val_loss: 0.2835  val_precision: 0.4360  val_f1_class_2: 0.5669  val_mcc: 0.5659
    ✓ Best model saved  (val_mcc: 0.5659)
    Epoch  28/100 — loss: 0.2749  val_loss: 0.2832  val_precision: 0.4403  val_f1_class_2: 0.5695  val_mcc: 0.5670  clips:1
    ✓ Best model saved  (val_mcc: 0.5670)
    Epoch  29/100 — loss: 0.2741  val_loss: 0.2827  val_precision: 0.4410  val_f1_class_2: 0.5686  val_mcc: 0.5664  clips:1
    Epoch  30/100 — loss: 0.2738  val_loss: 0.2825  val_precision: 0.4302  val_f1_class_2: 0.5660  val_mcc: 0.5680  clips:1
    ✓ Best model saved  (val_mcc: 0.5680)
    Epoch  31/100 — loss: 0.2732  val_loss: 0.2820  val_precision: 0.4304  val_f1_class_2: 0.5656  val_mcc: 0.5670  clips:1
    Epoch  32/100 — loss: 0.2730  val_loss: 0.2823  val_precision: 0.4387  val_f1_class_2: 0.5697  val_mcc: 0.5678  clips:2
    Epoch  33/100 — loss: 0.2724  val_loss: 0.2821  val_precision: 0.4509  val_f1_class_2: 0.5713  val_mcc: 0.5666
    Epoch  34/100 — loss: 0.2723  val_loss: 0.2816  val_precision: 0.4361  val_f1_class_2: 0.5688  val_mcc: 0.5682  clips:22026-05-29 07:45:45,014 - freqtrade.optimize.backtesting - INFO - Backtesting with data from 2024-06-08 00:00:00 up to 2026-05-28 15:45:00 (719 days).

    ✓ Best model saved  (val_mcc: 0.5682)
    Epoch  35/100 — loss: 0.2715  val_loss: 0.2816  val_precision: 0.4349  val_f1_class_2: 0.5677  val_mcc: 0.5676  clips:1
    Epoch  36/100 — loss: 0.2715  val_loss: 0.2810  val_precision: 0.4418  val_f1_class_2: 0.5696  val_mcc: 0.5683
    ✓ Best model saved  (val_mcc: 0.5683)
    Epoch  37/100 — loss: 0.2711  val_loss: 0.2811  val_precision: 0.4277  val_f1_class_2: 0.5657  val_mcc: 0.5687  clips:1
    ✓ Best model saved  (val_mcc: 0.5687)
    Epoch  38/100 — loss: 0.2707  val_loss: 0.2808  val_precision: 0.4368  val_f1_class_2: 0.5678  val_mcc: 0.5678
    Epoch  39/100 — loss: 0.2703  val_loss: 0.2809  val_precision: 0.4322  val_f1_class_2: 0.5672  val_mcc: 0.5681
    Epoch  40/100 — loss: 0.2696  val_loss: 0.2808  val_precision: 0.4293  val_f1_class_2: 0.5670  val_mcc: 0.5692
    ✓ Best model saved  (val_mcc: 0.5692)
    Epoch  41/100 — loss: 0.2692  val_loss: 0.2800  val_precision: 0.4324  val_f1_class_2: 0.5675  val_mcc: 0.5696  clips:3
    ✓ Best model saved  (val_mcc: 0.5696)
    Epoch  42/100 — loss: 0.2699  val_loss: 0.2801  val_precision: 0.4268  val_f1_class_2: 0.5668  val_mcc: 0.5702  clips:2
    ✓ Best model saved  (val_mcc: 0.5702)
    Epoch  43/100 — loss: 0.2692  val_loss: 0.2810  val_precision: 0.4183  val_f1_class_2: 0.5627  val_mcc: 0.5695  clips:1
    Epoch  44/100 — loss: 0.2690  val_loss: 0.2798  val_precision: 0.4295  val_f1_class_2: 0.5676  val_mcc: 0.5704
    ✓ Best model saved  (val_mcc: 0.5704)
    Epoch  45/100 — loss: 0.2683  val_loss: 0.2798  val_precision: 0.4329  val_f1_class_2: 0.5680  val_mcc: 0.5695  clips:1
    Epoch  46/100 — loss: 0.2687  val_loss: 0.2798  val_precision: 0.4263  val_f1_class_2: 0.5663  val_mcc: 0.5706  clips:2
    ✓ Best model saved  (val_mcc: 0.5706)
    Epoch  47/100 — loss: 0.2684  val_loss: 0.2803  val_precision: 0.4327  val_f1_class_2: 0.5692  val_mcc: 0.5712
    ✓ Best model saved  (val_mcc: 0.5712)
    Epoch  48/100 — loss: 0.2678  val_loss: 0.2798  val_precision: 0.4263  val_f1_class_2: 0.5670  val_mcc: 0.5706  clips:1
    Epoch  49/100 — loss: 0.2677  val_loss: 0.2791  val_precision: 0.4434  val_f1_class_2: 0.5699  val_mcc: 0.5692
    Epoch  50/100 — loss: 0.2677  val_loss: 0.2791  val_precision: 0.4356  val_f1_class_2: 0.5700  val_mcc: 0.5714
    ✓ Best model saved  (val_mcc: 0.5714)
    Epoch  51/100 — loss: 0.2671  val_loss: 0.2796  val_precision: 0.4277  val_f1_class_2: 0.5652  val_mcc: 0.5693
    Epoch  52/100 — loss: 0.2673  val_loss: 0.2790  val_precision: 0.4328  val_f1_class_2: 0.5694  val_mcc: 0.5709  clips:1
    Epoch  53/100 — loss: 0.2671  val_loss: 0.2788  val_precision: 0.4321  val_f1_class_2: 0.5672  val_mcc: 0.5699  clips:1
    Epoch  54/100 — loss: 0.2671  val_loss: 0.2789  val_precision: 0.4268  val_f1_class_2: 0.5676  val_mcc: 0.5716  clips:1
    ✓ Best model saved  (val_mcc: 0.5716)
    Epoch  55/100 — loss: 0.2667  val_loss: 0.2785  val_precision: 0.4328  val_f1_class_2: 0.5676  val_mcc: 0.5700  clips:1
    Epoch  56/100 — loss: 0.2667  val_loss: 0.2787  val_precision: 0.4413  val_f1_class_2: 0.5723  val_mcc: 0.5712  clips:2
    Epoch  57/100 — loss: 0.2665  val_loss: 0.2782  val_precision: 0.4332  val_f1_class_2: 0.5694  val_mcc: 0.5715
    Epoch  58/100 — loss: 0.2661  val_loss: 0.2785  val_precision: 0.4444  val_f1_class_2: 0.5709  val_mcc: 0.5696  clips:1
    Epoch  59/100 — loss: 0.2661  val_loss: 0.2782  val_precision: 0.4406  val_f1_class_2: 0.5700  val_mcc: 0.5699  clips:1
    Epoch  60/100 — loss: 0.2659  val_loss: 0.2780  val_precision: 0.4435  val_f1_class_2: 0.5700  val_mcc: 0.5696
    Epoch  61/100 — loss: 0.2655  val_loss: 0.2783  val_precision: 0.4418  val_f1_class_2: 0.5689  val_mcc: 0.5697
    Epoch  62/100 — loss: 0.2653  val_loss: 0.2778  val_precision: 0.4307  val_f1_class_2: 0.5681  val_mcc: 0.5710  clips:1
    ReduceLROnPlateau → lr=1.00e-05
    Epoch  63/100 — loss: 0.2650  val_loss: 0.2778  val_precision: 0.4320  val_f1_class_2: 0.5684  val_mcc: 0.5715
    Epoch  64/100 — loss: 0.2648  val_loss: 0.2777  val_precision: 0.4364  val_f1_class_2: 0.5689  val_mcc: 0.5707
    Epoch  65/100 — loss: 0.2650  val_loss: 0.2777  val_precision: 0.4357  val_f1_class_2: 0.5695  val_mcc: 0.5713  clips:2
    Epoch  66/100 — loss: 0.2649  val_loss: 0.2777  val_precision: 0.4385  val_f1_class_2: 0.5697  val_mcc: 0.5706  clips:3
    Epoch  67/100 — loss: 0.2646  val_loss: 0.2779  val_precision: 0.4312  val_f1_class_2: 0.5682  val_mcc: 0.5715
    Epoch  68/100 — loss: 0.2648  val_loss: 0.2777  val_precision: 0.4353  val_f1_class_2: 0.5694  val_mcc: 0.5712  clips:2
    Epoch  69/100 — loss: 0.2649  val_loss: 0.2776  val_precision: 0.4366  val_f1_class_2: 0.5698  val_mcc: 0.5714  clips:2
    Epoch  70/100 — loss: 0.2643  val_loss: 0.2776  val_precision: 0.4362  val_f1_class_2: 0.5691  val_mcc: 0.5710  clips:1
    ReduceLROnPlateau → lr=1.00e-06
    Epoch  71/100 — loss: 0.2647  val_loss: 0.2776  val_precision: 0.4352  val_f1_class_2: 0.5688  val_mcc: 0.5711  clips:1
    Epoch  72/100 — loss: 0.2647  val_loss: 0.2777  val_precision: 0.4351  val_f1_class_2: 0.5689  val_mcc: 0.5712
    Epoch  73/100 — loss: 0.2648  val_loss: 0.2777  val_precision: 0.4355  val_f1_class_2: 0.5691  val_mcc: 0.5712  clips:1
    Epoch  74/100 — loss: 0.2648  val_loss: 0.2777  val_precision: 0.4355  val_f1_class_2: 0.5692  val_mcc: 0.5712  clips:1
    EarlyStopping at epoch 74 (no improvement for 20 epochs)
    Restoring best weights from /tmp/NNNC_CGP_MLX/checkpoint.safetensors
    Saving MLX model to: /Users/philprice95/projects/freqtrade/user_data/strategies/saved_data/NNNC_CGP_MLX/NNNC_CGP_MLX.safetensors
    Trading - Sell:
        min: 0.000 max: 0.864, mean: 0.196
        signals > 0.500: 14504 (21.0%)
        counts: [42180, 4403, 2365, 1979, 3631, 6427, 5590, 2390, 97, 0, 0]
        percentages: [0.61, 0.06, 0.03, 0.03, 0.05, 0.09, 0.08, 0.03, 0.0, 0.0, 0.0]
        cumulative: [0.61, 0.67, 0.71, 0.74, 0.79, 0.88, 0.96, 1.0, 1.0, 1.0, 1.0]
    Trading - Hold:
        min: 0.100 max: 0.971, mean: 0.630
        signals > 0.500: 41322 (59.8%)
        counts: [0, 391, 4664, 10236, 12449, 8168, 4009, 3858, 8174, 17113, 0]
        percentages: [0.0, 0.01, 0.07, 0.15, 0.18, 0.12, 0.06, 0.06, 0.12, 0.25, 0.0]
        cumulative: [0.0, 0.01, 0.07, 0.22, 0.4, 0.52, 0.58, 0.63, 0.75, 1.0, 1.0]
    Trading - Buy:
        min: 0.000 max: 0.898, mean: 0.174
        signals > 0.500: 12207 (17.7%)
        counts: [45339, 3598, 2131, 2015, 3772, 5431, 4325, 2168, 283, 0, 0]
        percentages: [0.66, 0.05, 0.03, 0.03, 0.05, 0.08, 0.06, 0.03, 0.0, 0.0, 0.0]
        cumulative: [0.66, 0.71, 0.74, 0.77, 0.82, 0.9, 0.96, 1.0, 1.0, 1.0, 1.0]

ZEC/USDT
    Comparing actual vs predicted signals

================================================================================
CLASSIFICATION PERFORMANCE ASSESSMENT (Tri-State)
================================================================================
--- Detailed Classification Report ---
              precision    recall  f1-score   support

         0.0      0.532     0.815     0.643      9463
         1.0      0.925     0.746     0.826     52507
         2.0      0.454     0.782     0.575      7092

    accuracy                          0.759     69062
   macro avg      0.637     0.781     0.681     69062
weighted avg      0.823     0.759     0.775     69062


--- Confusion Matrix ---
Rows = True, Columns = Predicted
             Sell     Hold      Buy
    Sell     7710     1699       54
    Hold     6727    39175     6605
     Buy       67     1477     5548

--- Qualitative Assessment of Key Metrics ---
Metric                    Score   Assessment                               Trading Context
-------------------------   -------   ----------------------------------------   ------------------------------
Precision (Sell)          0.532   Okay. Acceptable, but needs improvement. Avoid false sell signals (support: 9463.0)
Recall (Sell)             0.815   Excellent. Very strong performance.      Find all sell opportunities (support: 9463.0)
F1-Score (Sell)           0.643   Good. Reliable performance.              Balanced performance on Sell signal (support: 9463.0)
Precision (Hold)          0.925   Excellent. Very strong performance.      Correctly identify neutral periods (support: 52507.0)
Recall (Hold)             0.746   Good. Reliable performance.              Find all neutral periods (support: 52507.0)
F1-Score (Hold)           0.826   Excellent. Very strong performance.      Balanced performance on Hold signal (support: 52507.0)
Precision (Buy)           0.454   Okay. Acceptable, but needs improvement. Avoid false buy signals (support: 7092.0)
Recall (Buy)              0.782   Good. Reliable performance.              Find all buy opportunities (support: 7092.0)
F1-Score (Buy)            0.575   Okay. Acceptable, but needs improvement. Balanced performance on Buy signal (support: 7092.0)

--- Overall Performance Metrics ---

--- Qualitative Assessment of Key Metrics ---
Metric                    Score   Assessment                               Trading Context
-------------------------   -------   ----------------------------------------   ------------------------------
Macro Avg Precision       0.637   Good. Reliable performance.              Average precision across all classes
Macro Avg Recall          0.781   Good. Reliable performance.              Average recall across all classes
Macro Avg F1-Score        0.681   Good. Reliable performance.              Average F1-score across all classes
Weighted Avg Precision    0.823   Excellent. Very strong performance.      Support-weighted average precision
Weighted Avg Recall       0.759   Good. Reliable performance.              Support-weighted average recall
Weighted Avg F1-Score     0.775   Good. Reliable performance.              Support-weighted average F1-score
MCC                       0.530   Good. Reliable positive correlation.     Correlation between prediction and reality
Cohen's Kappa             0.505   Moderate. Meaningful agreement.          Agreement better than random chance

--- Summary and Recommendation ---
🌟 GOOD PERFORMANCE: The model shows strong balance (Macro F1-Score 0.681, Weighted F1-Score 0.775) and reliable correlation (MCC 0.530). All classes performing reasonably well.
================================================================================
    Trading - Sell:
        min: 0.000 max: 0.876, mean: 0.104
        signals > 0.500: 6289 (9.1%)
        counts: [54514, 4532, 1778, 1053, 896, 1716, 3603, 944, 26, 0, 0]
        percentages: [0.79, 0.07, 0.03, 0.02, 0.01, 0.02, 0.05, 0.01, 0.0, 0.0, 0.0]
        cumulative: [0.79, 0.85, 0.88, 0.9, 0.91, 0.93, 0.99, 1.0, 1.0, 1.0, 1.0]
    Trading - Hold:
        min: 0.122 max: 0.972, mean: 0.807
        signals > 0.500: 57022 (82.6%)
        counts: [0, 126, 2044, 6136, 3734, 1945, 1840, 2793, 8384, 42060, 0]
        percentages: [0.0, 0.0, 0.03, 0.09, 0.05, 0.03, 0.03, 0.04, 0.12, 0.61, 0.0]
        cumulative: [0.0, 0.0, 0.03, 0.12, 0.17, 0.2, 0.23, 0.27, 0.39, 1.0, 1.0]
    Trading - Buy:
        min: 0.000 max: 0.877, mean: 0.089
        signals > 0.500: 5454 (7.9%)
        counts: [58231, 2688, 1068, 762, 859, 1860, 2432, 1064, 98, 0, 0]
        percentages: [0.84, 0.04, 0.02, 0.01, 0.01, 0.03, 0.04, 0.02, 0.0, 0.0, 0.0]
        cumulative: [0.84, 0.88, 0.9, 0.91, 0.92, 0.95, 0.98, 1.0, 1.0, 1.0, 1.0]

XRP/USDT
    Comparing actual vs predicted signals

================================================================================
CLASSIFICATION PERFORMANCE ASSESSMENT (Tri-State)
================================================================================
--- Detailed Classification Report ---
              precision    recall  f1-score   support

         0.0      0.614     0.887     0.726      4355
         1.0      0.983     0.928     0.954     60725
         2.0      0.633     0.866     0.731      3982

    accuracy                          0.922     69062
   macro avg      0.743     0.894     0.804     69062
weighted avg      0.939     0.922     0.927     69062


--- Confusion Matrix ---
Rows = True, Columns = Predicted
             Sell     Hold      Buy
    Sell     3864      482        9
    Hold     2401    56329     1995
     Buy       24      508     3450

--- Qualitative Assessment of Key Metrics ---
Metric                    Score   Assessment                               Trading Context
-------------------------   -------   ----------------------------------------   ------------------------------
Precision (Sell)          0.614   Good. Reliable performance.              Avoid false sell signals (support: 4355.0)
Recall (Sell)             0.887   Excellent. Very strong performance.      Find all sell opportunities (support: 4355.0)
F1-Score (Sell)           0.726   Good. Reliable performance.              Balanced performance on Sell signal (support: 4355.0)
Precision (Hold)          0.983   Excellent. Very strong performance.      Correctly identify neutral periods (support: 60725.0)
Recall (Hold)             0.928   Excellent. Very strong performance.      Find all neutral periods (support: 60725.0)
F1-Score (Hold)           0.954   Excellent. Very strong performance.      Balanced performance on Hold signal (support: 60725.0)
Precision (Buy)           0.633   Good. Reliable performance.              Avoid false buy signals (support: 3982.0)
Recall (Buy)              0.866   Excellent. Very strong performance.      Find all buy opportunities (support: 3982.0)
F1-Score (Buy)            0.731   Good. Reliable performance.              Balanced performance on Buy signal (support: 3982.0)

--- Overall Performance Metrics ---

--- Qualitative Assessment of Key Metrics ---
Metric                    Score   Assessment                               Trading Context
-------------------------   -------   ----------------------------------------   ------------------------------
Macro Avg Precision       0.743   Good. Reliable performance.              Average precision across all classes
Macro Avg Recall          0.894   Excellent. Very strong performance.      Average recall across all classes
Macro Avg F1-Score        0.804   Excellent. Very strong performance.      Average F1-score across all classes
Weighted Avg Precision    0.939   Excellent. Very strong performance.      Support-weighted average precision
Weighted Avg Recall       0.922   Excellent. Very strong performance.      Support-weighted average recall
Weighted Avg F1-Score     0.927   Excellent. Very strong performance.      Support-weighted average F1-score
MCC                       0.711   Excellent. Strong positive correlation.  Correlation between prediction and reality
Cohen's Kappa             0.698   Substantial. Strong agreement.           Agreement better than random chance

--- Summary and Recommendation ---
🌟 GOOD PERFORMANCE: The model shows strong balance (Macro F1-Score 0.804, Weighted F1-Score 0.927) and reliable correlation (MCC 0.711). All classes performing reasonably well.
================================================================================
    Trading - Sell:
        min: 0.000 max: 0.847, mean: 0.110
        signals > 0.500: 6408 (9.3%)
        counts: [52389, 5473, 2261, 1422, 1109, 2325, 3561, 514, 8, 0, 0]
        percentages: [0.76, 0.08, 0.03, 0.02, 0.02, 0.03, 0.05, 0.01, 0.0, 0.0, 0.0]
        cumulative: [0.76, 0.84, 0.87, 0.89, 0.91, 0.94, 0.99, 1.0, 1.0, 1.0, 1.0]
    Trading - Hold:
        min: 0.122 max: 0.972, mean: 0.790
        signals > 0.500: 56185 (81.4%)
        counts: [0, 57, 1392, 6637, 4791, 2350, 2511, 3699, 10646, 36979, 0]
        percentages: [0.0, 0.0, 0.02, 0.1, 0.07, 0.03, 0.04, 0.05, 0.15, 0.54, 0.0]
        cumulative: [0.0, 0.0, 0.02, 0.12, 0.19, 0.22, 0.26, 0.31, 0.46, 1.0, 1.0]
    Trading - Buy:
        min: 0.000 max: 0.878, mean: 0.099
        signals > 0.500: 6196 (9.0%)
        counts: [55939, 3501, 1379, 990, 1057, 2346, 2959, 845, 46, 0, 0]
        percentages: [0.81, 0.05, 0.02, 0.01, 0.02, 0.03, 0.04, 0.01, 0.0, 0.0, 0.0]
        cumulative: [0.81, 0.86, 0.88, 0.89, 0.91, 0.94, 0.99, 1.0, 1.0, 1.0, 1.0]

SOL/USDT
    Comparing actual vs predicted signals

================================================================================
CLASSIFICATION PERFORMANCE ASSESSMENT (Tri-State)
================================================================================
--- Detailed Classification Report ---
              precision    recall  f1-score   support

         0.0      0.529     0.875     0.659      3870
         1.0      0.980     0.907     0.942     60988
         2.0      0.567     0.835     0.675      4204

    accuracy                          0.901     69062
   macro avg      0.692     0.872     0.759     69062
weighted avg      0.929     0.901     0.910     69062


--- Confusion Matrix ---
Rows = True, Columns = Predicted
             Sell     Hold      Buy
    Sell     3387      478        5
    Hold     3006    55303     2679
     Buy       15      677     3512

--- Qualitative Assessment of Key Metrics ---
Metric                    Score   Assessment                               Trading Context
-------------------------   -------   ----------------------------------------   ------------------------------
Precision (Sell)          0.529   Okay. Acceptable, but needs improvement. Avoid false sell signals (support: 3870.0)
Recall (Sell)             0.875   Excellent. Very strong performance.      Find all sell opportunities (support: 3870.0)
F1-Score (Sell)           0.659   Good. Reliable performance.              Balanced performance on Sell signal (support: 3870.0)
Precision (Hold)          0.980   Excellent. Very strong performance.      Correctly identify neutral periods (support: 60988.0)
Recall (Hold)             0.907   Excellent. Very strong performance.      Find all neutral periods (support: 60988.0)
F1-Score (Hold)           0.942   Excellent. Very strong performance.      Balanced performance on Hold signal (support: 60988.0)
Precision (Buy)           0.567   Okay. Acceptable, but needs improvement. Avoid false buy signals (support: 4204.0)
Recall (Buy)              0.835   Excellent. Very strong performance.      Find all buy opportunities (support: 4204.0)
F1-Score (Buy)            0.675   Good. Reliable performance.              Balanced performance on Buy signal (support: 4204.0)

--- Overall Performance Metrics ---

--- Qualitative Assessment of Key Metrics ---
Metric                    Score   Assessment                               Trading Context
-------------------------   -------   ----------------------------------------   ------------------------------
Macro Avg Precision       0.692   Good. Reliable performance.              Average precision across all classes
Macro Avg Recall          0.872   Excellent. Very strong performance.      Average recall across all classes
Macro Avg F1-Score        0.759   Good. Reliable performance.              Average F1-score across all classes
Weighted Avg Precision    0.929   Excellent. Very strong performance.      Support-weighted average precision
Weighted Avg Recall       0.901   Excellent. Very strong performance.      Support-weighted average recall
Weighted Avg F1-Score     0.910   Excellent. Very strong performance.      Support-weighted average F1-score
MCC                       0.648   Excellent. Strong positive correlation.  Correlation between prediction and reality
Cohen's Kappa             0.629   Substantial. Strong agreement.           Agreement better than random chance

--- Summary and Recommendation ---
🌟 GOOD PERFORMANCE: The model shows strong balance (Macro F1-Score 0.759, Weighted F1-Score 0.910) and reliable correlation (MCC 0.648). All classes performing reasonably well.
================================================================================
    Trading - Sell:
        min: 0.000 max: 0.878, mean: 0.126
        signals > 0.500: 7761 (11.2%)
        counts: [50073, 5862, 2468, 1513, 1385, 2793, 4244, 710, 14, 0, 0]
        percentages: [0.73, 0.08, 0.04, 0.02, 0.02, 0.04, 0.06, 0.01, 0.0, 0.0, 0.0]
        cumulative: [0.73, 0.81, 0.85, 0.87, 0.89, 0.93, 0.99, 1.0, 1.0, 1.0, 1.0]
    Trading - Hold:
        min: 0.122 max: 0.972, mean: 0.764
        signals > 0.500: 53954 (78.1%)
        counts: [0, 86, 1895, 7581, 5546, 2911, 2687, 4110, 11588, 32658, 0]
        percentages: [0.0, 0.0, 0.03, 0.11, 0.08, 0.04, 0.04, 0.06, 0.17, 0.47, 0.0]
        cumulative: [0.0, 0.0, 0.03, 0.14, 0.22, 0.26, 0.3, 0.36, 0.53, 1.0, 1.0]
    Trading - Buy:
        min: 0.000 max: 0.850, mean: 0.110
        signals > 0.500: 6976 (10.1%)
        counts: [54534, 3668, 1505, 1112, 1267, 2566, 3204, 1142, 64, 0, 0]
        percentages: [0.79, 0.05, 0.02, 0.02, 0.02, 0.04, 0.05, 0.02, 0.0, 0.0, 0.0]
        cumulative: [0.79, 0.84, 0.86, 0.88, 0.9, 0.94, 0.98, 1.0, 1.0, 1.0, 1.0]

LINK/USDT
    Comparing actual vs predicted signals

================================================================================
CLASSIFICATION PERFORMANCE ASSESSMENT (Tri-State)
================================================================================
--- Detailed Classification Report ---
              precision    recall  f1-score   support

         0.0      0.561     0.856     0.678      5081
         1.0      0.972     0.894     0.931     59086
         2.0      0.584     0.833     0.687      4895

    accuracy                          0.887     69062
   macro avg      0.706     0.861     0.765     69062
weighted avg      0.914     0.887     0.895     69062


--- Confusion Matrix ---
Rows = True, Columns = Predicted
             Sell     Hold      Buy
    Sell     4351      723        7
    Hold     3395    52798     2893
     Buy       15      804     4076

--- Qualitative Assessment of Key Metrics ---
Metric                    Score   Assessment                               Trading Context
-------------------------   -------   ----------------------------------------   ------------------------------
Precision (Sell)          0.561   Okay. Acceptable, but needs improvement. Avoid false sell signals (support: 5081.0)
Recall (Sell)             0.856   Excellent. Very strong performance.      Find all sell opportunities (support: 5081.0)
F1-Score (Sell)           0.678   Good. Reliable performance.              Balanced performance on Sell signal (support: 5081.0)
Precision (Hold)          0.972   Excellent. Very strong performance.      Correctly identify neutral periods (support: 59086.0)
Recall (Hold)             0.894   Excellent. Very strong performance.      Find all neutral periods (support: 59086.0)
F1-Score (Hold)           0.931   Excellent. Very strong performance.      Balanced performance on Hold signal (support: 59086.0)
Precision (Buy)           0.584   Okay. Acceptable, but needs improvement. Avoid false buy signals (support: 4895.0)
Recall (Buy)              0.833   Excellent. Very strong performance.      Find all buy opportunities (support: 4895.0)
F1-Score (Buy)            0.687   Good. Reliable performance.              Balanced performance on Buy signal (support: 4895.0)

--- Overall Performance Metrics ---

--- Qualitative Assessment of Key Metrics ---
Metric                    Score   Assessment                               Trading Context
-------------------------   -------   ----------------------------------------   ------------------------------
Macro Avg Precision       0.706   Good. Reliable performance.              Average precision across all classes
Macro Avg Recall          0.861   Excellent. Very strong performance.      Average recall across all classes
Macro Avg F1-Score        0.765   Good. Reliable performance.              Average F1-score across all classes
Weighted Avg Precision    0.914   Excellent. Very strong performance.      Support-weighted average precision
Weighted Avg Recall       0.887   Excellent. Very strong performance.      Support-weighted average recall
Weighted Avg F1-Score     0.895   Excellent. Very strong performance.      Support-weighted average F1-score
MCC                       0.652   Excellent. Strong positive correlation.  Correlation between prediction and reality
Cohen's Kappa             0.636   Substantial. Strong agreement.           Agreement better than random chance

--- Summary and Recommendation ---
🌟 GOOD PERFORMANCE: The model shows strong balance (Macro F1-Score 0.765, Weighted F1-Score 0.895) and reliable correlation (MCC 0.652). All classes performing reasonably well.
================================================================================
    Trading - Sell:
        min: 0.000 max: 0.852, mean: 0.180
        signals > 0.500: 12439 (18.0%)
        counts: [42125, 5825, 3000, 2211, 3462, 6233, 5144, 1030, 32, 0, 0]
        percentages: [0.61, 0.08, 0.04, 0.03, 0.05, 0.09, 0.07, 0.01, 0.0, 0.0, 0.0]
        cumulative: [0.61, 0.69, 0.74, 0.77, 0.82, 0.91, 0.98, 1.0, 1.0, 1.0, 1.0]
    Trading - Hold:
        min: 0.108 max: 0.972, mean: 0.660
        signals > 0.500: 44817 (64.9%)
        counts: [0, 126, 2497, 9371, 12251, 7494, 4364, 5094, 9999, 17866, 0]
        percentages: [0.0, 0.0, 0.04, 0.14, 0.18, 0.11, 0.06, 0.07, 0.14, 0.26, 0.0]
        cumulative: [0.0, 0.0, 0.04, 0.17, 0.35, 0.46, 0.52, 0.6, 0.74, 1.0, 1.0]
    Trading - Buy:
        min: 0.000 max: 0.891, mean: 0.160
        signals > 0.500: 10905 (15.8%)
        counts: [46238, 4291, 2330, 2005, 3293, 5422, 4007, 1388, 88, 0, 0]
        percentages: [0.67, 0.06, 0.03, 0.03, 0.05, 0.08, 0.06, 0.02, 0.0, 0.0, 0.0]
        cumulative: [0.67, 0.73, 0.77, 0.79, 0.84, 0.92, 0.98, 1.0, 1.0, 1.0, 1.0]

NEAR/USDT
    Comparing actual vs predicted signals

================================================================================
CLASSIFICATION PERFORMANCE ASSESSMENT (Tri-State)
================================================================================
--- Detailed Classification Report ---
              precision    recall  f1-score   support

         0.0      0.488     0.796     0.605      7632
         1.0      0.928     0.782     0.848     54251
         2.0      0.490     0.744     0.590      7179

    accuracy                          0.779     69062
   macro avg      0.635     0.774     0.681     69062
weighted avg      0.833     0.779     0.795     69062


--- Confusion Matrix ---
Rows = True, Columns = Predicted
             Sell     Hold      Buy
    Sell     6073     1543       16
    Hold     6296    42404     5551
     Buy       70     1771     5338

--- Qualitative Assessment of Key Metrics ---
Metric                    Score   Assessment                               Trading Context
-------------------------   -------   ----------------------------------------   ------------------------------
Precision (Sell)          0.488   Okay. Acceptable, but needs improvement. Avoid false sell signals (support: 7632.0)
Recall (Sell)             0.796   Good. Reliable performance.              Find all sell opportunities (support: 7632.0)
F1-Score (Sell)           0.605   Good. Reliable performance.              Balanced performance on Sell signal (support: 7632.0)
Precision (Hold)          0.928   Excellent. Very strong performance.      Correctly identify neutral periods (support: 54251.0)
Recall (Hold)             0.782   Good. Reliable performance.              Find all neutral periods (support: 54251.0)
F1-Score (Hold)           0.848   Excellent. Very strong performance.      Balanced performance on Hold signal (support: 54251.0)
Precision (Buy)           0.490   Okay. Acceptable, but needs improvement. Avoid false buy signals (support: 7179.0)
Recall (Buy)              0.744   Good. Reliable performance.              Find all buy opportunities (support: 7179.0)
F1-Score (Buy)            0.590   Okay. Acceptable, but needs improvement. Balanced performance on Buy signal (support: 7179.0)

--- Overall Performance Metrics ---

--- Qualitative Assessment of Key Metrics ---
Metric                    Score   Assessment                               Trading Context
-------------------------   -------   ----------------------------------------   ------------------------------
Macro Avg Precision       0.635   Good. Reliable performance.              Average precision across all classes
Macro Avg Recall          0.774   Good. Reliable performance.              Average recall across all classes
Macro Avg F1-Score        0.681   Good. Reliable performance.              Average F1-score across all classes
Weighted Avg Precision    0.833   Excellent. Very strong performance.      Support-weighted average precision
Weighted Avg Recall       0.779   Good. Reliable performance.              Support-weighted average recall
Weighted Avg F1-Score     0.795   Good. Reliable performance.              Support-weighted average F1-score
MCC                       0.523   Good. Reliable positive correlation.     Correlation between prediction and reality
Cohen's Kappa             0.502   Moderate. Meaningful agreement.          Agreement better than random chance

--- Summary and Recommendation ---
🌟 GOOD PERFORMANCE: The model shows strong balance (Macro F1-Score 0.681, Weighted F1-Score 0.795) and reliable correlation (MCC 0.523). All classes performing reasonably well.
================================================================================
    Trading - Sell:
        min: 0.000 max: 0.887, mean: 0.166
        signals > 0.500: 10742 (15.6%)
        counts: [43929, 5944, 2963, 2186, 3298, 5420, 4355, 958, 9, 0, 0]
        percentages: [0.64, 0.09, 0.04, 0.03, 0.05, 0.08, 0.06, 0.01, 0.0, 0.0, 0.0]
        cumulative: [0.64, 0.72, 0.77, 0.8, 0.84, 0.92, 0.99, 1.0, 1.0, 1.0, 1.0]
    Trading - Hold:
        min: 0.112 max: 0.973, mean: 0.693
        signals > 0.500: 48598 (70.4%)
        counts: [0, 77, 2185, 7748, 10454, 7066, 4212, 5001, 10971, 21348, 0]
        percentages: [0.0, 0.0, 0.03, 0.11, 0.15, 0.1, 0.06, 0.07, 0.16, 0.31, 0.0]
        cumulative: [0.0, 0.0, 0.03, 0.14, 0.3, 0.4, 0.46, 0.53, 0.69, 1.0, 1.0]
    Trading - Buy:
        min: 0.000 max: 0.868, mean: 0.141
        signals > 0.500: 8966 (13.0%)
        counts: [48837, 4191, 2126, 1827, 3115, 4549, 3195, 1157, 65, 0, 0]
        percentages: [0.71, 0.06, 0.03, 0.03, 0.05, 0.07, 0.05, 0.02, 0.0, 0.0, 0.0]
        cumulative: [0.71, 0.77, 0.8, 0.83, 0.87, 0.94, 0.98, 1.0, 1.0, 1.0, 1.0]

AAVE/USDT
    Comparing actual vs predicted signals

================================================================================
CLASSIFICATION PERFORMANCE ASSESSMENT (Tri-State)
================================================================================
--- Detailed Classification Report ---
              precision    recall  f1-score   support

         0.0      0.480     0.777     0.593      6640
         1.0      0.939     0.821     0.876     56477
         2.0      0.486     0.733     0.585      5945

    accuracy                          0.809     69062
   macro avg      0.635     0.777     0.685     69062
weighted avg      0.856     0.809     0.824     69062


--- Confusion Matrix ---
Rows = True, Columns = Predicted
             Sell     Hold      Buy
    Sell     5158     1464       18
    Hold     5535    46352     4590
     Buy       49     1538     4358

--- Qualitative Assessment of Key Metrics ---
Metric                    Score   Assessment                               Trading Context
-------------------------   -------   ----------------------------------------   ------------------------------
Precision (Sell)          0.480   Okay. Acceptable, but needs improvement. Avoid false sell signals (support: 6640.0)
Recall (Sell)             0.777   Good. Reliable performance.              Find all sell opportunities (support: 6640.0)
F1-Score (Sell)           0.593   Okay. Acceptable, but needs improvement. Balanced performance on Sell signal (support: 6640.0)
Precision (Hold)          0.939   Excellent. Very strong performance.      Correctly identify neutral periods (support: 56477.0)
Recall (Hold)             0.821   Excellent. Very strong performance.      Find all neutral periods (support: 56477.0)
F1-Score (Hold)           0.876   Excellent. Very strong performance.      Balanced performance on Hold signal (support: 56477.0)
Precision (Buy)           0.486   Okay. Acceptable, but needs improvement. Avoid false buy signals (support: 5945.0)
Recall (Buy)              0.733   Good. Reliable performance.              Find all buy opportunities (support: 5945.0)
F1-Score (Buy)            0.585   Okay. Acceptable, but needs improvement. Balanced performance on Buy signal (support: 5945.0)

--- Overall Performance Metrics ---

--- Qualitative Assessment of Key Metrics ---
Metric                    Score   Assessment                               Trading Context
-------------------------   -------   ----------------------------------------   ------------------------------
Macro Avg Precision       0.635   Good. Reliable performance.              Average precision across all classes
Macro Avg Recall          0.777   Good. Reliable performance.              Average recall across all classes
Macro Avg F1-Score        0.685   Good. Reliable performance.              Average F1-score across all classes
Weighted Avg Precision    0.856   Excellent. Very strong performance.      Support-weighted average precision
Weighted Avg Recall       0.809   Excellent. Very strong performance.      Support-weighted average recall
Weighted Avg F1-Score     0.824   Excellent. Very strong performance.      Support-weighted average F1-score
MCC                       0.528   Good. Reliable positive correlation.     Correlation between prediction and reality
Cohen's Kappa             0.509   Moderate. Meaningful agreement.          Agreement better than random chance

--- Summary and Recommendation ---
🌟 GOOD PERFORMANCE: The model shows strong balance (Macro F1-Score 0.685, Weighted F1-Score 0.824) and reliable correlation (MCC 0.528). All classes performing reasonably well.
================================================================================
    Trading - Sell:
        min: 0.000 max: 0.910, mean: 0.162
        signals > 0.500: 10419 (15.1%)
        counts: [46304, 4132, 2248, 1765, 4284, 6019, 3026, 1217, 155, 2, 0]
        percentages: [0.67, 0.06, 0.03, 0.03, 0.06, 0.09, 0.04, 0.02, 0.0, 0.0, 0.0]
        cumulative: [0.67, 0.73, 0.76, 0.79, 0.85, 0.94, 0.98, 1.0, 1.0, 1.0, 1.0]
    Trading - Hold:
        min: 0.053 max: 0.973, mean: 0.687
        signals > 0.500: 48293 (69.8%)
        counts: [15, 361, 2606, 6027, 11850, 9361, 3494, 3439, 8188, 23811, 0]
        percentages: [0.0, 0.01, 0.04, 0.09, 0.17, 0.14, 0.05, 0.05, 0.12, 0.34, 0.0]
        cumulative: [0.0, 0.01, 0.04, 0.13, 0.3, 0.44, 0.49, 0.54, 0.66, 1.0, 1.0]
    Trading - Buy:
        min: 0.000 max: 0.946, mean: 0.151
        signals > 0.500: 9549 (13.8%)
        counts: [48868, 2937, 1666, 1627, 4505, 5219, 2804, 1315, 198, 13, 0]
        percentages: [0.71, 0.04, 0.02, 0.02, 0.07, 0.08, 0.04, 0.02, 0.0, 0.0, 0.0]
        cumulative: [0.71, 0.75, 0.77, 0.8, 0.86, 0.94, 0.98, 1.0, 1.0, 1.0, 1.0]

DASH/USDT
    Comparing actual vs predicted signals

================================================================================
CLASSIFICATION PERFORMANCE ASSESSMENT (Tri-State)
================================================================================
--- Detailed Classification Report ---
              precision    recall  f1-score   support

         0.0      0.431     0.726     0.541      6180
         1.0      0.937     0.795     0.860     57983
         2.0      0.363     0.696     0.478      4989

    accuracy                          0.781     69152
   macro avg      0.577     0.739     0.626     69152
weighted avg      0.850     0.781     0.804     69152


--- Confusion Matrix ---
Rows = True, Columns = Predicted
             Sell     Hold      Buy
    Sell     4488     1642       50
    Hold     5881    46074     6028
     Buy       50     1468     3471

--- Qualitative Assessment of Key Metrics ---
Metric                    Score   Assessment                               Trading Context
-------------------------   -------   ----------------------------------------   ------------------------------
Precision (Sell)          0.431   Okay. Acceptable, but needs improvement. Avoid false sell signals (support: 6180.0)
Recall (Sell)             0.726   Good. Reliable performance.              Find all sell opportunities (support: 6180.0)
F1-Score (Sell)           0.541   Okay. Acceptable, but needs improvement. Balanced performance on Sell signal (support: 6180.0)
Precision (Hold)          0.937   Excellent. Very strong performance.      Correctly identify neutral periods (support: 57983.0)
Recall (Hold)             0.795   Good. Reliable performance.              Find all neutral periods (support: 57983.0)
F1-Score (Hold)           0.860   Excellent. Very strong performance.      Balanced performance on Hold signal (support: 57983.0)
Precision (Buy)           0.363   Poor. Significant room for improvement.  Avoid false buy signals (support: 4989.0)
Recall (Buy)              0.696   Good. Reliable performance.              Find all buy opportunities (support: 4989.0)
F1-Score (Buy)            0.478   Okay. Acceptable, but needs improvement. Balanced performance on Buy signal (support: 4989.0)

--- Overall Performance Metrics ---

--- Qualitative Assessment of Key Metrics ---
Metric                    Score   Assessment                               Trading Context
-------------------------   -------   ----------------------------------------   ------------------------------
Macro Avg Precision       0.577   Okay. Acceptable, but needs improvement. Average precision across all classes
Macro Avg Recall          0.739   Good. Reliable performance.              Average recall across all classes
Macro Avg F1-Score        0.626   Good. Reliable performance.              Average F1-score across all classes
Weighted Avg Precision    0.850   Excellent. Very strong performance.      Support-weighted average precision
Weighted Avg Recall       0.781   Good. Reliable performance.              Support-weighted average recall
Weighted Avg F1-Score     0.804   Excellent. Very strong performance.      Support-weighted average F1-score
MCC                       0.451   Good. Reliable positive correlation.     Correlation between prediction and reality
Cohen's Kappa             0.425   Moderate. Meaningful agreement.          Agreement better than random chance

--- Summary and Recommendation ---
🚨 WARNING: Buy class precision is only 0.363. The model predicts 'Buy' but is **wrong 63% of the time**. This is dangerous for trading. **Priority: Improve Buy Precision.**
================================================================================
    Trading - Sell:
        min: 0.000 max: 0.860, mean: 0.173
        signals > 0.500: 12309 (17.8%)
        counts: [43901, 5998, 2878, 1994, 2072, 4193, 6483, 1608, 25, 0, 0]
        percentages: [0.63, 0.09, 0.04, 0.03, 0.03, 0.06, 0.09, 0.02, 0.0, 0.0, 0.0]
        cumulative: [0.63, 0.72, 0.76, 0.79, 0.82, 0.88, 0.98, 1.0, 1.0, 1.0, 1.0]
    Trading - Hold:
        min: 0.079 max: 0.972, mean: 0.670
        signals > 0.500: 44870 (64.9%)
        counts: [2, 133, 3683, 11698, 8766, 4732, 3787, 5134, 11524, 19693, 0]
        percentages: [0.0, 0.0, 0.05, 0.17, 0.13, 0.07, 0.05, 0.07, 0.17, 0.28, 0.0]
        cumulative: [0.0, 0.0, 0.06, 0.22, 0.35, 0.42, 0.47, 0.55, 0.72, 1.0, 1.0]
    Trading - Buy:
        min: 0.000 max: 0.920, mean: 0.157
        signals > 0.500: 11159 (16.1%)
        counts: [47228, 4691, 2276, 1740, 2058, 4097, 4960, 2000, 100, 2, 0]
        percentages: [0.68, 0.07, 0.03, 0.03, 0.03, 0.06, 0.07, 0.03, 0.0, 0.0, 0.0]
        cumulative: [0.68, 0.75, 0.78, 0.81, 0.84, 0.9, 0.97, 1.0, 1.0, 1.0, 1.0]

SUI/USDT
    Comparing actual vs predicted signals

================================================================================
CLASSIFICATION PERFORMANCE ASSESSMENT (Tri-State)
================================================================================
--- Detailed Classification Report ---
              precision    recall  f1-score   support

         0.0      0.575     0.855     0.687      8272
         1.0      0.944     0.814     0.874     53008
         2.0      0.576     0.816     0.675      7872

    accuracy                          0.819     69152
   macro avg      0.698     0.828     0.745     69152
weighted avg      0.858     0.819     0.829     69152


--- Confusion Matrix ---
Rows = True, Columns = Predicted
             Sell     Hold      Buy
    Sell     7072     1176       24
    Hold     5171    43126     4711
     Buy       66     1382     6424

--- Qualitative Assessment of Key Metrics ---
Metric                    Score   Assessment                               Trading Context
-------------------------   -------   ----------------------------------------   ------------------------------
Precision (Sell)          0.575   Okay. Acceptable, but needs improvement. Avoid false sell signals (support: 8272.0)
Recall (Sell)             0.855   Excellent. Very strong performance.      Find all sell opportunities (support: 8272.0)
F1-Score (Sell)           0.687   Good. Reliable performance.              Balanced performance on Sell signal (support: 8272.0)
Precision (Hold)          0.944   Excellent. Very strong performance.      Correctly identify neutral periods (support: 53008.0)
Recall (Hold)             0.814   Excellent. Very strong performance.      Find all neutral periods (support: 53008.0)
F1-Score (Hold)           0.874   Excellent. Very strong performance.      Balanced performance on Hold signal (support: 53008.0)
Precision (Buy)           0.576   Okay. Acceptable, but needs improvement. Avoid false buy signals (support: 7872.0)
Recall (Buy)              0.816   Excellent. Very strong performance.      Find all buy opportunities (support: 7872.0)
F1-Score (Buy)            0.675   Good. Reliable performance.              Balanced performance on Buy signal (support: 7872.0)

--- Overall Performance Metrics ---

--- Qualitative Assessment of Key Metrics ---
Metric                    Score   Assessment                               Trading Context
-------------------------   -------   ----------------------------------------   ------------------------------
Macro Avg Precision       0.698   Good. Reliable performance.              Average precision across all classes
Macro Avg Recall          0.828   Excellent. Very strong performance.      Average recall across all classes
Macro Avg F1-Score        0.745   Good. Reliable performance.              Average F1-score across all classes
Weighted Avg Precision    0.858   Excellent. Very strong performance.      Support-weighted average precision
Weighted Avg Recall       0.819   Excellent. Very strong performance.      Support-weighted average recall
Weighted Avg F1-Score     0.829   Excellent. Very strong performance.      Support-weighted average F1-score
MCC                       0.618   Excellent. Strong positive correlation.  Correlation between prediction and reality
Cohen's Kappa             0.601   Moderate. Meaningful agreement.          Agreement better than random chance

--- Summary and Recommendation ---
🌟 GOOD PERFORMANCE: The model shows strong balance (Macro F1-Score 0.745, Weighted F1-Score 0.829) and reliable correlation (MCC 0.618). All classes performing reasonably well.
================================================================================
    Trading - Sell:
        min: 0.000 max: 0.883, mean: 0.133
        signals > 0.500: 8323 (12.0%)
        counts: [48743, 6128, 2765, 1696, 1497, 3367, 4367, 572, 17, 0, 0]
        percentages: [0.7, 0.09, 0.04, 0.02, 0.02, 0.05, 0.06, 0.01, 0.0, 0.0, 0.0]
        cumulative: [0.7, 0.79, 0.83, 0.86, 0.88, 0.93, 0.99, 1.0, 1.0, 1.0, 1.0]
    Trading - Hold:
        min: 0.117 max: 0.973, mean: 0.751
        signals > 0.500: 53094 (76.8%)
        counts: [0, 79, 1702, 7669, 6608, 3398, 3187, 4642, 12316, 29551, 0]
        percentages: [0.0, 0.0, 0.02, 0.11, 0.1, 0.05, 0.05, 0.07, 0.18, 0.43, 0.0]
        cumulative: [0.0, 0.0, 0.03, 0.14, 0.23, 0.28, 0.33, 0.39, 0.57, 1.0, 1.0]
    Trading - Buy:
        min: 0.000 max: 0.856, mean: 0.116
        signals > 0.500: 7299 (10.6%)
        counts: [53125, 3992, 1803, 1358, 1575, 2990, 3152, 1097, 60, 0, 0]
        percentages: [0.77, 0.06, 0.03, 0.02, 0.02, 0.04, 0.05, 0.02, 0.0, 0.0, 0.0]
        cumulative: [0.77, 0.83, 0.85, 0.87, 0.89, 0.94, 0.98, 1.0, 1.0, 1.0, 1.0]

AVAX/USDT
    Comparing actual vs predicted signals

================================================================================
CLASSIFICATION PERFORMANCE ASSESSMENT (Tri-State)
================================================================================
--- Detailed Classification Report ---
              precision    recall  f1-score   support

         0.0      0.526     0.853     0.651      5133
         1.0      0.968     0.881     0.923     58766
         2.0      0.583     0.810     0.678      5253

    accuracy                          0.874     69152
   macro avg      0.692     0.848     0.750     69152
weighted avg      0.906     0.874     0.884     69152


--- Confusion Matrix ---
Rows = True, Columns = Predicted
             Sell     Hold      Buy
    Sell     4381      746        6
    Hold     3926    51800     3040
     Buy       16      984     4253

--- Qualitative Assessment of Key Metrics ---
Metric                    Score   Assessment                               Trading Context
-------------------------   -------   ----------------------------------------   ------------------------------
Precision (Sell)          0.526   Okay. Acceptable, but needs improvement. Avoid false sell signals (support: 5133.0)
Recall (Sell)             0.853   Excellent. Very strong performance.      Find all sell opportunities (support: 5133.0)
F1-Score (Sell)           0.651   Good. Reliable performance.              Balanced performance on Sell signal (support: 5133.0)
Precision (Hold)          0.968   Excellent. Very strong performance.      Correctly identify neutral periods (support: 58766.0)
Recall (Hold)             0.881   Excellent. Very strong performance.      Find all neutral periods (support: 58766.0)
F1-Score (Hold)           0.923   Excellent. Very strong performance.      Balanced performance on Hold signal (support: 58766.0)
Precision (Buy)           0.583   Okay. Acceptable, but needs improvement. Avoid false buy signals (support: 5253.0)
Recall (Buy)              0.810   Excellent. Very strong performance.      Find all buy opportunities (support: 5253.0)
F1-Score (Buy)            0.678   Good. Reliable performance.              Balanced performance on Buy signal (support: 5253.0)

--- Overall Performance Metrics ---

--- Qualitative Assessment of Key Metrics ---
Metric                    Score   Assessment                               Trading Context
-------------------------   -------   ----------------------------------------   ------------------------------
Macro Avg Precision       0.692   Good. Reliable performance.              Average precision across all classes
Macro Avg Recall          0.848   Excellent. Very strong performance.      Average recall across all classes
Macro Avg F1-Score        0.750   Good. Reliable performance.              Average F1-score across all classes
Weighted Avg Precision    0.906   Excellent. Very strong performance.      Support-weighted average precision
Weighted Avg Recall       0.874   Excellent. Very strong performance.      Support-weighted average recall
Weighted Avg F1-Score     0.884   Excellent. Very strong performance.      Support-weighted average F1-score
MCC                       0.630   Excellent. Strong positive correlation.  Correlation between prediction and reality
Cohen's Kappa             0.612   Substantial. Strong agreement.           Agreement better than random chance

--- Summary and Recommendation ---
🌟 GOOD PERFORMANCE: The model shows strong balance (Macro F1-Score 0.750, Weighted F1-Score 0.884) and reliable correlation (MCC 0.630). All classes performing reasonably well.
================================================================================
    Trading - Sell:
        min: 0.000 max: 0.864, mean: 0.111
        signals > 0.500: 6009 (8.7%)
        counts: [52116, 5876, 2409, 1544, 1198, 1977, 3297, 727, 8, 0, 0]
        percentages: [0.75, 0.08, 0.03, 0.02, 0.02, 0.03, 0.05, 0.01, 0.0, 0.0, 0.0]
        cumulative: [0.75, 0.84, 0.87, 0.9, 0.91, 0.94, 0.99, 1.0, 1.0, 1.0, 1.0]
    Trading - Hold:
        min: 0.061 max: 0.972, mean: 0.792
        signals > 0.500: 57024 (82.5%)
        counts: [7, 69, 1745, 5947, 4360, 2677, 2667, 3983, 11054, 36643, 0]
        percentages: [0.0, 0.0, 0.03, 0.09, 0.06, 0.04, 0.04, 0.06, 0.16, 0.53, 0.0]
        cumulative: [0.0, 0.0, 0.03, 0.11, 0.18, 0.21, 0.25, 0.31, 0.47, 1.0, 1.0]
    Trading - Buy:
        min: 0.000 max: 0.938, mean: 0.097
        signals > 0.500: 5720 (8.3%)
        counts: [56319, 3443, 1443, 1088, 1139, 2167, 2512, 979, 55, 7, 0]
        percentages: [0.81, 0.05, 0.02, 0.02, 0.02, 0.03, 0.04, 0.01, 0.0, 0.0, 0.0]
        cumulative: [0.81, 0.86, 0.89, 0.9, 0.92, 0.95, 0.98, 1.0, 1.0, 1.0, 1.0]

LTC/USDT
    Comparing actual vs predicted signals

================================================================================
CLASSIFICATION PERFORMANCE ASSESSMENT (Tri-State)
================================================================================
--- Detailed Classification Report ---
              precision    recall  f1-score   support

         0.0      0.588     0.838     0.691      4221
         1.0      0.975     0.924     0.949     60630
         2.0      0.620     0.825     0.708      4301

    accuracy                          0.912     69152
   macro avg      0.728     0.862     0.783     69152
weighted avg      0.930     0.912     0.918     69152


--- Confusion Matrix ---
Rows = True, Columns = Predicted
             Sell     Hold      Buy
    Sell     3536      678        7
    Hold     2454    56012     2164
     Buy       19      733     3549

--- Qualitative Assessment of Key Metrics ---
Metric                    Score   Assessment                               Trading Context
-------------------------   -------   ----------------------------------------   ------------------------------
Precision (Sell)          0.588   Okay. Acceptable, but needs improvement. Avoid false sell signals (support: 4221.0)
Recall (Sell)             0.838   Excellent. Very strong performance.      Find all sell opportunities (support: 4221.0)
F1-Score (Sell)           0.691   Good. Reliable performance.              Balanced performance on Sell signal (support: 4221.0)
Precision (Hold)          0.975   Excellent. Very strong performance.      Correctly identify neutral periods (support: 60630.0)
Recall (Hold)             0.924   Excellent. Very strong performance.      Find all neutral periods (support: 60630.0)
F1-Score (Hold)           0.949   Excellent. Very strong performance.      Balanced performance on Hold signal (support: 60630.0)
Precision (Buy)           0.620   Good. Reliable performance.              Avoid false buy signals (support: 4301.0)
Recall (Buy)              0.825   Excellent. Very strong performance.      Find all buy opportunities (support: 4301.0)
F1-Score (Buy)            0.708   Good. Reliable performance.              Balanced performance on Buy signal (support: 4301.0)

--- Overall Performance Metrics ---

--- Qualitative Assessment of Key Metrics ---
Metric                    Score   Assessment                               Trading Context
-------------------------   -------   ----------------------------------------   ------------------------------
Macro Avg Precision       0.728   Good. Reliable performance.              Average precision across all classes
Macro Avg Recall          0.862   Excellent. Very strong performance.      Average recall across all classes
Macro Avg F1-Score        0.783   Good. Reliable performance.              Average F1-score across all classes
Weighted Avg Precision    0.930   Excellent. Very strong performance.      Support-weighted average precision
Weighted Avg Recall       0.912   Excellent. Very strong performance.      Support-weighted average recall
Weighted Avg F1-Score     0.918   Excellent. Very strong performance.      Support-weighted average F1-score
MCC                       0.676   Excellent. Strong positive correlation.  Correlation between prediction and reality
Cohen's Kappa             0.665   Substantial. Strong agreement.           Agreement better than random chance

--- Summary and Recommendation ---
🌟 GOOD PERFORMANCE: The model shows strong balance (Macro F1-Score 0.783, Weighted F1-Score 0.918) and reliable correlation (MCC 0.676). All classes performing reasonably well.
================================================================================
    Trading - Sell:
        min: 0.000 max: 0.854, mean: 0.137
        signals > 0.500: 8308 (12.0%)
        counts: [47804, 6232, 2830, 1935, 2043, 4310, 3300, 682, 16, 0, 0]
        percentages: [0.69, 0.09, 0.04, 0.03, 0.03, 0.06, 0.05, 0.01, 0.0, 0.0, 0.0]
        cumulative: [0.69, 0.78, 0.82, 0.85, 0.88, 0.94, 0.99, 1.0, 1.0, 1.0, 1.0]
    Trading - Hold:
        min: 0.088 max: 0.972, mean: 0.749
        signals > 0.500: 53315 (77.1%)
        counts: [1, 72, 1428, 6045, 8291, 4629, 3638, 4616, 11209, 29223, 0]
        percentages: [0.0, 0.0, 0.02, 0.09, 0.12, 0.07, 0.05, 0.07, 0.16, 0.42, 0.0]
        cumulative: [0.0, 0.0, 0.02, 0.11, 0.23, 0.3, 0.35, 0.42, 0.58, 1.0, 1.0]
    Trading - Buy:
        min: 0.000 max: 0.911, mean: 0.114
        signals > 0.500: 6841 (9.9%)
        counts: [52999, 3863, 1982, 1500, 1967, 3503, 2582, 702, 53, 1, 0]
        percentages: [0.77, 0.06, 0.03, 0.02, 0.03, 0.05, 0.04, 0.01, 0.0, 0.0, 0.0]
        cumulative: [0.77, 0.82, 0.85, 0.87, 0.9, 0.95, 0.99, 1.0, 1.0, 1.0, 1.0]

BCH/USDT
    Comparing actual vs predicted signals

================================================================================
CLASSIFICATION PERFORMANCE ASSESSMENT (Tri-State)
================================================================================
--- Detailed Classification Report ---
              precision    recall  f1-score   support

         0.0      0.486     0.773     0.597      5225
         1.0      0.954     0.871     0.911     59185
         2.0      0.496     0.716     0.586      4742

    accuracy                          0.853     69152
   macro avg      0.646     0.786     0.698     69152
weighted avg      0.888     0.853     0.865     69152


--- Confusion Matrix ---
Rows = True, Columns = Predicted
             Sell     Hold      Buy
    Sell     4039     1160       26
    Hold     4229    51535     3421
     Buy       40     1308     3394

--- Qualitative Assessment of Key Metrics ---
Metric                    Score   Assessment                               Trading Context
-------------------------   -------   ----------------------------------------   ------------------------------
Precision (Sell)          0.486   Okay. Acceptable, but needs improvement. Avoid false sell signals (support: 5225.0)
Recall (Sell)             0.773   Good. Reliable performance.              Find all sell opportunities (support: 5225.0)
F1-Score (Sell)           0.597   Okay. Acceptable, but needs improvement. Balanced performance on Sell signal (support: 5225.0)
Precision (Hold)          0.954   Excellent. Very strong performance.      Correctly identify neutral periods (support: 59185.0)
Recall (Hold)             0.871   Excellent. Very strong performance.      Find all neutral periods (support: 59185.0)
F1-Score (Hold)           0.911   Excellent. Very strong performance.      Balanced performance on Hold signal (support: 59185.0)
Precision (Buy)           0.496   Okay. Acceptable, but needs improvement. Avoid false buy signals (support: 4742.0)
Recall (Buy)              0.716   Good. Reliable performance.              Find all buy opportunities (support: 4742.0)
F1-Score (Buy)            0.586   Okay. Acceptable, but needs improvement. Balanced performance on Buy signal (support: 4742.0)

--- Overall Performance Metrics ---

--- Qualitative Assessment of Key Metrics ---
Metric                    Score   Assessment                               Trading Context
-------------------------   -------   ----------------------------------------   ------------------------------
Macro Avg Precision       0.646   Good. Reliable performance.              Average precision across all classes
Macro Avg Recall          0.786   Good. Reliable performance.              Average recall across all classes
Macro Avg F1-Score        0.698   Good. Reliable performance.              Average F1-score across all classes
Weighted Avg Precision    0.888   Excellent. Very strong performance.      Support-weighted average precision
Weighted Avg Recall       0.853   Excellent. Very strong performance.      Support-weighted average recall
Weighted Avg F1-Score     0.865   Excellent. Very strong performance.      Support-weighted average F1-score
MCC                       0.549   Good. Reliable positive correlation.     Correlation between prediction and reality
Cohen's Kappa             0.534   Moderate. Meaningful agreement.          Agreement better than random chance

--- Summary and Recommendation ---
🌟 GOOD PERFORMANCE: The model shows strong balance (Macro F1-Score 0.698, Weighted F1-Score 0.865) and reliable correlation (MCC 0.549). All classes performing reasonably well.
================================================================================
    Trading - Sell:
        min: 0.000 max: 0.852, mean: 0.136
        signals > 0.500: 8143 (11.8%)
        counts: [47863, 6415, 2943, 1853, 1935, 3774, 3556, 793, 20, 0, 0]
        percentages: [0.69, 0.09, 0.04, 0.03, 0.03, 0.05, 0.05, 0.01, 0.0, 0.0, 0.0]
        cumulative: [0.69, 0.78, 0.83, 0.85, 0.88, 0.94, 0.99, 1.0, 1.0, 1.0, 1.0]
    Trading - Hold:
        min: 0.140 max: 0.972, mean: 0.745
        signals > 0.500: 53222 (77.0%)
        counts: [0, 83, 1794, 6601, 7452, 4395, 3578, 4967, 12315, 27967, 0]
        percentages: [0.0, 0.0, 0.03, 0.1, 0.11, 0.06, 0.05, 0.07, 0.18, 0.4, 0.0]
        cumulative: [0.0, 0.0, 0.03, 0.12, 0.23, 0.29, 0.35, 0.42, 0.6, 1.0, 1.0]
    Trading - Buy:
        min: 0.000 max: 0.858, mean: 0.120
        signals > 0.500: 7283 (10.5%)
        counts: [52185, 4213, 1939, 1552, 1980, 3368, 2894, 960, 61, 0, 0]
        percentages: [0.75, 0.06, 0.03, 0.02, 0.03, 0.05, 0.04, 0.01, 0.0, 0.0, 0.0]
        cumulative: [0.75, 0.82, 0.84, 0.87, 0.89, 0.94, 0.99, 1.0, 1.0, 1.0, 1.0]

DOT/USDT
    Comparing actual vs predicted signals

================================================================================
CLASSIFICATION PERFORMANCE ASSESSMENT (Tri-State)
================================================================================
--- Detailed Classification Report ---
              precision    recall  f1-score   support

         0.0      0.507     0.815     0.625      5066
         1.0      0.959     0.876     0.916     58812
         2.0      0.544     0.751     0.631      5274

    accuracy                          0.862     69152
   macro avg      0.670     0.814     0.724     69152
weighted avg      0.894     0.862     0.873     69152


--- Confusion Matrix ---
Rows = True, Columns = Predicted
             Sell     Hold      Buy
    Sell     4129      922       15
    Hold     3981    51525     3306
     Buy       33     1279     3962

--- Qualitative Assessment of Key Metrics ---
Metric                    Score   Assessment                               Trading Context
-------------------------   -------   ----------------------------------------   ------------------------------
Precision (Sell)          0.507   Okay. Acceptable, but needs improvement. Avoid false sell signals (support: 5066.0)
Recall (Sell)             0.815   Excellent. Very strong performance.      Find all sell opportunities (support: 5066.0)
F1-Score (Sell)           0.625   Good. Reliable performance.              Balanced performance on Sell signal (support: 5066.0)
Precision (Hold)          0.959   Excellent. Very strong performance.      Correctly identify neutral periods (support: 58812.0)
Recall (Hold)             0.876   Excellent. Very strong performance.      Find all neutral periods (support: 58812.0)
F1-Score (Hold)           0.916   Excellent. Very strong performance.      Balanced performance on Hold signal (support: 58812.0)
Precision (Buy)           0.544   Okay. Acceptable, but needs improvement. Avoid false buy signals (support: 5274.0)
Recall (Buy)              0.751   Good. Reliable performance.              Find all buy opportunities (support: 5274.0)
F1-Score (Buy)            0.631   Good. Reliable performance.              Balanced performance on Buy signal (support: 5274.0)

--- Overall Performance Metrics ---

--- Qualitative Assessment of Key Metrics ---
Metric                    Score   Assessment                               Trading Context
-------------------------   -------   ----------------------------------------   ------------------------------
Macro Avg Precision       0.670   Good. Reliable performance.              Average precision across all classes
Macro Avg Recall          0.814   Excellent. Very strong performance.      Average recall across all classes
Macro Avg F1-Score        0.724   Good. Reliable performance.              Average F1-score across all classes
Weighted Avg Precision    0.894   Excellent. Very strong performance.      Support-weighted average precision
Weighted Avg Recall       0.862   Excellent. Very strong performance.      Support-weighted average recall
Weighted Avg F1-Score     0.873   Excellent. Very strong performance.      Support-weighted average F1-score
MCC                       0.588   Good. Reliable positive correlation.     Correlation between prediction and reality
Cohen's Kappa             0.573   Moderate. Meaningful agreement.          Agreement better than random chance

--- Summary and Recommendation ---
🌟 GOOD PERFORMANCE: The model shows strong balance (Macro F1-Score 0.724, Weighted F1-Score 0.873) and reliable correlation (MCC 0.588). All classes performing reasonably well.
================================================================================
    Trading - Sell:
        min: 0.000 max: 0.861, mean: 0.161
        signals > 0.500: 10371 (15.0%)
        counts: [45760, 4454, 2271, 1826, 4470, 7210, 2573, 579, 9, 0, 0]
        percentages: [0.66, 0.06, 0.03, 0.03, 0.06, 0.1, 0.04, 0.01, 0.0, 0.0, 0.0]
        cumulative: [0.66, 0.73, 0.76, 0.79, 0.85, 0.95, 0.99, 1.0, 1.0, 1.0, 1.0]
    Trading - Hold:
        min: 0.083 max: 0.972, mean: 0.697
        signals > 0.500: 49387 (71.4%)
        counts: [3, 41, 1225, 5155, 13341, 9935, 3711, 3442, 8718, 23581, 0]
        percentages: [0.0, 0.0, 0.02, 0.07, 0.19, 0.14, 0.05, 0.05, 0.13, 0.34, 0.0]
        cumulative: [0.0, 0.0, 0.02, 0.09, 0.29, 0.43, 0.48, 0.53, 0.66, 1.0, 1.0]
    Trading - Buy:
        min: 0.000 max: 0.913, mean: 0.142
        signals > 0.500: 8557 (12.4%)
        counts: [49459, 2955, 1636, 1718, 4827, 5527, 2381, 615, 32, 2, 0]
        percentages: [0.72, 0.04, 0.02, 0.02, 0.07, 0.08, 0.03, 0.01, 0.0, 0.0, 0.0]
        cumulative: [0.72, 0.76, 0.78, 0.81, 0.88, 0.96, 0.99, 1.0, 1.0, 1.0, 1.0]

NEO/USDT
    Comparing actual vs predicted signals

================================================================================
CLASSIFICATION PERFORMANCE ASSESSMENT (Tri-State)
================================================================================
--- Detailed Classification Report ---
              precision    recall  f1-score   support

         0.0      0.356     0.694     0.470      5318
         1.0      0.936     0.793     0.859     59289
         2.0      0.339     0.639     0.443      4545

    accuracy                          0.775     69152
   macro avg      0.544     0.708     0.591     69152
weighted avg      0.852     0.775     0.801     69152


--- Confusion Matrix ---
Rows = True, Columns = Predicted
             Sell     Hold      Buy
    Sell     3689     1596       33
    Hold     6654    47013     5622
     Buy       28     1615     2902

--- Qualitative Assessment of Key Metrics ---
Metric                    Score   Assessment                               Trading Context
-------------------------   -------   ----------------------------------------   ------------------------------
Precision (Sell)          0.356   Poor. Significant room for improvement.  Avoid false sell signals (support: 5318.0)
Recall (Sell)             0.694   Good. Reliable performance.              Find all sell opportunities (support: 5318.0)
F1-Score (Sell)           0.470   Okay. Acceptable, but needs improvement. Balanced performance on Sell signal (support: 5318.0)
Precision (Hold)          0.936   Excellent. Very strong performance.      Correctly identify neutral periods (support: 59289.0)
Recall (Hold)             0.793   Good. Reliable performance.              Find all neutral periods (support: 59289.0)
F1-Score (Hold)           0.859   Excellent. Very strong performance.      Balanced performance on Hold signal (support: 59289.0)
Precision (Buy)           0.339   Poor. Significant room for improvement.  Avoid false buy signals (support: 4545.0)2026-05-29 07:45:54,281 - freqtrade.misc - INFO - dumping json to "/Users/philprice95/projects/freqtrade/user_data/backtest_results/backtest-result-2026-05-29_07-45-54.meta.json"

Recall (Buy)              0.639   Good. Reliable performance.              Find all buy opportunities (support: 4545.0)
F1-Score (Buy)            0.443   Okay. Acceptable, but needs improvement. Balanced performance on Buy signal (support: 4545.0)

--- Overall Performance Metrics ---

--- Qualitative Assessment of Key Metrics ---
Metric                    Score   Assessment                               Trading Context
-------------------------   -------   ----------------------------------------   ------------------------------
Macro Avg Precision       0.544   Okay. Acceptable, but needs improvement. Average precision across all classes
Macro Avg Recall          0.708   Good. Reliable performance.              Average recall across all classes
Macro Avg F1-Score        0.591   Okay. Acceptable, but needs improvement. Average F1-score across all classes
Weighted Avg Precision    0.852   Excellent. Very strong performance.      Support-weighted average precision
Weighted Avg Recall       0.775   Good. Reliable performance.              Support-weighted average recall
Weighted Avg F1-Score     0.801   Excellent. Very strong performance.      Support-weighted average F1-score
MCC                       0.399   Okay. Weak but meaningful correlation.   Correlation between prediction and reality
Cohen's Kappa             0.371   Fair. Weak agreement.                    Agreement better than random chance

--- Summary and Recommendation ---
🚨 WARNING: Buy class precision is only 0.339. The model predicts 'Buy' but is **wrong 66% of the time**. This is dangerous for trading. **Priority: Improve Buy Precision.**
================================================================================
Result for strategy NNNC_CGP_MLX
                                              BACKTESTING REPORT                                              
┏━━━━━━━━━━━┳━━━━━━━━┳━━━━━━━━━━━━━━┳━━━━━━━━━━━━━━━━━┳━━━━━━━━━━━━━━┳━━━━━━━━━━━━━━┳━━━━━━━━━━━━━━━━━━━━━━━━┓
┃      Pair ┃ Trades ┃ Avg Profit % ┃ Tot Profit USDT ┃ Tot Profit % ┃ Avg Duration ┃  Win  Draw  Loss  Win% ┃
┡━━━━━━━━━━━╇━━━━━━━━╇━━━━━━━━━━━━━━╇━━━━━━━━━━━━━━━━━╇━━━━━━━━━━━━━━╇━━━━━━━━━━━━━━╇━━━━━━━━━━━━━━━━━━━━━━━━┩
│  XRP/USDT │    206 │          0.3 │         557.357 │         5.57 │      4:06:00 │  124     0    82  60.2 │
│  SUI/USDT │    152 │         0.24 │         335.336 │         3.35 │      3:36:00 │   81     0    71  53.3 │
│ DASH/USDT │      6 │         3.98 │         215.060 │         2.15 │      1:25:00 │    6     0     0   100 │
│  ZEC/USDT │    110 │         0.19 │         190.614 │         1.91 │      2:53:00 │   56     0    54  50.9 │
│  DOT/USDT │     35 │          0.3 │          95.320 │         0.95 │      2:37:00 │   20     0    15  57.1 │
│  SOL/USDT │    188 │         0.04 │          61.113 │         0.61 │      5:02:00 │  103     0    85  54.8 │
│ LINK/USDT │     89 │         0.02 │          12.434 │         0.12 │      3:25:00 │   42     0    47  47.2 │
│  NEO/USDT │      2 │         -0.0 │          -0.086 │         -0.0 │      1:52:00 │    1     0     1  50.0 │
│  BCH/USDT │      5 │        -0.06 │          -2.706 │        -0.03 │      2:57:00 │    2     0     3  40.0 │
│ NEAR/USDT │     20 │        -0.27 │         -49.265 │        -0.49 │      2:13:00 │   12     0     8  60.0 │
│  LTC/USDT │     83 │        -0.07 │         -52.680 │        -0.53 │      2:54:00 │   41     0    42  49.4 │
│ AAVE/USDT │     18 │        -0.44 │         -71.090 │        -0.71 │      1:48:00 │   10     0     8  55.6 │
│ AVAX/USDT │     57 │        -0.45 │        -233.083 │        -2.33 │      2:23:00 │   25     0    32  43.9 │
│     TOTAL │    971 │         0.12 │        1058.324 │        10.58 │      3:38:00 │  523     0   448  53.9 │
└───────────┴────────┴──────────────┴─────────────────┴──────────────┴──────────────┴────────────────────────┘
                                         LEFT OPEN TRADES REPORT                                          
┏━━━━━━━┳━━━━━━━━┳━━━━━━━━━━━━━━┳━━━━━━━━━━━━━━━━━┳━━━━━━━━━━━━━━┳━━━━━━━━━━━━━━┳━━━━━━━━━━━━━━━━━━━━━━━━┓
┃  Pair ┃ Trades ┃ Avg Profit % ┃ Tot Profit USDT ┃ Tot Profit % ┃ Avg Duration ┃  Win  Draw  Loss  Win% ┃
┡━━━━━━━╇━━━━━━━━╇━━━━━━━━━━━━━━╇━━━━━━━━━━━━━━━━━╇━━━━━━━━━━━━━━╇━━━━━━━━━━━━━━╇━━━━━━━━━━━━━━━━━━━━━━━━┩
│ TOTAL │      0 │          0.0 │           0.000 │          0.0 │         0:00 │    0     0     0     0 │
└───────┴────────┴──────────────┴─────────────────┴──────────────┴──────────────┴────────────────────────┘
                                                 ENTER TAG STATS                                                  
┏━━━━━━━━━━━━━━┳━━━━━━━━━┳━━━━━━━━━━━━━━┳━━━━━━━━━━━━━━━━━┳━━━━━━━━━━━━━━┳━━━━━━━━━━━━━━┳━━━━━━━━━━━━━━━━━━━━━━━━┓
┃    Enter Tag ┃ Entries ┃ Avg Profit % ┃ Tot Profit USDT ┃ Tot Profit % ┃ Avg Duration ┃  Win  Draw  Loss  Win% ┃
┡━━━━━━━━━━━━━━╇━━━━━━━━━╇━━━━━━━━━━━━━━╇━━━━━━━━━━━━━━━━━╇━━━━━━━━━━━━━━╇━━━━━━━━━━━━━━╇━━━━━━━━━━━━━━━━━━━━━━━━┩
│  model_entry │     971 │         0.12 │        1058.324 │        10.58 │      3:38:00 │  523     0   448  53.9 │
│        TOTAL │     971 │         0.12 │        1058.324 │        10.58 │      3:38:00 │  523     0   448  53.9 │
└──────────────┴─────────┴──────────────┴─────────────────┴──────────────┴──────────────┴────────────────────────┘
                                                EXIT REASON STATS                                                
┏━━━━━━━━━━━━━┳━━━━━━━┳━━━━━━━━━━━━━━┳━━━━━━━━━━━━━━━━━┳━━━━━━━━━━━━━━┳━━━━━━━━━━━━━━━━┳━━━━━━━━━━━━━━━━━━━━━━━━┓
┃ Exit Reason ┃ Exits ┃ Avg Profit % ┃ Tot Profit USDT ┃ Tot Profit % ┃   Avg Duration ┃  Win  Draw  Loss  Win% ┃
┡━━━━━━━━━━━━━╇━━━━━━━╇━━━━━━━━━━━━━━╇━━━━━━━━━━━━━━━━━╇━━━━━━━━━━━━━━╇━━━━━━━━━━━━━━━━╇━━━━━━━━━━━━━━━━━━━━━━━━┩
│ take_profit │   372 │          2.9 │        9706.941 │        97.07 │        2:42:00 │  372     0     0   100 │
│         roi │    96 │          3.0 │        2594.195 │        25.94 │        3:06:00 │   96     0     0   100 │
│  model_exit │    21 │         1.65 │         313.031 │         3.13 │        7:07:00 │   21     0     0   100 │
│  unclog_12h │    33 │         0.89 │         264.413 │         2.64 │       13:38:00 │   33     0     0   100 │
│   unclog_1d │     1 │         0.15 │           1.359 │         0.01 │ 1 day, 2:45:00 │    1     0     0   100 │
│   stop_loss │   448 │        -2.93 │      -11821.616 │      -118.22 │        3:35:00 │    0     0   448     0 │
│       TOTAL │   971 │         0.12 │        1058.324 │        10.58 │        3:38:00 │  523     0   448  53.9 │
└─────────────┴───────┴──────────────┴─────────────────┴──────────────┴────────────────┴────────────────────────┘
                                                         MIXED TAG STATS                                                         
┏━━━━━━━━━━━━━━┳━━━━━━━━━━━━━┳━━━━━━━━┳━━━━━━━━━━━━━━┳━━━━━━━━━━━━━━━━━┳━━━━━━━━━━━━━━┳━━━━━━━━━━━━━━━━┳━━━━━━━━━━━━━━━━━━━━━━━━┓
┃    Enter Tag ┃ Exit Reason ┃ Trades ┃ Avg Profit % ┃ Tot Profit USDT ┃ Tot Profit % ┃   Avg Duration ┃  Win  Draw  Loss  Win% ┃
┡━━━━━━━━━━━━━━╇━━━━━━━━━━━━━╇━━━━━━━━╇━━━━━━━━━━━━━━╇━━━━━━━━━━━━━━━━━╇━━━━━━━━━━━━━━╇━━━━━━━━━━━━━━━━╇━━━━━━━━━━━━━━━━━━━━━━━━┩
│  model_entry │ take_profit │    372 │          2.9 │        9706.941 │        97.07 │        2:42:00 │  372     0     0   100 │
│  model_entry │         roi │     96 │          3.0 │        2594.195 │        25.94 │        3:06:00 │   96     0     0   100 │
│  model_entry │  model_exit │     21 │         1.65 │         313.031 │         3.13 │        7:07:00 │   21     0     0   100 │
│  model_entry │  unclog_12h │     33 │         0.89 │         264.413 │         2.64 │       13:38:00 │   33     0     0   100 │
│  model_entry │   unclog_1d │      1 │         0.15 │           1.359 │         0.01 │ 1 day, 2:45:00 │    1     0     0   100 │
│  model_entry │   stop_loss │    448 │        -2.93 │      -11821.616 │      -118.22 │        3:35:00 │    0     0   448     0 │
│        TOTAL │             │    971 │         0.12 │        1058.324 │        10.58 │        3:38:00 │  523     0   448  53.9 │
└──────────────┴─────────────┴────────┴──────────────┴─────────────────┴──────────────┴────────────────┴────────────────────────┘
                                 MONTH BREAKDOWN                                  
┏━━━━━━━━━━━━┳━━━━━━━━┳━━━━━━━━━━━━━━━━━┳━━━━━━━━━━━━━━━┳━━━━━━━━━━━━━━━━━━━━━━━━┓
┃      Month ┃ Trades ┃ Tot Profit USDT ┃ Profit Factor ┃  Win  Draw  Loss  Win% ┃
┡━━━━━━━━━━━━╇━━━━━━━━╇━━━━━━━━━━━━━━━━━╇━━━━━━━━━━━━━━━╇━━━━━━━━━━━━━━━━━━━━━━━━┩
│ 30/06/2024 │      8 │          37.114 │          1.57 │    5     0     3  62.5 │
│ 31/07/2024 │     14 │         -20.532 │          0.88 │    7     0     7  50.0 │
│ 31/08/2024 │     38 │        -139.466 │          0.79 │   17     0    21  44.7 │
│ 30/09/2024 │      7 │          57.135 │          2.41 │    5     0     2  71.4 │
│ 31/10/2024 │     24 │          22.831 │          1.08 │   14     0    10  58.3 │
│ 30/11/2024 │    103 │         621.035 │          1.69 │   66     0    37  64.1 │
│ 31/12/2024 │    175 │         253.286 │          1.12 │   97     0    78  55.4 │
│ 31/01/2025 │     87 │         552.713 │          1.79 │   56     0    31  64.4 │
│ 28/02/2025 │    107 │        -408.307 │          0.75 │   52     0    55  48.6 │
│ 31/03/2025 │     56 │        -105.138 │          0.86 │   26     0    30  46.4 │
│ 30/04/2025 │     29 │        -125.371 │           0.7 │   13     0    16  44.8 │
│ 31/05/2025 │     17 │         -51.929 │          0.74 │    8     0     9  47.1 │
│ 30/06/2025 │      4 │          76.944 │           0.0 │    4     0     0   100 │
│ 31/07/2025 │     30 │          -4.174 │          0.99 │   16     0    14  53.3 │
│ 31/08/2025 │     25 │          -70.07 │          0.74 │   12     0    13  48.0 │
│ 30/09/2025 │      3 │          18.258 │          1.93 │    2     0     1  66.7 │
│ 31/10/2025 │     61 │         190.697 │          1.21 │   30     0    31  49.2 │
│ 30/11/2025 │     96 │         366.847 │          1.29 │   51     0    45  53.1 │
│ 31/12/2025 │     19 │         -91.478 │          0.68 │    9     0    10  47.4 │
│ 31/01/2026 │     15 │          56.936 │          1.34 │   10     0     5  66.7 │
│ 28/02/2026 │     33 │         -48.278 │           0.9 │   15     0    18  45.5 │
│ 31/03/2026 │      3 │          -9.738 │          0.51 │    2     0     1  66.7 │
│ 30/04/2026 │      2 │          -7.069 │          0.64 │    1     0     1  50.0 │
│ 31/05/2026 │     15 │        -113.921 │           0.5 │    5     0    10  33.3 │
└────────────┴────────┴─────────────────┴───────────────┴────────────────────────┘
                                   SUMMARY METRICS                                    
┏━━━━━━━━━━━━━━━━━━━━━━━━━━━━━━━━━━━━━━━━┳━━━━━━━━━━━━━━━━━━━━━━━━━━━━━━━━━━━━━━━━━━━┓
┃ Metric                                 ┃ Value                                     ┃
┡━━━━━━━━━━━━━━━━━━━━━━━━━━━━━━━━━━━━━━━━╇━━━━━━━━━━━━━━━━━━━━━━━━━━━━━━━━━━━━━━━━━━━┩
│ Backtesting from                       │ 2024-06-08 00:00:00                       │
│ Backtesting to                         │ 2026-05-28 15:45:00                       │
│ Trading Mode                           │ Spot                                      │
│ Max open trades                        │ 10                                        │
│                                        │                                           │
│ Total/Daily Avg Trades                 │ 971 / 1.35                                │
│ Starting balance                       │ 10000 USDT                                │
│ Final balance                          │ 11058.324 USDT                            │
│ Absolute profit                        │ 1058.324 USDT                             │
│ Total profit %                         │ 10.58%                                    │
│ CAGR %                                 │ 5.24%                                     │
│ Sharpe (closed trades)                 │ 0.98                                      │
│ Sortino (closed trades)                │ 2.13                                      │
│ Calmar (closed trades)                 │ 3.91                                      │
│ SQN                                    │ 1.18                                      │
│ Profit factor                          │ 1.09                                      │
│ Expectancy (Ratio)                     │ 1.09 (0.04)                               │
│ Avg. daily profit                      │ 1.472 USDT                                │
│ Avg. stake amount                      │ 899.879 USDT                              │
│ Market change                          │ 138.98%                                   │
│ Total trade volume                     │ 1752124.889 USDT                          │
│                                        │                                           │
│ Best Pair                              │ XRP/USDT 5.57%                            │
│ Worst Pair                             │ AVAX/USDT -2.33%                          │
│ Best trade                             │ XRP/USDT 15.25%                           │
│ Worst trade                            │ LTC/USDT -17.45%                          │
│ Best day                               │ 286.655 USDT                              │
│ Worst day                              │ -347.96 USDT                              │
│ Days win/draw/lose                     │ 160 / 446 / 108                           │
│ Min/Max/Avg. Duration Winners          │ 0d 01:00 / 1d 02:45 / 0d 03:41            │
│ Min/Max/Avg. Duration Losers           │ 0d 01:00 / 1d 08:15 / 0d 03:35            │
│ Max Consecutive Wins / Loss            │ 12 / 12                                   │
│ Rejected Entry signals                 │ 1                                         │
│ Entry/Exit Timeouts                    │ 0 / 0                                     │
│                                        │                                           │
│ Min/Max balance (closed trades)        │ 9551.704 USDT / 11448.541 USDT            │
│ Max % of account underwater            │ 7.18%                                     │
│ Absolute drawdown                      │ 822.422 USDT (7.18%)                      │
│ Drawdown duration                      │ 63 days 23:00:00                          │
│ Profit at drawdown start               │ 1448.541 USDT                             │
│ Profit at drawdown end                 │ 626.12 USDT                               │
│ Drawdown start                         │ 2025-02-02 08:30:00                       │
│ Drawdown end                           │ 2025-04-07 07:30:00                       │
│                                        │                                           │
│ Wallet based Metrics                   │                                           │
│ Min/Max balance (wallet balance)       │ 9521.696 USDT / 11464.435 USDT            │
│ Min/Max balance dates (wallet balance) │ 2024-08-05 06:45:00 / 2025-02-02 10:00:00 │
│ Max % of account underwater (balance)  │ 7.57%                                     │
│ Absolute drawdown (wallet balance)     │ 867.514 USDT (7.57%)                      │
│ Drawdown duration                      │ 250 days 11:30:00                         │
│ Profit at drawdown start               │ 1464.435 USDT                             │
│ Profit at drawdown end                 │ 596.921 USDT                              │
│ Drawdown start                         │ 2025-02-02 10:00:00                       │
│ Drawdown end                           │ 2025-10-10 21:30:00                       │
│ Sharpe (daily wallet balance)          │ 0.79                                      │
│ Sortino (daily wallet balance)         │ 0.56                                      │
│ Calmar (daily wallet balance)          │ 3.72                                      │
└────────────────────────────────────────┴───────────────────────────────────────────┘

Backtested 2024-06-08 00:00:00 -> 2026-05-28 15:45:00 | Max open trades : 10
                                                           STRATEGY SUMMARY                                                            
┏━━━━━━━━━━━━━━┳━━━━━━━━┳━━━━━━━━━━━━━━┳━━━━━━━━━━━━━━━━━┳━━━━━━━━━━━━━━┳━━━━━━━━━━━━━━┳━━━━━━━━━━━━━━━━━━━━━━━━┳━━━━━━━━━━━━━━━━━━━━━┓
┃     Strategy ┃ Trades ┃ Avg Profit % ┃ Tot Profit USDT ┃ Tot Profit % ┃ Avg Duration ┃  Win  Draw  Loss  Win% ┃            Drawdown ┃
┡━━━━━━━━━━━━━━╇━━━━━━━━╇━━━━━━━━━━━━━━╇━━━━━━━━━━━━━━━━━╇━━━━━━━━━━━━━━╇━━━━━━━━━━━━━━╇━━━━━━━━━━━━━━━━━━━━━━━━╇━━━━━━━━━━━━━━━━━━━━━┩
│ NNNC_CGP_MLX │    971 │         0.12 │        1058.324 │        10.58 │      3:38:00 │  523     0   448  53.9 │ 822.422 USDT  7.18% │
└──────────────┴────────┴──────────────┴─────────────────┴──────────────┴──────────────┴────────────────────────┴─────────────────────┘

