2026-05-29 13:48:06,718 - freqtrade - INFO - freqtrade 2026.4-dev-63819fa7e
2026-05-29 13:48:07,513 - numexpr.utils - INFO - NumExpr defaulting to 14 threads.

Using config file: user_data/strategies/config/config.json and Strategy dir: user_data/strategies/NNNC

Fri May 29 13:48:08 PDT 2026
Testing strategy:NNNC_DDPM_MLX_LSTM for exchange:...
freqtrade backtesting --cache none  --breakdown month --timerange=20240608-20260529 -c user_data/strategies/config/config.json --strategy-path user_data/strategies/NNNC --strategy-list NNNC_DDPM_MLX_LSTM
2026-05-29 13:48:08,673 - freqtrade - INFO - freqtrade 2026.4-dev-63819fa7e
2026-05-29 13:48:08,835 - numexpr.utils - INFO - NumExpr defaulting to 14 threads.
2026-05-29 13:48:09,457 - freqtrade.configuration.load_config - INFO - Using config: user_data/strategies/config/config.json ...
2026-05-29 13:48:09,459 - freqtrade.loggers - INFO - Enabling colorized output.
2026-05-29 13:48:09,459 - freqtrade.loggers - INFO - Logfile configured
2026-05-29 13:48:09,459 - freqtrade.loggers - INFO - Verbosity set to 0
2026-05-29 13:48:09,459 - freqtrade.configuration.configuration - INFO - Using additional Strategy lookup path: user_data/strategies/NNNC
2026-05-29 13:48:09,459 - freqtrade.configuration.configuration - INFO - Using max_open_trades: 10 ...
2026-05-29 13:48:09,459 - freqtrade.configuration.configuration - INFO - Parameter --timerange detected: 20240608-20260529 ...
2026-05-29 13:48:09,459 - freqtrade.configuration.configuration - INFO - Using user-data directory: /Users/philprice95/projects/freqtrade/user_data ...
2026-05-29 13:48:09,460 - freqtrade.configuration.configuration - INFO - Using data directory: /Users/philprice95/projects/freqtrade/user_data/data/binanceus ...
2026-05-29 13:48:09,460 - freqtrade.configuration.configuration - INFO - Using strategy list of 1 strategies
2026-05-29 13:48:09,460 - freqtrade.configuration.configuration - INFO - Parameter --breakdown detected ...
2026-05-29 13:48:09,460 - freqtrade.configuration.configuration - INFO - Parameter --cache=none detected ...
2026-05-29 13:48:09,460 - freqtrade.configuration.configuration - INFO - Filter trades by timerange: 20240608-20260529
2026-05-29 13:48:09,460 - freqtrade.exchange.check_exchange - INFO - Checking exchange...
2026-05-29 13:48:09,467 - freqtrade.exchange.check_exchange - INFO - Exchange "binanceus" is officially supported by the Freqtrade development team.
2026-05-29 13:48:09,467 - freqtrade.configuration.configuration - INFO - Using pairlist from configuration.
2026-05-29 13:48:09,467 - freqtrade.configuration.config_validation - INFO - Validating configuration ...
2026-05-29 13:48:09,468 - freqtrade.commands.optimize_commands - INFO - Starting freqtrade in Backtesting mode
2026-05-29 13:48:09,469 - freqtrade.exchange.exchange - INFO - Instance is running with dry_run enabled
2026-05-29 13:48:09,469 - freqtrade.exchange.exchange - INFO - Using CCXT 4.5.50
2026-05-29 13:48:09,478 - freqtrade.exchange.exchange - INFO - Using Exchange "Binance US"
2026-05-29 13:48:09,747 - freqtrade.resolvers.exchange_resolver - INFO - Using resolved exchange 'Binanceus'...
/Users/philprice95/projects/freqtrade/.venv/lib/python3.12/site-packages/_distutils_hack/__init__.py:15: UserWarning: Distutils was imported before Setuptools, but importing Setuptools also replaces the `distutils` module in `sys.modules`. This may lead to undesirable behaviors or errors. To avoid these issues, avoid using distutils directly, ensure that setuptools is installed in the traditional way (e.g. not an editable install), and/or make sure that setuptools is always imported before distutils.
  warnings.warn(
/Users/philprice95/projects/freqtrade/.venv/lib/python3.12/site-packages/_distutils_hack/__init__.py:30: UserWarning: Setuptools is replacing distutils. Support for replacing an already imported distutils is deprecated. In the future, this condition will fail. Register concerns at https://github.com/pypa/setuptools/issues/new?template=distutils-deprecation.yml
  warnings.warn(
2026-05-29 13:48:12,541 - freqtrade.resolvers.iresolver - INFO - Using resolved strategy NNNC_DDPM_MLX_LSTM from 
'/Users/philprice95/projects/freqtrade/user_data/strategies/NNNC/NNNC_DDPM_MLX_LSTM.py'...
2026-05-29 13:48:12,541 - freqtrade.strategy.hyper - INFO - Found no parameter file.
2026-05-29 13:48:12,541 - freqtrade.resolvers.strategy_resolver - INFO - Override strategy 'timeframe' with value from the configuration: 15m.
2026-05-29 13:48:12,541 - freqtrade.resolvers.strategy_resolver - INFO - Override strategy 'order_types' with value from the configuration: {'entry': 'limit', 'exit': 'market', 'emergency_exit': 
'market', 'force_exit': 'market', 'force_entry': 'market', 'stoploss': 'market', 'stoploss_on_exchange': False, 'stoploss_price_type': 'last', 'stoploss_on_exchange_interval': 60, 
'stoploss_on_exchange_limit_ratio': 0.99}.
2026-05-29 13:48:12,542 - freqtrade.resolvers.strategy_resolver - INFO - Override strategy 'stake_currency' with value from the configuration: USDT.
2026-05-29 13:48:12,542 - freqtrade.resolvers.strategy_resolver - INFO - Override strategy 'stake_amount' with value from the configuration: 900.
2026-05-29 13:48:12,542 - freqtrade.resolvers.strategy_resolver - INFO - Override strategy 'unfilledtimeout' with value from the configuration: {'entry': 10, 'exit': 10, 'exit_timeout_count': 0, 
'unit': 'minutes'}.
2026-05-29 13:48:12,542 - freqtrade.resolvers.strategy_resolver - INFO - Override strategy 'max_open_trades' with value from the configuration: 10.
2026-05-29 13:48:12,542 - freqtrade.resolvers.strategy_resolver - INFO - Strategy using minimal_roi: {'0': 0.03}
2026-05-29 13:48:12,542 - freqtrade.resolvers.strategy_resolver - INFO - Strategy using timeframe: 15m
2026-05-29 13:48:12,542 - freqtrade.resolvers.strategy_resolver - INFO - Strategy using stoploss: -0.05
2026-05-29 13:48:12,542 - freqtrade.resolvers.strategy_resolver - INFO - Strategy using trailing_stop: False
2026-05-29 13:48:12,542 - freqtrade.resolvers.strategy_resolver - INFO - Strategy using trailing_stop_positive: 0.01
2026-05-29 13:48:12,542 - freqtrade.resolvers.strategy_resolver - INFO - Strategy using trailing_stop_positive_offset: 0.03
2026-05-29 13:48:12,543 - freqtrade.resolvers.strategy_resolver - INFO - Strategy using trailing_only_offset_is_reached: True
2026-05-29 13:48:12,543 - freqtrade.resolvers.strategy_resolver - INFO - Strategy using use_custom_stoploss: True
2026-05-29 13:48:12,543 - freqtrade.resolvers.strategy_resolver - INFO - Strategy using process_only_new_candles: True
2026-05-29 13:48:12,543 - freqtrade.resolvers.strategy_resolver - INFO - Strategy using order_types: {'entry': 'limit', 'exit': 'market', 'emergency_exit': 'market', 'force_exit': 'market', 
'force_entry': 'market', 'stoploss': 'market', 'stoploss_on_exchange': False, 'stoploss_price_type': 'last', 'stoploss_on_exchange_interval': 60, 'stoploss_on_exchange_limit_ratio': 0.99}
2026-05-29 13:48:12,543 - freqtrade.resolvers.strategy_resolver - INFO - Strategy using order_time_in_force: {'entry': 'GTC', 'exit': 'GTC'}
2026-05-29 13:48:12,543 - freqtrade.resolvers.strategy_resolver - INFO - Strategy using stake_currency: USDT
2026-05-29 13:48:12,543 - freqtrade.resolvers.strategy_resolver - INFO - Strategy using stake_amount: 900
2026-05-29 13:48:12,543 - freqtrade.resolvers.strategy_resolver - INFO - Strategy using startup_candle_count: 64
2026-05-29 13:48:12,543 - freqtrade.resolvers.strategy_resolver - INFO - Strategy using unfilledtimeout: {'entry': 10, 'exit': 10, 'exit_timeout_count': 0, 'unit': 'minutes'}
2026-05-29 13:48:12,543 - freqtrade.resolvers.strategy_resolver - INFO - Strategy using use_exit_signal: True
2026-05-29 13:48:12,543 - freqtrade.resolvers.strategy_resolver - INFO - Strategy using exit_profit_only: True
2026-05-29 13:48:12,544 - freqtrade.resolvers.strategy_resolver - INFO - Strategy using ignore_roi_if_entry_signal: True
2026-05-29 13:48:12,544 - freqtrade.resolvers.strategy_resolver - INFO - Strategy using exit_profit_offset: 0.0
2026-05-29 13:48:12,544 - freqtrade.resolvers.strategy_resolver - INFO - Strategy using disable_dataframe_checks: False
2026-05-29 13:48:12,544 - freqtrade.resolvers.strategy_resolver - INFO - Strategy using ignore_buying_expired_candle_after: 0
2026-05-29 13:48:12,544 - freqtrade.resolvers.strategy_resolver - INFO - Strategy using position_adjustment_enable: False
2026-05-29 13:48:12,544 - freqtrade.resolvers.strategy_resolver - INFO - Strategy using max_entry_position_adjustment: -1
2026-05-29 13:48:12,544 - freqtrade.resolvers.strategy_resolver - INFO - Strategy using max_open_trades: 10
2026-05-29 13:48:12,544 - freqtrade.configuration.config_validation - INFO - Validating configuration ...
2026-05-29 13:48:12,548 - freqtrade.resolvers.iresolver - INFO - Using resolved pairlist StaticPairList from '/Users/philprice95/projects/freqtrade/freqtrade/plugins/pairlist/StaticPairList.py'...
2026-05-29 13:48:12,551 - freqtrade.optimize.backtesting - INFO - Using fee 0.1000% - worst case fee from exchange (lowest tier).
2026-05-29 13:48:12,657 - freqtrade.data.history.datahandlers.idatahandler - WARNING - ZEC/USDT, spot, 15m, data ends at 2026-05-27 17:15:00
2026-05-29 13:48:12,661 - freqtrade.data.history.datahandlers.idatahandler - INFO - Price jump in ZEC/USDT, 15m, spot between two candles of 33.14% detected.
2026-05-29 13:48:12,673 - freqtrade.data.history.datahandlers.idatahandler - WARNING - XRP/USDT, spot, 15m, data ends at 2026-05-27 17:15:00
2026-05-29 13:48:12,689 - freqtrade.data.history.datahandlers.idatahandler - WARNING - SOL/USDT, spot, 15m, data ends at 2026-05-27 17:15:00
2026-05-29 13:48:12,703 - freqtrade.data.history.datahandlers.idatahandler - WARNING - LINK/USDT, spot, 15m, data ends at 2026-05-27 17:15:00
2026-05-29 13:48:12,717 - freqtrade.data.history.datahandlers.idatahandler - WARNING - NEAR/USDT, spot, 15m, data ends at 2026-05-27 17:15:00
2026-05-29 13:48:12,731 - freqtrade.data.history.datahandlers.idatahandler - WARNING - AAVE/USDT, spot, 15m, data ends at 2026-05-27 17:15:00
2026-05-29 13:48:12,746 - freqtrade.data.history.datahandlers.idatahandler - WARNING - DASH/USDT, spot, 15m, data ends at 2026-05-28 15:45:00
2026-05-29 13:48:12,750 - freqtrade.data.history.datahandlers.idatahandler - INFO - Price jump in DASH/USDT, 15m, spot between two candles of 61.49% detected.
2026-05-29 13:48:12,761 - freqtrade.data.history.datahandlers.idatahandler - WARNING - SUI/USDT, spot, 15m, data ends at 2026-05-28 15:45:00
2026-05-29 13:48:12,774 - freqtrade.data.history.datahandlers.idatahandler - WARNING - AVAX/USDT, spot, 15m, data ends at 2026-05-28 15:45:00
2026-05-29 13:48:12,789 - freqtrade.data.history.datahandlers.idatahandler - WARNING - LTC/USDT, spot, 15m, data ends at 2026-05-28 15:45:00
2026-05-29 13:48:12,802 - freqtrade.data.history.datahandlers.idatahandler - WARNING - BCH/USDT, spot, 15m, data ends at 2026-05-28 15:45:00
2026-05-29 13:48:12,816 - freqtrade.data.history.datahandlers.idatahandler - WARNING - DOT/USDT, spot, 15m, data ends at 2026-05-28 15:45:00
2026-05-29 13:48:12,830 - freqtrade.data.history.datahandlers.idatahandler - WARNING - NEO/USDT, spot, 15m, data ends at 2026-05-28 15:45:00
2026-05-29 13:48:12,834 - freqtrade.data.history.datahandlers.idatahandler - INFO - Price jump in NEO/USDT, 15m, spot between two candles of 221.60% detected.
2026-05-29 13:48:12,843 - freqtrade.optimize.backtesting - INFO - Loading data from 2024-06-07 08:00:00 up to 2026-05-28 15:45:00 (720 days).
2026-05-29 13:48:15,659 - freqtrade.optimize.backtesting - INFO - Dataload complete. Calculating indicators
2026-05-29 13:48:15,660 - freqtrade.optimize.backtesting - INFO - Running backtesting for Strategy NNNC_DDPM_MLX_LSTM
2026-05-29 13:48:15,699 - freqtrade.strategy.hyper - INFO - Strategy Parameter: cexit_enable_profit_checks = True
2026-05-29 13:48:15,699 - freqtrade.strategy.hyper - INFO - Strategy Parameter: cexit_max_days = 5
2026-05-29 13:48:15,699 - freqtrade.strategy.hyper - INFO - Strategy Parameter: cexit_take_profit = 0.02
2026-05-29 13:48:15,700 - freqtrade.strategy.hyper - INFO - Strategy Parameter: enable_exit_signal = True
2026-05-29 13:48:15,700 - freqtrade.strategy.hyper - INFO - Strategy Parameter: exit_close_norm_threshold = 0.0
2026-05-29 13:48:15,700 - freqtrade.strategy.hyper - INFO - Strategy Parameter: exit_guard_threshold = 0.5
2026-05-29 13:48:15,700 - freqtrade.strategy.hyper - INFO - Strategy Parameter: entry_adx_threshold = 20.0
2026-05-29 13:48:15,700 - freqtrade.strategy.hyper - INFO - Strategy Parameter: entry_atr_pct = 0.006
2026-05-29 13:48:15,700 - freqtrade.strategy.hyper - INFO - Strategy Parameter: entry_bb_width_threshold = 0.014
2026-05-29 13:48:15,700 - freqtrade.strategy.hyper - INFO - Strategy Parameter: entry_close_norm_threshold = 0.0
2026-05-29 13:48:15,700 - freqtrade.strategy.hyper - INFO - Strategy Parameter: entry_enable_guards = True
2026-05-29 13:48:15,700 - freqtrade.strategy.hyper - INFO - Strategy Parameter: entry_guard_threshold = -0.5
2026-05-29 13:48:15,700 - freqtrade.strategy.hyper - INFO - Strategy Parameter: entry_rvol_threshold = 1.0
2026-05-29 13:48:15,700 - freqtrade.strategy.hyper - INFO - Strategy Parameter: prediction_threshold = 0.5

----------------------
NNNC_DDPM_MLX_LSTM
----------------------


Software Environment:

    freqtrade:  2026.4-dev-63819fa7e
    OS Type:    darwin (MacOS), Version: macOS-26.4.1-arm64-arm-64bit
    python:     ['3.12.13 (main, Mar  3 2026, 12:39:30) [Clang 21.0.0 (clang-2100.0.123.102)]']
    sklearn:    1.8.0
    tensorflow: 2.17.0, devices:[PhysicalDevice(name='/physical_device:CPU:0', device_type='CPU'), PhysicalDevice(name='/physical_device:GPU:0', device_type='GPU')]
    keras:      3.14.0
    pytorch:    (not installed)
    lightning:  (not installed)
    darts:      (not installed)


    Current Hyperopt Parameters:
      Buy Parameters:
        entry_adx_threshold: 20.0
        entry_atr_pct: 0.006
        entry_bb_width_threshold: 0.014
        entry_close_norm_threshold: 0.0
        entry_enable_guards: True
        entry_guard_threshold: -0.5
        entry_rvol_threshold: 1.0
        prediction_threshold: 0.5
        cexit_enable_profit_checks: True
        cexit_max_days: 2
        cexit_take_profit: 0.002
        profit_prediction_threshold: 0.3
        apply_task_filters: True

      Sell Parameters:
        cexit_enable_profit_checks: True
        cexit_max_days: 5
        cexit_take_profit: 0.02
        enable_exit_signal: True
        exit_close_norm_threshold: 0.0
        exit_guard_threshold: 0.5

Strategy Parameters/Flags

    refit_model:    False
    model_per_pair: False
    combine_models: False

    ZEC/USDT - adding indicators...
        Buy signals: found 4829 initial peaks, filtered to 4829 peaks with >=0.5% future gain
        Sell signals: found 5517 initial peaks, filtered to 5517 peaks with >=0.5% future loss
        Signal counts: buys=7092, sells=9463, conflicts=0
        Final trading_classes counts: buys=7092, sells=9463
        Trading distribution: [ 9463 52507  7092] [13.7%, 76.0%, 10.3%]
        %train_buy/%train_sell counts: buys=7092, sells=9463, holds=52507
    XRP/USDT - adding indicators...
        Buy signals: found 2379 initial peaks, filtered to 2379 peaks with >=0.5% future gain
        Sell signals: found 2415 initial peaks, filtered to 2415 peaks with >=0.5% future loss
        Signal counts: buys=3982, sells=4355, conflicts=0
        Final trading_classes counts: buys=3982, sells=4355
        Trading distribution: [ 4355 60725  3982] [6.3%, 87.9%, 5.8%]
        %train_buy/%train_sell counts: buys=3982, sells=4355, holds=60725
    SOL/USDT - adding indicators...
        Buy signals: found 2446 initial peaks, filtered to 2446 peaks with >=0.5% future gain
        Sell signals: found 2126 initial peaks, filtered to 2126 peaks with >=0.5% future loss
        Signal counts: buys=4204, sells=3870, conflicts=0
        Final trading_classes counts: buys=4204, sells=3870
        Trading distribution: [ 3870 60988  4204] [5.6%, 88.3%, 6.1%]
        %train_buy/%train_sell counts: buys=4204, sells=3870, holds=60988
    LINK/USDT - adding indicators...
        Buy signals: found 2923 initial peaks, filtered to 2923 peaks with >=0.5% future gain
        Sell signals: found 2800 initial peaks, filtered to 2800 peaks with >=0.5% future loss
        Signal counts: buys=4895, sells=5081, conflicts=0
        Final trading_classes counts: buys=4895, sells=5081
        Trading distribution: [ 5081 59086  4895] [7.4%, 85.6%, 7.1%]
        %train_buy/%train_sell counts: buys=4895, sells=5081, holds=59086
    NEAR/USDT - adding indicators...
        Buy signals: found 4662 initial peaks, filtered to 4662 peaks with >=0.5% future gain
        Sell signals: found 4417 initial peaks, filtered to 4414 peaks with >=0.5% future loss
        Signal counts: buys=7179, sells=7632, conflicts=0
        Final trading_classes counts: buys=7179, sells=7632
        Trading distribution: [ 7632 54251  7179] [11.1%, 78.6%, 10.4%]
        %train_buy/%train_sell counts: buys=7179, sells=7632, holds=54251
    AAVE/USDT - adding indicators...
        Buy signals: found 3786 initial peaks, filtered to 3786 peaks with >=0.5% future gain
        Sell signals: found 3808 initial peaks, filtered to 3808 peaks with >=0.5% future loss
        Signal counts: buys=5945, sells=6640, conflicts=0
        Final trading_classes counts: buys=5945, sells=6640
        Trading distribution: [ 6640 56477  5945] [9.6%, 81.8%, 8.6%]
        %train_buy/%train_sell counts: buys=5945, sells=6640, holds=56477
    DASH/USDT - adding indicators...
        Buy signals: found 3426 initial peaks, filtered to 3426 peaks with >=0.5% future gain
        Sell signals: found 3642 initial peaks, filtered to 3642 peaks with >=0.5% future loss
        Signal counts: buys=4989, sells=6180, conflicts=0
        Final trading_classes counts: buys=4989, sells=6180
        Trading distribution: [ 6180 57983  4989] [8.9%, 83.8%, 7.2%]
        %train_buy/%train_sell counts: buys=4989, sells=6180, holds=57983
    SUI/USDT - adding indicators...
        Buy signals: found 4959 initial peaks, filtered to 4959 peaks with >=0.5% future gain
        Sell signals: found 4712 initial peaks, filtered to 4712 peaks with >=0.5% future loss
        Signal counts: buys=7872, sells=8272, conflicts=0
        Final trading_classes counts: buys=7872, sells=8272
        Trading distribution: [ 8272 53008  7872] [12.0%, 76.7%, 11.4%]
        %train_buy/%train_sell counts: buys=7872, sells=8272, holds=53008
    AVAX/USDT - adding indicators...
        Buy signals: found 3181 initial peaks, filtered to 3181 peaks with >=0.5% future gain
        Sell signals: found 2835 initial peaks, filtered to 2835 peaks with >=0.5% future loss
        Signal counts: buys=5253, sells=5133, conflicts=0
        Final trading_classes counts: buys=5253, sells=5133
        Trading distribution: [ 5133 58766  5253] [7.4%, 85.0%, 7.6%]
        %train_buy/%train_sell counts: buys=5253, sells=5133, holds=58766
    LTC/USDT - adding indicators...
        Buy signals: found 2624 initial peaks, filtered to 2624 peaks with >=0.5% future gain
        Sell signals: found 2327 initial peaks, filtered to 2327 peaks with >=0.5% future loss
        Signal counts: buys=4301, sells=4221, conflicts=0
        Final trading_classes counts: buys=4301, sells=4221
        Trading distribution: [ 4221 60630  4301] [6.1%, 87.7%, 6.2%]
        %train_buy/%train_sell counts: buys=4301, sells=4221, holds=60630
    BCH/USDT - adding indicators...
        Buy signals: found 3033 initial peaks, filtered to 3033 peaks with >=0.5% future gain
        Sell signals: found 2883 initial peaks, filtered to 2883 peaks with >=0.5% future loss
        Signal counts: buys=4742, sells=5225, conflicts=0
        Final trading_classes counts: buys=4742, sells=5225
        Trading distribution: [ 5225 59185  4742] [7.6%, 85.6%, 6.9%]
        %train_buy/%train_sell counts: buys=4742, sells=5225, holds=59185
    DOT/USDT - adding indicators...
        Buy signals: found 3212 initial peaks, filtered to 3212 peaks with >=0.5% future gain
        Sell signals: found 2860 initial peaks, filtered to 2860 peaks with >=0.5% future loss
        Signal counts: buys=5274, sells=5066, conflicts=0
        Final trading_classes counts: buys=5274, sells=5066
        Trading distribution: [ 5066 58812  5274] [7.3%, 85.0%, 7.6%]
        %train_buy/%train_sell counts: buys=5274, sells=5066, holds=58812
    NEO/USDT - adding indicators...
        Buy signals: found 3090 initial peaks, filtered to 3090 peaks with >=0.5% future gain
        Sell signals: found 3046 initial peaks, filtered to 3046 peaks with >=0.5% future loss
        Signal counts: buys=4545, sells=5318, conflicts=0
        Final trading_classes counts: buys=4545, sells=5318
        Trading distribution: [ 5318 59289  4545] [7.7%, 85.7%, 6.6%]
        %train_buy/%train_sell counts: buys=4545, sells=5318, holds=59289
    Training model on 13 pairs
    Main scaler loaded from /Users/philprice95/projects/freqtrade/user_data/strategies/saved_data/
    PCA data loaded: n_components=20
    Columns exceeding ±10 before clipping: [('bb_width', -1.0001307528502497, 18.387945839670714)]
    GAN scaler A loaded from /Users/philprice95/projects/freqtrade/user_data/strategies/saved_data/
      columns: ['bb_width', 'atr_norm', 'rsi_scaled', 'mfi_scaled', 'guard_metric_pos', 'guard_metric_neg', 'gain_norm', 'macdhist_norm', 'ema_fast_norm', 'macd_pos', 'macd_neg', 'fastk_scaled', 'fast_diff', 'adx_scaled', 'aroonosc_scaled', 'bb_position', 'vwap_pos', 'vwap_neg', 'di_diff_scaled', 'sar_ratio', 'spread_ma', 'cci_scaled', 'fisher_ss', 'cg_ss']
    balance_single_task: class counts {0: 7531, 1: 42312, 2: 5391} (gan_type=TAB_DDPM)
    balance_single_task: per-class additions {0: 9393, 2: 11533}
      realsignal filter: kept 9393/13419 synth samples for class 0 (reject_pct=0.30)
      generated 9393 samples for class 0
      realsignal filter: kept 11533/16476 synth samples for class 2 (reject_pct=0.30)
      generated 11533 samples for class 2
    balance_single_task: rows 55234 -> 76160; counts {0: 7531, 1: 42312, 2: 5391} -> {0: 16924, 1: 42312, 2: 16924}
    === GAN fidelity diagnostic (real vs synthetic) ===
      real rows:      55234    synth rows:      20926    features: 24
      task        cls     N_real      N_syn    |Δμ|max    σ_syn/σ_real  flag
      ----------------------------------------------------------------------
      class         0       7531       9393      0.36σ   0.25/ 0.91  MODE_COLLAPSE,joint_drift
      class         1      42312          0          -               -  no synth
      class         2       5391      11533      0.31σ   0.25/ 0.92  MODE_COLLAPSE,joint_drift

      worst features per bucket (top 2 by severity):
        class==0:
          bb_width              real μ= -0.450 σ= 0.333    syn μ= -0.571 σ= 0.187    Δμ=-0.36σ  σ_ratio=0.56
          guard_metric_neg      real μ= +0.012 σ= 0.084    syn μ= +0.002 σ= 0.021    Δμ=-0.13σ  σ_ratio=0.25
          gain_norm             real μ= -0.446 σ= 0.484    syn μ= -0.494 σ= 0.456    Δμ=-0.10σ  σ_ratio=0.94
        class==2:
          bb_width              real μ= -0.481 σ= 0.300    syn μ= -0.575 σ= 0.187    Δμ=-0.31σ  σ_ratio=0.62
          ema_fast_norm         real μ= -0.383 σ= 0.746    syn μ= -0.471 σ= 0.691    Δμ=-0.12σ  σ_ratio=0.93
          bb_position           real μ= -0.587 σ= 0.314    syn μ= -0.618 σ= 0.290    Δμ=-0.10σ  σ_ratio=0.92

    === Joint-distribution diagnostic (correlation matrix) ===
      task        cls  used_real   used_syn   |Δρ|max   |Δρ|mean  flag
      ----------------------------------------------------------------------
      class         0       7531       9393     0.317      0.048  joint_drift
      class         2       5391      11533     0.336      0.050  joint_drift

      worst feature PAIRS per bucket (top 2 by |Δρ|):
        class==2:
          guard_metric_pos   × vwap_neg            real ρ=+0.35  syn ρ=+0.01  Δρ=+0.34
          rsi_scaled         × guard_metric_pos    real ρ=+0.30  syn ρ=+0.09  Δρ=+0.21
          guard_metric_pos   × cci_scaled          real ρ=+0.24  syn ρ=+0.07  Δρ=+0.17
        class==0:
          guard_metric_neg   × vwap_pos            real ρ=+0.39  syn ρ=+0.08  Δρ=+0.32
          guard_metric_neg   × fastk_scaled        real ρ=-0.34  syn ρ=-0.02  Δρ=-0.31
          guard_metric_neg   × bb_position         real ρ=-0.32  syn ρ=-0.06  Δρ=-0.26
    Columns exceeding ±10 before clipping: [('bb_width', -1.0001307528502497, 16.676458335376665)]
    balance_single_task: class counts {0: 3852, 1: 47824, 2: 3558} (gan_type=TAB_DDPM)
    balance_single_task: per-class additions {0: 15277, 2: 15571}
      realsignal filter: kept 15277/21825 synth samples for class 0 (reject_pct=0.30)
      generated 15277 samples for class 0
      realsignal filter: kept 15571/22245 synth samples for class 2 (reject_pct=0.30)
      generated 15571 samples for class 2
    balance_single_task: rows 55234 -> 86082; counts {0: 3852, 1: 47824, 2: 3558} -> {0: 19129, 1: 47824, 2: 19129}
    === GAN fidelity diagnostic (real vs synthetic) ===
      real rows:      55234    synth rows:      30848    features: 24
      task        cls     N_real      N_syn    |Δμ|max    σ_syn/σ_real  flag
      ----------------------------------------------------------------------
      class         0       3852      15277      0.23σ   0.69/ 1.06  ok
      class         1      47824          0          -               -  no synth
      class         2       3558      15571      0.28σ   0.76/ 1.09  ok

      worst features per bucket (top 2 by severity):
        class==0:
          aroonosc_scaled       real μ= +0.445 σ= 0.481    syn μ= +0.335 σ= 0.500    Δμ=-0.23σ  σ_ratio=1.04
          macd_pos              real μ= +0.702 σ= 0.368    syn μ= +0.632 σ= 0.385    Δμ=-0.19σ  σ_ratio=1.05
          rsi_scaled            real μ= +0.264 σ= 0.176    syn μ= +0.294 σ= 0.228    Δμ=+0.17σ  σ_ratio=1.29
        class==2:
          macd_neg              real μ= +0.741 σ= 0.355    syn μ= +0.642 σ= 0.387    Δμ=-0.28σ  σ_ratio=1.09
          rsi_scaled            real μ= -0.271 σ= 0.157    syn μ= -0.312 σ= 0.217    Δμ=-0.26σ  σ_ratio=1.38
          fastk_scaled          real μ= -0.556 σ= 0.338    syn μ= -0.635 σ= 0.397    Δμ=-0.24σ  σ_ratio=1.18

    === Joint-distribution diagnostic (correlation matrix) ===
      task        cls  used_real   used_syn   |Δρ|max   |Δρ|mean  flag
      ----------------------------------------------------------------------
      class         0       3852      15277     0.200      0.056  ok
      class         2       3558      15571     0.214      0.062  ok

      worst feature PAIRS per bucket (top 2 by |Δρ|):
        class==2:
          macd_pos           × vwap_neg            real ρ=+0.37  syn ρ=+0.16  Δρ=+0.21
          adx_scaled         × sar_ratio           real ρ=-0.33  syn ρ=-0.13  Δρ=-0.21
          sar_ratio          × fisher_ss           real ρ=-0.38  syn ρ=-0.18  Δρ=-0.21
        class==0:
          adx_scaled         × sar_ratio           real ρ=+0.23  syn ρ=+0.03  Δρ=+0.20
          fast_diff          × cci_scaled          real ρ=-0.21  syn ρ=-0.40  Δρ=+0.20
          mfi_scaled         × guard_metric_pos    real ρ=+0.53  syn ρ=+0.34  Δρ=+0.19
    Columns exceeding ±10 before clipping: [('bb_width', -1.0001307528502497, 13.172310832388956)]
    balance_single_task: class counts {0: 3320, 1: 48233, 2: 3681} (gan_type=TAB_DDPM)
    balance_single_task: per-class additions {0: 15973, 2: 15612}
      realsignal filter: kept 15973/22819 synth samples for class 0 (reject_pct=0.30)
      generated 15973 samples for class 0
      realsignal filter: kept 15612/22303 synth samples for class 2 (reject_pct=0.30)
      generated 15612 samples for class 2
    balance_single_task: rows 55234 -> 86819; counts {0: 3320, 1: 48233, 2: 3681} -> {0: 19293, 1: 48233, 2: 19293}
    === GAN fidelity diagnostic (real vs synthetic) ===
      real rows:      55234    synth rows:      31585    features: 24
      task        cls     N_real      N_syn    |Δμ|max    σ_syn/σ_real  flag
      ----------------------------------------------------------------------
      class         0       3320      15973      0.36σ   0.57/ 1.13  ok
      class         1      48233          0          -               -  no synth
      class         2       3681      15612      0.35σ   0.92/ 1.13  ok

      worst features per bucket (top 2 by severity):
        class==0:
          vwap_neg              real μ= +0.558 σ= 0.649    syn μ= +0.325 σ= 0.765    Δμ=-0.36σ  σ_ratio=1.18
          macd_pos              real μ= +0.757 σ= 0.338    syn μ= +0.639 σ= 0.386    Δμ=-0.35σ  σ_ratio=1.14
          vwap_pos              real μ= -0.956 σ= 0.212    syn μ= -0.889 σ= 0.329    Δμ=+0.31σ  σ_ratio=1.56
        class==2:
          aroonosc_scaled       real μ= -0.506 σ= 0.415    syn μ= -0.359 σ= 0.480    Δμ=+0.35σ  σ_ratio=1.16
          ema_fast_norm         real μ= -0.667 σ= 0.598    syn μ= -0.482 σ= 0.685    Δμ=+0.31σ  σ_ratio=1.14
          guard_metric_neg      real μ= +0.695 σ= 0.239    syn μ= +0.625 σ= 0.263    Δμ=-0.29σ  σ_ratio=1.10

    === Joint-distribution diagnostic (correlation matrix) ===
      task        cls  used_real   used_syn   |Δρ|max   |Δρ|mean  flag
      ----------------------------------------------------------------------
      class         0       3320      15973     0.220      0.052  ok
      class         2       3681      15612     0.262      0.062  ok

      worst feature PAIRS per bucket (top 2 by |Δρ|):
        class==2:
          sar_ratio          × fisher_ss           real ρ=-0.45  syn ρ=-0.19  Δρ=-0.26
          adx_scaled         × aroonosc_scaled     real ρ=-0.45  syn ρ=-0.22  Δρ=-0.22
          cci_scaled         × fisher_ss           real ρ=+0.45  syn ρ=+0.23  Δρ=+0.22
        class==0:
          guard_metric_neg   × macd_neg            real ρ=+0.37  syn ρ=+0.15  Δρ=+0.22
          sar_ratio          × fisher_ss           real ρ=-0.40  syn ρ=-0.20  Δρ=-0.19
          adx_scaled         × di_diff_scaled      real ρ=-0.09  syn ρ=+0.10  Δρ=-0.19
    Columns exceeding ±10 before clipping: [('bb_width', -1.0001307528502497, 10.021823762426383)]
    balance_single_task: class counts {0: 4584, 1: 46210, 2: 4440} (gan_type=TAB_DDPM)
    balance_single_task: per-class additions {0: 13900, 2: 14044}
      realsignal filter: kept 13900/19858 synth samples for class 0 (reject_pct=0.30)
      generated 13900 samples for class 0
      realsignal filter: kept 14044/20063 synth samples for class 2 (reject_pct=0.30)
      generated 14044 samples for class 2
    balance_single_task: rows 55234 -> 83178; counts {0: 4584, 1: 46210, 2: 4440} -> {0: 18484, 1: 46210, 2: 18484}
    === GAN fidelity diagnostic (real vs synthetic) ===
      real rows:      55234    synth rows:      27944    features: 24
      task        cls     N_real      N_syn    |Δμ|max    σ_syn/σ_real  flag
      ----------------------------------------------------------------------
      class         0       4584      13900      0.23σ   0.71/ 1.07  ok
      class         1      46210          0          -               -  no synth
      class         2       4440      14044      0.25σ   0.88/ 1.08  ok

      worst features per bucket (top 2 by severity):
        class==0:
          macd_pos              real μ= +0.718 σ= 0.358    syn μ= +0.634 σ= 0.385    Δμ=-0.23σ  σ_ratio=1.07
          aroonosc_scaled       real μ= +0.444 σ= 0.451    syn μ= +0.340 σ= 0.493    Δμ=-0.23σ  σ_ratio=1.09
          vwap_neg              real μ= +0.466 σ= 0.712    syn μ= +0.315 σ= 0.772    Δμ=-0.21σ  σ_ratio=1.08
        class==2:
          guard_metric_neg      real μ= +0.684 σ= 0.245    syn μ= +0.622 σ= 0.264    Δμ=-0.25σ  σ_ratio=1.08
          aroonosc_scaled       real μ= -0.469 σ= 0.446    syn μ= -0.357 σ= 0.483    Δμ=+0.25σ  σ_ratio=1.08
          macd_neg              real μ= +0.729 σ= 0.359    syn μ= +0.641 σ= 0.388    Δμ=-0.25σ  σ_ratio=1.08

    === Joint-distribution diagnostic (correlation matrix) ===
      task        cls  used_real   used_syn   |Δρ|max   |Δρ|mean  flag
      ----------------------------------------------------------------------
      class         0       4584      13900     0.188      0.045  ok
      class         2       4440      14044     0.198      0.057  ok

      worst feature PAIRS per bucket (top 2 by |Δρ|):
        class==2:
          sar_ratio          × fisher_ss           real ρ=-0.37  syn ρ=-0.17  Δρ=-0.20
          adx_scaled         × aroonosc_scaled     real ρ=-0.41  syn ρ=-0.23  Δρ=-0.19
          guard_metric_pos   × vwap_neg            real ρ=+0.20  syn ρ=+0.03  Δρ=+0.18
        class==0:
          guard_metric_neg   × macd_neg            real ρ=+0.35  syn ρ=+0.17  Δρ=+0.19
          sar_ratio          × fisher_ss           real ρ=-0.37  syn ρ=-0.20  Δρ=-0.17
          adx_scaled         × sar_ratio           real ρ=+0.23  syn ρ=+0.05  Δρ=+0.17
    Columns exceeding ±10 before clipping: [('bb_width', -1.0001307528502497, 15.26941264658338)]
    balance_single_task: class counts {0: 6416, 1: 42864, 2: 5954} (gan_type=TAB_DDPM)
    balance_single_task: per-class additions {0: 10729, 2: 11191}
      realsignal filter: kept 10729/15328 synth samples for class 0 (reject_pct=0.30)
      generated 10729 samples for class 0
      realsignal filter: kept 11191/15988 synth samples for class 2 (reject_pct=0.30)
      generated 11191 samples for class 2
    balance_single_task: rows 55234 -> 77154; counts {0: 6416, 1: 42864, 2: 5954} -> {0: 17145, 1: 42864, 2: 17145}
    === GAN fidelity diagnostic (real vs synthetic) ===
      real rows:      55234    synth rows:      21920    features: 24
      task        cls     N_real      N_syn    |Δμ|max    σ_syn/σ_real  flag
      ----------------------------------------------------------------------
      class         0       6416      10729      0.17σ   0.44/ 1.01  ok
      class         1      42864          0          -               -  no synth
      class         2       5954      11191      0.16σ   0.72/ 1.01  ok

      worst features per bucket (top 2 by severity):
        class==0:
          fastk_scaled          real μ= +0.694 σ= 0.404    syn μ= +0.625 σ= 0.419    Δμ=-0.17σ  σ_ratio=1.04
          bb_width              real μ= -0.600 σ= 0.180    syn μ= -0.571 σ= 0.186    Δμ=+0.16σ  σ_ratio=1.04
          di_diff_scaled        real μ= +0.587 σ= 0.465    syn μ= +0.519 σ= 0.522    Δμ=-0.15σ  σ_ratio=1.12
        class==2:
          fastk_scaled          real μ= -0.704 σ= 0.387    syn μ= -0.643 σ= 0.395    Δμ=+0.16σ  σ_ratio=1.02
          mfi_scaled            real μ= -0.491 σ= 0.523    syn μ= -0.418 σ= 0.535    Δμ=+0.14σ  σ_ratio=1.02
          sar_ratio             real μ= +0.540 σ= 0.509    syn μ= +0.477 σ= 0.547    Δμ=-0.12σ  σ_ratio=1.08

    === Joint-distribution diagnostic (correlation matrix) ===
      task        cls  used_real   used_syn   |Δρ|max   |Δρ|mean  flag
      ----------------------------------------------------------------------
      class         0       6416      10729     0.190      0.043  ok
      class         2       5954      11191     0.177      0.053  ok

      worst feature PAIRS per bucket (top 2 by |Δρ|):
        class==0:
          guard_metric_neg   × fastk_scaled        real ρ=-0.21  syn ρ=-0.02  Δρ=-0.19
          guard_metric_neg   × bb_position         real ρ=-0.23  syn ρ=-0.08  Δρ=-0.15
          guard_metric_neg   × macd_neg            real ρ=+0.34  syn ρ=+0.19  Δρ=+0.15
        class==2:
          vwap_pos           × di_diff_scaled      real ρ=-0.46  syn ρ=-0.28  Δρ=-0.18
          vwap_neg           × di_diff_scaled      real ρ=+0.29  syn ρ=+0.12  Δρ=+0.17
          bb_width           × atr_norm            real ρ=+0.32  syn ρ=+0.15  Δρ=+0.16
    Columns exceeding ±10 before clipping: [('bb_width', -1.0001307528502497, 15.76205569340843)]
    balance_single_task: class counts {0: 5994, 1: 43993, 2: 5247} (gan_type=TAB_DDPM)
    balance_single_task: per-class additions {0: 11603, 2: 12350}
      realsignal filter: kept 11603/16576 synth samples for class 0 (reject_pct=0.30)
      generated 11603 samples for class 0
      realsignal filter: kept 12350/17643 synth samples for class 2 (reject_pct=0.30)
      generated 12350 samples for class 2
    balance_single_task: rows 55234 -> 79187; counts {0: 5994, 1: 43993, 2: 5247} -> {0: 17597, 1: 43993, 2: 17597}
    === GAN fidelity diagnostic (real vs synthetic) ===
      real rows:      55234    synth rows:      23953    features: 24
      task        cls     N_real      N_syn    |Δμ|max    σ_syn/σ_real  flag
      ----------------------------------------------------------------------
      class         0       5994      11603      0.20σ   0.42/ 1.01  ok
      class         1      43993          0          -               -  no synth
      class         2       5247      12350      0.18σ   0.52/ 0.99  ok

      worst features per bucket (top 2 by severity):
        class==0:
          fastk_scaled          real μ= +0.697 σ= 0.398    syn μ= +0.619 σ= 0.426    Δμ=-0.20σ  σ_ratio=1.07
          mfi_scaled            real μ= +0.433 σ= 0.498    syn μ= +0.341 σ= 0.564    Δμ=-0.18σ  σ_ratio=1.13
          vwap_neg              real μ= +0.451 σ= 0.717    syn μ= +0.335 σ= 0.765    Δμ=-0.16σ  σ_ratio=1.07
        class==2:
          fastk_scaled          real μ= -0.715 σ= 0.396    syn μ= -0.645 σ= 0.394    Δμ=+0.18σ  σ_ratio=0.99
          sar_ratio             real μ= +0.540 σ= 0.506    syn μ= +0.475 σ= 0.552    Δμ=-0.13σ  σ_ratio=1.09
          bb_width              real μ= -0.596 σ= 0.194    syn μ= -0.576 σ= 0.186    Δμ=+0.10σ  σ_ratio=0.96

    === Joint-distribution diagnostic (correlation matrix) ===
      task        cls  used_real   used_syn   |Δρ|max   |Δρ|mean  flag
      ----------------------------------------------------------------------
      class         0       5994      11603     0.211      0.037  ok
      class         2       5247      12350     0.174      0.046  ok

      worst feature PAIRS per bucket (top 2 by |Δρ|):
        class==0:
          guard_metric_neg   × vwap_pos            real ρ=+0.27  syn ρ=+0.06  Δρ=+0.21
          guard_metric_neg   × fastk_scaled        real ρ=-0.21  syn ρ=-0.03  Δρ=-0.19
          guard_metric_neg   × bb_position         real ρ=-0.23  syn ρ=-0.07  Δρ=-0.16
        class==2:
          guard_metric_pos   × vwap_neg            real ρ=+0.19  syn ρ=+0.02  Δρ=+0.17
          bb_width           × atr_norm            real ρ=+0.31  syn ρ=+0.13  Δρ=+0.17
          bb_width           × spread_ma           real ρ=+0.30  syn ρ=+0.14  Δρ=+0.16
    Columns exceeding ±10 before clipping: [('bb_width', -1.0001307528502497, 34.81767015448198)]
    balance_single_task: class counts {0: 4825, 1: 46803, 2: 3678} (gan_type=TAB_DDPM)
    balance_single_task: per-class additions {0: 13896, 2: 15043}
      realsignal filter: kept 13896/19852 synth samples for class 0 (reject_pct=0.30)
      generated 13896 samples for class 0
      realsignal filter: kept 15043/21491 synth samples for class 2 (reject_pct=0.30)
      generated 15043 samples for class 2
    balance_single_task: rows 55306 -> 84245; counts {0: 4825, 1: 46803, 2: 3678} -> {0: 18721, 1: 46803, 2: 18721}
    === GAN fidelity diagnostic (real vs synthetic) ===
      real rows:      55306    synth rows:      28939    features: 24
      task        cls     N_real      N_syn    |Δμ|max    σ_syn/σ_real  flag
      ----------------------------------------------------------------------
      class         0       4825      13896      0.39σ   0.17/ 0.86  MODE_COLLAPSE,joint_drift
      class         1      46803          0          -               -  no synth
      class         2       3678      15043      0.36σ   0.24/ 0.90  MODE_COLLAPSE,joint_drift

      worst features per bucket (top 2 by severity):
        class==0:
          bb_width              real μ= -0.426 σ= 0.380    syn μ= -0.574 σ= 0.184    Δμ=-0.39σ  σ_ratio=0.48
          adx_scaled            real μ= +0.305 σ= 0.510    syn μ= +0.137 σ= 0.435    Δμ=-0.33σ  σ_ratio=0.85
          rsi_scaled            real μ= +0.342 σ= 0.294    syn μ= +0.296 σ= 0.226    Δμ=-0.16σ  σ_ratio=0.77
        class==2:
          bb_width              real μ= -0.458 σ= 0.324    syn μ= -0.576 σ= 0.187    Δμ=-0.36σ  σ_ratio=0.58
          fastk_scaled          real μ= -0.741 σ= 0.415    syn μ= -0.643 σ= 0.391    Δμ=+0.24σ  σ_ratio=0.94
          rsi_scaled            real μ= -0.377 σ= 0.293    syn μ= -0.314 σ= 0.218    Δμ=+0.22σ  σ_ratio=0.74

    === Joint-distribution diagnostic (correlation matrix) ===
      task        cls  used_real   used_syn   |Δρ|max   |Δρ|mean  flag
      ----------------------------------------------------------------------
      class         0       4825      13896     0.391      0.062  joint_drift
      class         2       3678      15043     0.351      0.060  joint_drift

      worst feature PAIRS per bucket (top 2 by |Δρ|):
        class==0:
          guard_metric_neg   × vwap_pos            real ρ=+0.44  syn ρ=+0.05  Δρ=+0.39
          guard_metric_neg   × fastk_scaled        real ρ=-0.37  syn ρ=-0.03  Δρ=-0.35
          rsi_scaled         × guard_metric_neg    real ρ=-0.41  syn ρ=-0.09  Δρ=-0.32
        class==2:
          bb_width           × adx_scaled          real ρ=-0.12  syn ρ=+0.23  Δρ=-0.35
          guard_metric_pos   × vwap_neg            real ρ=+0.30  syn ρ=+0.01  Δρ=+0.29
          rsi_scaled         × guard_metric_pos    real ρ=+0.35  syn ρ=+0.12  Δρ=+0.23
    Columns exceeding ±10 before clipping: [('bb_width', -1.0001307528502497, 13.282909868321585)]
    balance_single_task: class counts {0: 7206, 1: 41195, 2: 6905} (gan_type=TAB_DDPM)
    balance_single_task: per-class additions {0: 9272, 2: 9573}
      realsignal filter: kept 9272/13246 synth samples for class 0 (reject_pct=0.30)
      generated 9272 samples for class 0
      realsignal filter: kept 9573/13676 synth samples for class 2 (reject_pct=0.30)
      generated 9573 samples for class 2
    balance_single_task: rows 55306 -> 74151; counts {0: 7206, 1: 41195, 2: 6905} -> {0: 16478, 1: 41195, 2: 16478}
    === GAN fidelity diagnostic (real vs synthetic) ===
      real rows:      55306    synth rows:      18845    features: 24
      task        cls     N_real      N_syn    |Δμ|max    σ_syn/σ_real  flag
      ----------------------------------------------------------------------
      class         0       7206       9272      0.18σ   0.53/ 1.00  ok
      class         1      41195          0          -               -  no synth
      class         2       6905       9573      0.25σ   0.58/ 1.02  ok

      worst features per bucket (top 2 by severity):
        class==2:
          adx_scaled            real μ= +0.084 σ= 0.407    syn μ= +0.186 σ= 0.447    Δμ=+0.25σ  σ_ratio=1.10
          rsi_scaled            real μ= -0.279 σ= 0.182    syn μ= -0.317 σ= 0.219    Δμ=-0.21σ  σ_ratio=1.20
          aroonosc_scaled       real μ= -0.413 σ= 0.493    syn μ= -0.354 σ= 0.485    Δμ=+0.12σ  σ_ratio=0.98
        class==0:
          adx_scaled            real μ= +0.067 σ= 0.412    syn μ= +0.139 σ= 0.439    Δμ=+0.18σ  σ_ratio=1.06
          rsi_scaled            real μ= +0.267 σ= 0.190    syn μ= +0.293 σ= 0.224    Δμ=+0.14σ  σ_ratio=1.18
          di_diff_scaled        real μ= +0.568 σ= 0.470    syn μ= +0.521 σ= 0.522    Δμ=-0.10σ  σ_ratio=1.11

    === Joint-distribution diagnostic (correlation matrix) ===
      task        cls  used_real   used_syn   |Δρ|max   |Δρ|mean  flag
      ----------------------------------------------------------------------
      class         0       7206       9272     0.206      0.048  ok
      class         2       6905       9573     0.205      0.051  ok

      worst feature PAIRS per bucket (top 2 by |Δρ|):
        class==2:
          guard_metric_pos   × vwap_neg            real ρ=+0.23  syn ρ=+0.03  Δρ=+0.21
          bb_width           × adx_scaled          real ρ=+0.41  syn ρ=+0.22  Δρ=+0.19
          bb_width           × atr_norm            real ρ=+0.34  syn ρ=+0.17  Δρ=+0.17
        class==0:
          bb_width           × guard_metric_pos    real ρ=+0.32  syn ρ=+0.12  Δρ=+0.21
          macdhist_norm      × adx_scaled          real ρ=-0.28  syn ρ=-0.08  Δρ=-0.19
          adx_scaled         × sar_ratio           real ρ=+0.24  syn ρ=+0.05  Δρ=+0.19
    Columns exceeding ±10 before clipping: [('bb_width', -1.0001307528502497, 13.671443881083967)]
    balance_single_task: class counts {0: 4637, 1: 45879, 2: 4790} (gan_type=TAB_DDPM)
    balance_single_task: per-class additions {0: 13714, 2: 13561}
      realsignal filter: kept 13714/19592 synth samples for class 0 (reject_pct=0.30)
      generated 13714 samples for class 0
      realsignal filter: kept 13561/19373 synth samples for class 2 (reject_pct=0.30)
      generated 13561 samples for class 2
    balance_single_task: rows 55306 -> 82581; counts {0: 4637, 1: 45879, 2: 4790} -> {0: 18351, 1: 45879, 2: 18351}
    === GAN fidelity diagnostic (real vs synthetic) ===
      real rows:      55306    synth rows:      27275    features: 24
      task        cls     N_real      N_syn    |Δμ|max    σ_syn/σ_real  flag
      ----------------------------------------------------------------------
      class         0       4637      13714      0.32σ   0.53/ 1.10  ok
      class         1      45879          0          -               -  no synth
      class         2       4790      13561      0.31σ   0.91/ 1.10  ok

      worst features per bucket (top 2 by severity):
        class==0:
          vwap_neg              real μ= +0.532 σ= 0.662    syn μ= +0.319 σ= 0.771    Δμ=-0.32σ  σ_ratio=1.16
          macd_pos              real μ= +0.740 σ= 0.348    syn μ= +0.638 σ= 0.384    Δμ=-0.29σ  σ_ratio=1.10
          macd_neg              real μ= +0.028 σ= 0.112    syn μ= +0.058 σ= 0.160    Δμ=+0.26σ  σ_ratio=1.43
        class==2:
          aroonosc_scaled       real μ= -0.496 σ= 0.441    syn μ= -0.357 σ= 0.479    Δμ=+0.31σ  σ_ratio=1.09
          mfi_scaled            real μ= -0.526 σ= 0.420    syn μ= -0.406 σ= 0.542    Δμ=+0.28σ  σ_ratio=1.29
          guard_metric_neg      real μ= +0.685 σ= 0.240    syn μ= +0.623 σ= 0.263    Δμ=-0.26σ  σ_ratio=1.10

    === Joint-distribution diagnostic (correlation matrix) ===
      task        cls  used_real   used_syn   |Δρ|max   |Δρ|mean  flag
      ----------------------------------------------------------------------
      class         0       4637      13714     0.207      0.048  ok
      class         2       4790      13561     0.205      0.051  ok

      worst feature PAIRS per bucket (top 2 by |Δρ|):
        class==2:
          macd_pos           × vwap_neg            real ρ=+0.36  syn ρ=+0.15  Δρ=+0.20
          sar_ratio          × fisher_ss           real ρ=-0.38  syn ρ=-0.18  Δρ=-0.20
          cci_scaled         × fisher_ss           real ρ=+0.40  syn ρ=+0.20  Δρ=+0.20
        class==0:
          sar_ratio          × fisher_ss           real ρ=-0.40  syn ρ=-0.20  Δρ=-0.21
          adx_scaled         × sar_ratio           real ρ=+0.23  syn ρ=+0.04  Δρ=+0.20
          guard_metric_neg   × macd_neg            real ρ=+0.35  syn ρ=+0.16  Δρ=+0.19
    Columns exceeding ±10 before clipping: [('bb_width', -1.0001307528502497, 19.190928111705656)]
    balance_single_task: class counts {0: 3686, 1: 47862, 2: 3758} (gan_type=TAB_DDPM)
    balance_single_task: per-class additions {0: 15458, 2: 15386}
      realsignal filter: kept 15458/22083 synth samples for class 0 (reject_pct=0.30)
      generated 15458 samples for class 0
      realsignal filter: kept 15386/21981 synth samples for class 2 (reject_pct=0.30)
      generated 15386 samples for class 2
    balance_single_task: rows 55306 -> 86150; counts {0: 3686, 1: 47862, 2: 3758} -> {0: 19144, 1: 47862, 2: 19144}
    === GAN fidelity diagnostic (real vs synthetic) ===
      real rows:      55306    synth rows:      30844    features: 24
      task        cls     N_real      N_syn    |Δμ|max    σ_syn/σ_real  flag
      ----------------------------------------------------------------------
      class         0       3686      15458      0.36σ   0.59/ 1.05  ok
      class         1      47862          0          -               -  no synth
      class         2       3758      15386      0.23σ   0.84/ 1.07  ok

      worst features per bucket (top 2 by severity):
        class==0:
          adx_scaled            real μ= +0.011 σ= 0.370    syn μ= +0.145 σ= 0.437    Δμ=+0.36σ  σ_ratio=1.18
          rsi_scaled            real μ= +0.257 σ= 0.173    syn μ= +0.298 σ= 0.227    Δμ=+0.23σ  σ_ratio=1.32
          vwap_neg              real μ= +0.475 σ= 0.691    syn μ= +0.323 σ= 0.769    Δμ=-0.22σ  σ_ratio=1.11
        class==2:
          macd_neg              real μ= +0.729 σ= 0.355    syn μ= +0.646 σ= 0.387    Δμ=-0.23σ  σ_ratio=1.09
          adx_scaled            real μ= +0.088 σ= 0.415    syn μ= +0.179 σ= 0.452    Δμ=+0.22σ  σ_ratio=1.09
          rsi_scaled            real μ= -0.281 σ= 0.162    syn μ= -0.316 σ= 0.219    Δμ=-0.22σ  σ_ratio=1.35

    === Joint-distribution diagnostic (correlation matrix) ===
      task        cls  used_real   used_syn   |Δρ|max   |Δρ|mean  flag
      ----------------------------------------------------------------------
      class         0       3686      15458     0.222      0.055  ok
      class         2       3758      15386     0.169      0.046  ok

      worst feature PAIRS per bucket (top 2 by |Δρ|):
        class==0:
          adx_scaled         × sar_ratio           real ρ=+0.27  syn ρ=+0.05  Δρ=+0.22
          guard_metric_neg   × vwap_pos            real ρ=+0.26  syn ρ=+0.06  Δρ=+0.20
          fastk_scaled       × adx_scaled          real ρ=-0.09  syn ρ=+0.08  Δρ=-0.18
        class==2:
          rsi_scaled         × fisher_ss           real ρ=+0.19  syn ρ=+0.02  Δρ=+0.17
          cci_scaled         × fisher_ss           real ρ=+0.38  syn ρ=+0.21  Δρ=+0.17
          sar_ratio          × fisher_ss           real ρ=-0.34  syn ρ=-0.17  Δρ=-0.17
    Columns exceeding ±10 before clipping: [('bb_width', -1.0001307528502497, 10.502415466485646)]
    balance_single_task: class counts {0: 4565, 1: 46674, 2: 4067} (gan_type=TAB_DDPM)
    balance_single_task: per-class additions {0: 14104, 2: 14602}
      realsignal filter: kept 14104/20149 synth samples for class 0 (reject_pct=0.30)
      generated 14104 samples for class 0
      realsignal filter: kept 14602/20861 synth samples for class 2 (reject_pct=0.30)
      generated 14602 samples for class 2
    balance_single_task: rows 55306 -> 84012; counts {0: 4565, 1: 46674, 2: 4067} -> {0: 18669, 1: 46674, 2: 18669}
    === GAN fidelity diagnostic (real vs synthetic) ===
      real rows:      55306    synth rows:      28706    features: 24
      task        cls     N_real      N_syn    |Δμ|max    σ_syn/σ_real  flag
      ----------------------------------------------------------------------
      class         0       4565      14104      0.18σ   0.33/ 0.98  ok
      class         1      46674          0          -               -  no synth
      class         2       4067      14602      0.21σ   0.44/ 0.99  joint_drift

      worst features per bucket (top 2 by severity):
        class==0:
          adx_scaled            real μ= +0.069 σ= 0.414    syn μ= +0.144 σ= 0.437    Δμ=+0.18σ  σ_ratio=1.06
          vwap_neg              real μ= +0.445 σ= 0.722    syn μ= +0.329 σ= 0.763    Δμ=-0.16σ  σ_ratio=1.06
          guard_metric_pos      real μ= +0.576 σ= 0.273    syn μ= +0.616 σ= 0.258    Δμ=+0.15σ  σ_ratio=0.95
        class==2:
          adx_scaled            real μ= +0.086 σ= 0.427    syn μ= +0.174 σ= 0.448    Δμ=+0.21σ  σ_ratio=1.05
          bb_width              real μ= -0.607 σ= 0.194    syn μ= -0.574 σ= 0.190    Δμ=+0.17σ  σ_ratio=0.98
          macd_neg              real μ= +0.702 σ= 0.369    syn μ= +0.648 σ= 0.387    Δμ=-0.15σ  σ_ratio=1.05

    === Joint-distribution diagnostic (correlation matrix) ===
      task        cls  used_real   used_syn   |Δρ|max   |Δρ|mean  flag
      ----------------------------------------------------------------------
      class         0       4565      14104     0.279      0.053  ok
      class         2       4067      14602     0.305      0.058  joint_drift

      worst feature PAIRS per bucket (top 2 by |Δρ|):
        class==2:
          guard_metric_pos   × vwap_neg            real ρ=+0.33  syn ρ=+0.03  Δρ=+0.31
          macd_pos           × vwap_neg            real ρ=+0.42  syn ρ=+0.15  Δρ=+0.27
          bb_position        × vwap_neg            real ρ=+0.42  syn ρ=+0.18  Δρ=+0.23
        class==0:
          guard_metric_neg   × vwap_pos            real ρ=+0.34  syn ρ=+0.06  Δρ=+0.28
          guard_metric_neg   × fastk_scaled        real ρ=-0.27  syn ρ=-0.02  Δρ=-0.25
          guard_metric_neg   × macd_neg            real ρ=+0.40  syn ρ=+0.19  Δρ=+0.21
    Columns exceeding ±10 before clipping: [('bb_width', -1.0001307528502497, 13.56570241164032)]
    balance_single_task: class counts {0: 4049, 1: 47009, 2: 4248} (gan_type=TAB_DDPM)
    balance_single_task: per-class additions {0: 14754, 2: 14555}
      realsignal filter: kept 14754/21078 synth samples for class 0 (reject_pct=0.30)
      generated 14754 samples for class 0
      realsignal filter: kept 14555/20793 synth samples for class 2 (reject_pct=0.30)
      generated 14555 samples for class 2
    balance_single_task: rows 55306 -> 84615; counts {0: 4049, 1: 47009, 2: 4248} -> {0: 18803, 1: 47009, 2: 18803}
    === GAN fidelity diagnostic (real vs synthetic) ===
      real rows:      55306    synth rows:      29309    features: 24
      task        cls     N_real      N_syn    |Δμ|max    σ_syn/σ_real  flag
      ----------------------------------------------------------------------
      class         0       4049      14754      0.24σ   0.52/ 1.05  ok
      class         1      47009          0          -               -  no synth
      class         2       4248      14555      0.29σ   0.70/ 1.03  ok

      worst features per bucket (top 2 by severity):
        class==0:
          macd_pos              real μ= +0.721 σ= 0.362    syn μ= +0.635 σ= 0.384    Δμ=-0.24σ  σ_ratio=1.06
          vwap_neg              real μ= +0.467 σ= 0.714    syn μ= +0.325 σ= 0.767    Δμ=-0.20σ  σ_ratio=1.07
          aroonosc_scaled       real μ= +0.423 σ= 0.467    syn μ= +0.333 σ= 0.498    Δμ=-0.19σ  σ_ratio=1.07
        class==2:
          aroonosc_scaled       real μ= -0.486 σ= 0.445    syn μ= -0.357 σ= 0.482    Δμ=+0.29σ  σ_ratio=1.08
          macd_neg              real μ= +0.726 σ= 0.356    syn μ= +0.643 σ= 0.388    Δμ=-0.23σ  σ_ratio=1.09
          ema_fast_norm         real μ= -0.607 σ= 0.626    syn μ= -0.478 σ= 0.688    Δμ=+0.21σ  σ_ratio=1.10

    === Joint-distribution diagnostic (correlation matrix) ===
      task        cls  used_real   used_syn   |Δρ|max   |Δρ|mean  flag
      ----------------------------------------------------------------------
      class         0       4049      14754     0.187      0.044  ok
      class         2       4248      14555     0.226      0.056  ok

      worst feature PAIRS per bucket (top 2 by |Δρ|):
        class==2:
          macd_pos           × vwap_neg            real ρ=+0.39  syn ρ=+0.17  Δρ=+0.23
          guard_metric_pos   × macd_pos            real ρ=+0.33  syn ρ=+0.14  Δρ=+0.19
          macdhist_norm      × vwap_pos            real ρ=-0.15  syn ρ=+0.04  Δρ=-0.18
        class==0:
          guard_metric_neg   × macd_neg            real ρ=+0.37  syn ρ=+0.19  Δρ=+0.19
          adx_scaled         × sar_ratio           real ρ=+0.17  syn ρ=+0.04  Δρ=+0.13
          macd_neg           × sar_ratio           real ρ=-0.02  syn ρ=+0.11  Δρ=-0.13
    Columns exceeding ±10 before clipping: [('bb_width', -1.0001307528502497, 98.36947836360874)]
    balance_single_task: class counts {0: 4827, 1: 46520, 2: 3959} (gan_type=TAB_DDPM)
    balance_single_task: per-class additions {0: 13781, 2: 14649}
      realsignal filter: kept 13781/19688 synth samples for class 0 (reject_pct=0.30)
      generated 13781 samples for class 0
      realsignal filter: kept 14649/20928 synth samples for class 2 (reject_pct=0.30)
      generated 14649 samples for class 2
    balance_single_task: rows 55306 -> 83736; counts {0: 4827, 1: 46520, 2: 3959} -> {0: 18608, 1: 46520, 2: 18608}
    === GAN fidelity diagnostic (real vs synthetic) ===
      real rows:      55306    synth rows:      28430    features: 24
      task        cls     N_real      N_syn    |Δμ|max    σ_syn/σ_real  flag
      ----------------------------------------------------------------------
      class         0       4827      13781      0.33σ   0.18/ 0.90  MODE_COLLAPSE,joint_drift
      class         1      46520          0          -               -  no synth
      class         2       3959      14649      0.39σ   0.25/ 0.91  MODE_COLLAPSE,joint_drift

      worst features per bucket (top 2 by severity):
        class==0:
          adx_scaled            real μ= +0.293 σ= 0.467    syn μ= +0.137 σ= 0.433    Δμ=-0.33σ  σ_ratio=0.93
          rsi_scaled            real μ= +0.347 σ= 0.277    syn μ= +0.293 σ= 0.224    Δμ=-0.20σ  σ_ratio=0.81
          bb_width              real μ= -0.524 σ= 0.258    syn μ= -0.572 σ= 0.188    Δμ=-0.18σ  σ_ratio=0.73
        class==2:
          adx_scaled            real μ= +0.359 σ= 0.476    syn μ= +0.174 σ= 0.446    Δμ=-0.39σ  σ_ratio=0.94
          rsi_scaled            real μ= -0.401 σ= 0.295    syn μ= -0.312 σ= 0.219    Δμ=+0.30σ  σ_ratio=0.74
          bb_width              real μ= -0.520 σ= 0.280    syn μ= -0.574 σ= 0.188    Δμ=-0.19σ  σ_ratio=0.67

    === Joint-distribution diagnostic (correlation matrix) ===
      task        cls  used_real   used_syn   |Δρ|max   |Δρ|mean  flag
      ----------------------------------------------------------------------
      class         0       4827      13781     0.444      0.071  joint_drift
      class         2       3959      14649     0.305      0.055  joint_drift

      worst feature PAIRS per bucket (top 2 by |Δρ|):
        class==0:
          guard_metric_neg   × vwap_pos            real ρ=+0.51  syn ρ=+0.06  Δρ=+0.44
          guard_metric_neg   × fastk_scaled        real ρ=-0.40  syn ρ=-0.01  Δρ=-0.39
          rsi_scaled         × guard_metric_neg    real ρ=-0.45  syn ρ=-0.08  Δρ=-0.36
        class==2:
          guard_metric_pos   × vwap_neg            real ρ=+0.33  syn ρ=+0.03  Δρ=+0.30
          rsi_scaled         × guard_metric_pos    real ρ=+0.37  syn ρ=+0.10  Δρ=+0.27
          bb_width           × atr_norm            real ρ=+0.32  syn ρ=+0.11  Δρ=+0.21
    MLX model not found (/Users/philprice95/projects/freqtrade/user_data/strategies/saved_data/NNNC_DDPM_MLX_LSTM/NNNC_DDPM_MLX_LSTM.safetensors)...
    MLX model created.  Parameters: 12,483

    Training MLX model: NNNC_DDPM_MLX_LSTM
    train: (1068070, 16, 24)  test: (179890, 16, 24)
    batch_size: 2048  max_epochs: 100
    grad clip (global L2 norm): 1.0
    Epoch   1/100 — loss: 0.4958  val_loss: 0.3864  val_precision: 0.3969  val_f1_class_2: 0.5146  val_mcc: 0.5069  clips:31
    ✓ Best model saved  (val_mcc: 0.5069)
    Epoch   2/100 — loss: 0.3564  val_loss: 0.3543  val_precision: 0.4107  val_f1_class_2: 0.5336  val_mcc: 0.5249
    ✓ Best model saved  (val_mcc: 0.5249)
    Epoch   3/100 — loss: 0.3304  val_loss: 0.3401  val_precision: 0.4134  val_f1_class_2: 0.5408  val_mcc: 0.5370  clips:2
    ✓ Best model saved  (val_mcc: 0.5370)
    Epoch   4/100 — loss: 0.3173  val_loss: 0.3328  val_precision: 0.4176  val_f1_class_2: 0.5455  val_mcc: 0.5408
    ✓ Best model saved  (val_mcc: 0.5408)
    Epoch   5/100 — loss: 0.3079  val_loss: 0.3301  val_precision: 0.4261  val_f1_class_2: 0.5478  val_mcc: 0.5418
    ✓ Best model saved  (val_mcc: 0.5418)
    Epoch   6/100 — loss: 0.3023  val_loss: 0.3272  val_precision: 0.4198  val_f1_class_2: 0.5503  val_mcc: 0.5482
    ✓ Best model saved  (val_mcc: 0.5482)
    Epoch   7/100 — loss: 0.2980  val_loss: 0.3254  val_precision: 0.4187  val_f1_class_2: 0.5529  val_mcc: 0.5509
    ✓ Best model saved  (val_mcc: 0.5509)
    Epoch   8/100 — loss: 0.2939  val_loss: 0.3240  val_precision: 0.4290  val_f1_class_2: 0.5536  val_mcc: 0.5478
    Epoch   9/100 — loss: 0.2920  val_loss: 0.3217  val_precision: 0.4292  val_f1_class_2: 0.5567  val_mcc: 0.5537
    ✓ Best model saved  (val_mcc: 0.5537)
    Epoch  10/100 — loss: 0.2891  val_loss: 0.3208  val_precision: 0.4282  val_f1_class_2: 0.5578  val_mcc: 0.5553
    ✓ Best model saved  (val_mcc: 0.5553)
    Epoch  11/100 — loss: 0.2862  val_loss: 0.3202  val_precision: 0.4355  val_f1_class_2: 0.5601  val_mcc: 0.5551
    Epoch  12/100 — loss: 0.2843  val_loss: 0.3182  val_precision: 0.4411  val_f1_class_2: 0.5635  val_mcc: 0.5585
    ✓ Best model saved  (val_mcc: 0.5585)
    Epoch  13/100 — loss: 0.2829  val_loss: 0.3178  val_precision: 0.4526  val_f1_class_2: 0.5618  val_mcc: 0.5558
    Epoch  14/100 — loss: 0.2811  val_loss: 0.3167  val_precision: 0.4382  val_f1_class_2: 0.5630  val_mcc: 0.5595
    ✓ Best model saved  (val_mcc: 0.5595)
    Epoch  15/100 — loss: 0.2798  val_loss: 0.3156  val_precision: 0.4518  val_f1_class_2: 0.5665  val_mcc: 0.5598  clips:1
    ✓ Best model saved  (val_mcc: 0.5598)
    Epoch  16/100 — loss: 0.2787  val_loss: 0.3156  val_precision: 0.4356  val_f1_class_2: 0.5631  val_mcc: 0.5600
    ✓ Best model saved  (val_mcc: 0.5600)
    Epoch  17/100 — loss: 0.2772  val_loss: 0.3149  val_precision: 0.4449  val_f1_class_2: 0.5649  val_mcc: 0.5590
    Epoch  18/100 — loss: 0.2764  val_loss: 0.3140  val_precision: 0.4508  val_f1_class_2: 0.5669  val_mcc: 0.56202026-05-29 14:05:13,790 - freqtrade.optimize.backtesting - INFO - Backtesting with data from 2024-06-08 00:00:00 up to 2026-05-28 15:45:00 (719 days).

    ✓ Best model saved  (val_mcc: 0.5620)
    Epoch  19/100 — loss: 0.2751  val_loss: 0.3130  val_precision: 0.4562  val_f1_class_2: 0.5680  val_mcc: 0.5614
    Epoch  20/100 — loss: 0.2740  val_loss: 0.3128  val_precision: 0.4591  val_f1_class_2: 0.5683  val_mcc: 0.5627
    ✓ Best model saved  (val_mcc: 0.5627)
    Epoch  21/100 — loss: 0.2732  val_loss: 0.3124  val_precision: 0.4540  val_f1_class_2: 0.5679  val_mcc: 0.5624
    Epoch  22/100 — loss: 0.2720  val_loss: 0.3123  val_precision: 0.4474  val_f1_class_2: 0.5666  val_mcc: 0.5618
    Epoch  23/100 — loss: 0.2715  val_loss: 0.3115  val_precision: 0.4467  val_f1_class_2: 0.5675  val_mcc: 0.5635
    ✓ Best model saved  (val_mcc: 0.5635)
    Epoch  24/100 — loss: 0.2714  val_loss: 0.3109  val_precision: 0.4512  val_f1_class_2: 0.5692  val_mcc: 0.5649
    ✓ Best model saved  (val_mcc: 0.5649)
    Epoch  25/100 — loss: 0.2703  val_loss: 0.3107  val_precision: 0.4617  val_f1_class_2: 0.5704  val_mcc: 0.5632
    Epoch  26/100 — loss: 0.2700  val_loss: 0.3105  val_precision: 0.4510  val_f1_class_2: 0.5692  val_mcc: 0.5644
    Epoch  27/100 — loss: 0.2694  val_loss: 0.3097  val_precision: 0.4547  val_f1_class_2: 0.5698  val_mcc: 0.5646
    Epoch  28/100 — loss: 0.2689  val_loss: 0.3106  val_precision: 0.4512  val_f1_class_2: 0.5695  val_mcc: 0.5633
    Epoch  29/100 — loss: 0.2681  val_loss: 0.3097  val_precision: 0.4589  val_f1_class_2: 0.5708  val_mcc: 0.5656
    ✓ Best model saved  (val_mcc: 0.5656)
    Epoch  30/100 — loss: 0.2674  val_loss: 0.3095  val_precision: 0.4607  val_f1_class_2: 0.5704  val_mcc: 0.5637
    Epoch  31/100 — loss: 0.2674  val_loss: 0.3090  val_precision: 0.4669  val_f1_class_2: 0.5704  val_mcc: 0.5630
    Epoch  32/100 — loss: 0.2673  val_loss: 0.3087  val_precision: 0.4626  val_f1_class_2: 0.5716  val_mcc: 0.5658
    ✓ Best model saved  (val_mcc: 0.5658)
    Epoch  33/100 — loss: 0.2667  val_loss: 0.3085  val_precision: 0.4590  val_f1_class_2: 0.5714  val_mcc: 0.5658
    Epoch  34/100 — loss: 0.2662  val_loss: 0.3086  val_precision: 0.4635  val_f1_class_2: 0.5726  val_mcc: 0.5658
    Epoch  35/100 — loss: 0.2656  val_loss: 0.3086  val_precision: 0.4476  val_f1_class_2: 0.5702  val_mcc: 0.5677
    ✓ Best model saved  (val_mcc: 0.5677)
    Epoch  36/100 — loss: 0.2651  val_loss: 0.3085  val_precision: 0.4659  val_f1_class_2: 0.5727  val_mcc: 0.5665  clips:1
    Epoch  37/100 — loss: 0.2649  val_loss: 0.3081  val_precision: 0.4649  val_f1_class_2: 0.5735  val_mcc: 0.5676
    Epoch  38/100 — loss: 0.2643  val_loss: 0.3076  val_precision: 0.4638  val_f1_class_2: 0.5717  val_mcc: 0.5648
    Epoch  39/100 — loss: 0.2640  val_loss: 0.3074  val_precision: 0.4675  val_f1_class_2: 0.5725  val_mcc: 0.5648
    Epoch  40/100 — loss: 0.2642  val_loss: 0.3079  val_precision: 0.4525  val_f1_class_2: 0.5710  val_mcc: 0.5668
    Epoch  41/100 — loss: 0.2636  val_loss: 0.3074  val_precision: 0.4767  val_f1_class_2: 0.5730  val_mcc: 0.5645
    Epoch  42/100 — loss: 0.2634  val_loss: 0.3069  val_precision: 0.4657  val_f1_class_2: 0.5729  val_mcc: 0.5655
    Epoch  43/100 — loss: 0.2630  val_loss: 0.3068  val_precision: 0.4646  val_f1_class_2: 0.5732  val_mcc: 0.5666  clips:1
    ReduceLROnPlateau → lr=1.00e-05
    Epoch  44/100 — loss: 0.2627  val_loss: 0.3066  val_precision: 0.4672  val_f1_class_2: 0.5733  val_mcc: 0.5666
    Epoch  45/100 — loss: 0.2624  val_loss: 0.3065  val_precision: 0.4705  val_f1_class_2: 0.5731  val_mcc: 0.5660
    Epoch  46/100 — loss: 0.2622  val_loss: 0.3065  val_precision: 0.4746  val_f1_class_2: 0.5737  val_mcc: 0.5658
    Epoch  47/100 — loss: 0.2623  val_loss: 0.3065  val_precision: 0.4722  val_f1_class_2: 0.5737  val_mcc: 0.5660
    Epoch  48/100 — loss: 0.2623  val_loss: 0.3066  val_precision: 0.4697  val_f1_class_2: 0.5732  val_mcc: 0.5665
    Epoch  49/100 — loss: 0.2627  val_loss: 0.3065  val_precision: 0.4749  val_f1_class_2: 0.5737  val_mcc: 0.5660
    Epoch  50/100 — loss: 0.2621  val_loss: 0.3064  val_precision: 0.4690  val_f1_class_2: 0.5735  val_mcc: 0.5662  clips:1
    Epoch  51/100 — loss: 0.2625  val_loss: 0.3065  val_precision: 0.4729  val_f1_class_2: 0.5739  val_mcc: 0.5664
    ReduceLROnPlateau → lr=1.00e-06
    Epoch  52/100 — loss: 0.2621  val_loss: 0.3065  val_precision: 0.4681  val_f1_class_2: 0.5727  val_mcc: 0.5662
    Epoch  53/100 — loss: 0.2621  val_loss: 0.3065  val_precision: 0.4679  val_f1_class_2: 0.5727  val_mcc: 0.5663
    Epoch  54/100 — loss: 0.2622  val_loss: 0.3065  val_precision: 0.4665  val_f1_class_2: 0.5724  val_mcc: 0.5661
    Epoch  55/100 — loss: 0.2621  val_loss: 0.3065  val_precision: 0.4681  val_f1_class_2: 0.5728  val_mcc: 0.5662
    EarlyStopping at epoch 55 (no improvement for 20 epochs)
    Restoring best weights from /tmp/NNNC_DDPM_MLX_LSTM/checkpoint.safetensors
    Saving MLX model to: /Users/philprice95/projects/freqtrade/user_data/strategies/saved_data/NNNC_DDPM_MLX_LSTM/NNNC_DDPM_MLX_LSTM.safetensors
    Trading - Sell:
        min: 0.000 max: 0.990, mean: 0.175
        signals > 0.500: 11506 (16.7%)
        counts: [44470, 3366, 2083, 1941, 5696, 6200, 3821, 1384, 98, 3, 0]
        percentages: [0.64, 0.05, 0.03, 0.03, 0.08, 0.09, 0.06, 0.02, 0.0, 0.0, 0.0]
        cumulative: [0.64, 0.69, 0.72, 0.75, 0.83, 0.92, 0.98, 1.0, 1.0, 1.0, 1.0]
    Trading - Hold:
        min: 0.005 max: 0.973, mean: 0.660
        signals > 0.500: 46577 (67.4%)
        counts: [13, 304, 3080, 7417, 11671, 11126, 4656, 3990, 6071, 20734, 0]
        percentages: [0.0, 0.0, 0.04, 0.11, 0.17, 0.16, 0.07, 0.06, 0.09, 0.3, 0.0]
        cumulative: [0.0, 0.0, 0.05, 0.16, 0.33, 0.49, 0.55, 0.61, 0.7, 1.0, 1.0]
    Trading - Buy:
        min: 0.000 max: 0.995, mean: 0.165
        signals > 0.500: 10488 (15.2%)
        counts: [45577, 3454, 2307, 2164, 5072, 5138, 3483, 1658, 199, 10, 0]
        percentages: [0.66, 0.05, 0.03, 0.03, 0.07, 0.07, 0.05, 0.02, 0.0, 0.0, 0.0]
        cumulative: [0.66, 0.71, 0.74, 0.77, 0.85, 0.92, 0.97, 1.0, 1.0, 1.0, 1.0]

ZEC/USDT
    Comparing actual vs predicted signals

================================================================================
CLASSIFICATION PERFORMANCE ASSESSMENT (Tri-State)
================================================================================
--- Detailed Classification Report ---
              precision    recall  f1-score   support

         0.0      0.599     0.728     0.657      9463
         1.0      0.905     0.811     0.855     52507
         2.0      0.487     0.720     0.581      7092

    accuracy                          0.790     69062
   macro avg      0.663     0.753     0.698     69062
weighted avg      0.820     0.790     0.800     69062


--- Confusion Matrix ---
Rows = True, Columns = Predicted
             Sell     Hold      Buy
    Sell     6887     2527       49
    Hold     4589    42582     5336
     Buy       30     1959     5103

--- Qualitative Assessment of Key Metrics ---
Metric                    Score   Assessment                               Trading Context
-------------------------   -------   ----------------------------------------   ------------------------------
Precision (Sell)          0.599   Okay. Acceptable, but needs improvement. Avoid false sell signals (support: 9463.0)
Recall (Sell)             0.728   Good. Reliable performance.              Find all sell opportunities (support: 9463.0)
F1-Score (Sell)           0.657   Good. Reliable performance.              Balanced performance on Sell signal (support: 9463.0)
Precision (Hold)          0.905   Excellent. Very strong performance.      Correctly identify neutral periods (support: 52507.0)
Recall (Hold)             0.811   Excellent. Very strong performance.      Find all neutral periods (support: 52507.0)
F1-Score (Hold)           0.855   Excellent. Very strong performance.      Balanced performance on Hold signal (support: 52507.0)
Precision (Buy)           0.487   Okay. Acceptable, but needs improvement. Avoid false buy signals (support: 7092.0)
Recall (Buy)              0.720   Good. Reliable performance.              Find all buy opportunities (support: 7092.0)
F1-Score (Buy)            0.581   Okay. Acceptable, but needs improvement. Balanced performance on Buy signal (support: 7092.0)

--- Overall Performance Metrics ---

--- Qualitative Assessment of Key Metrics ---
Metric                    Score   Assessment                               Trading Context
-------------------------   -------   ----------------------------------------   ------------------------------
Macro Avg Precision       0.663   Good. Reliable performance.              Average precision across all classes
Macro Avg Recall          0.753   Good. Reliable performance.              Average recall across all classes
Macro Avg F1-Score        0.698   Good. Reliable performance.              Average F1-score across all classes
Weighted Avg Precision    0.820   Excellent. Very strong performance.      Support-weighted average precision
Weighted Avg Recall       0.790   Good. Reliable performance.              Support-weighted average recall
Weighted Avg F1-Score     0.800   Good. Reliable performance.              Support-weighted average F1-score
MCC                       0.535   Good. Reliable positive correlation.     Correlation between prediction and reality
Cohen's Kappa             0.527   Moderate. Meaningful agreement.          Agreement better than random chance

--- Summary and Recommendation ---
🌟 GOOD PERFORMANCE: The model shows strong balance (Macro F1-Score 0.698, Weighted F1-Score 0.800) and reliable correlation (MCC 0.535). All classes performing reasonably well.
================================================================================
    Trading - Sell:
        min: 0.000 max: 0.985, mean: 0.089
        signals > 0.500: 5592 (8.1%)
        counts: [57200, 2940, 1206, 911, 1213, 3012, 2121, 448, 8, 3, 0]
        percentages: [0.83, 0.04, 0.02, 0.01, 0.02, 0.04, 0.03, 0.01, 0.0, 0.0, 0.0]
        cumulative: [0.83, 0.87, 0.89, 0.9, 0.92, 0.96, 0.99, 1.0, 1.0, 1.0, 1.0]
    Trading - Hold:
        min: 0.009 max: 0.976, mean: 0.824
        signals > 0.500: 58205 (84.3%)
        counts: [8, 99, 1297, 4222, 5231, 2459, 2032, 2289, 5864, 45561, 0]
        percentages: [0.0, 0.0, 0.02, 0.06, 0.08, 0.04, 0.03, 0.03, 0.08, 0.66, 0.0]
        cumulative: [0.0, 0.0, 0.02, 0.08, 0.16, 0.19, 0.22, 0.26, 0.34, 1.0, 1.0]
    Trading - Buy:
        min: 0.000 max: 0.991, mean: 0.087
        signals > 0.500: 5144 (7.4%)
        counts: [57923, 2760, 1149, 948, 1138, 2172, 2044, 837, 86, 5, 0]
        percentages: [0.84, 0.04, 0.02, 0.01, 0.02, 0.03, 0.03, 0.01, 0.0, 0.0, 0.0]
        cumulative: [0.84, 0.88, 0.9, 0.91, 0.93, 0.96, 0.99, 1.0, 1.0, 1.0, 1.0]

XRP/USDT
    Comparing actual vs predicted signals

================================================================================
CLASSIFICATION PERFORMANCE ASSESSMENT (Tri-State)
================================================================================
--- Detailed Classification Report ---
              precision    recall  f1-score   support

         0.0      0.652     0.837     0.733      4355
         1.0      0.977     0.938     0.957     60725
         2.0      0.644     0.832     0.726      3982

    accuracy                          0.926     69062
   macro avg      0.758     0.869     0.806     69062
weighted avg      0.937     0.926     0.930     69062


--- Confusion Matrix ---
Rows = True, Columns = Predicted
             Sell     Hold      Buy
    Sell     3647      702        6
    Hold     1930    56971     1824
     Buy       15      653     3314

--- Qualitative Assessment of Key Metrics ---
Metric                    Score   Assessment                               Trading Context
-------------------------   -------   ----------------------------------------   ------------------------------
Precision (Sell)          0.652   Good. Reliable performance.              Avoid false sell signals (support: 4355.0)
Recall (Sell)             0.837   Excellent. Very strong performance.      Find all sell opportunities (support: 4355.0)
F1-Score (Sell)           0.733   Good. Reliable performance.              Balanced performance on Sell signal (support: 4355.0)
Precision (Hold)          0.977   Excellent. Very strong performance.      Correctly identify neutral periods (support: 60725.0)
Recall (Hold)             0.938   Excellent. Very strong performance.      Find all neutral periods (support: 60725.0)
F1-Score (Hold)           0.957   Excellent. Very strong performance.      Balanced performance on Hold signal (support: 60725.0)
Precision (Buy)           0.644   Good. Reliable performance.              Avoid false buy signals (support: 3982.0)
Recall (Buy)              0.832   Excellent. Very strong performance.      Find all buy opportunities (support: 3982.0)
F1-Score (Buy)            0.726   Good. Reliable performance.              Balanced performance on Buy signal (support: 3982.0)

--- Overall Performance Metrics ---

--- Qualitative Assessment of Key Metrics ---
Metric                    Score   Assessment                               Trading Context
-------------------------   -------   ----------------------------------------   ------------------------------
Macro Avg Precision       0.758   Good. Reliable performance.              Average precision across all classes
Macro Avg Recall          0.869   Excellent. Very strong performance.      Average recall across all classes
Macro Avg F1-Score        0.806   Excellent. Very strong performance.      Average F1-score across all classes
Weighted Avg Precision    0.937   Excellent. Very strong performance.      Support-weighted average precision
Weighted Avg Recall       0.926   Excellent. Very strong performance.      Support-weighted average recall
Weighted Avg F1-Score     0.930   Excellent. Very strong performance.      Support-weighted average F1-score
MCC                       0.707   Excellent. Strong positive correlation.  Correlation between prediction and reality
Cohen's Kappa             0.700   Substantial. Strong agreement.           Agreement better than random chance

--- Summary and Recommendation ---
🌟 GOOD PERFORMANCE: The model shows strong balance (Macro F1-Score 0.806, Weighted F1-Score 0.930) and reliable correlation (MCC 0.707). All classes performing reasonably well.
================================================================================
    Trading - Sell:
        min: 0.000 max: 0.972, mean: 0.093
        signals > 0.500: 5532 (8.0%)
        counts: [55591, 3469, 1718, 1233, 1519, 3672, 1741, 114, 4, 1, 0]
        percentages: [0.8, 0.05, 0.02, 0.02, 0.02, 0.05, 0.03, 0.0, 0.0, 0.0, 0.0]
        cumulative: [0.8, 0.86, 0.88, 0.9, 0.92, 0.97, 1.0, 1.0, 1.0, 1.0, 1.0]
    Trading - Hold:
        min: 0.011 max: 0.976, mean: 0.809
        signals > 0.500: 57589 (83.4%)
        counts: [3, 27, 734, 4173, 6536, 3040, 2612, 3328, 7424, 41185, 0]
        percentages: [0.0, 0.0, 0.01, 0.06, 0.09, 0.04, 0.04, 0.05, 0.11, 0.6, 0.0]
        cumulative: [0.0, 0.0, 0.01, 0.07, 0.17, 0.21, 0.25, 0.3, 0.4, 1.0, 1.0]
    Trading - Buy:
        min: 0.000 max: 0.989, mean: 0.098
        signals > 0.500: 5802 (8.4%)
        counts: [55510, 3450, 1616, 1205, 1479, 2789, 2386, 602, 23, 2, 0]
        percentages: [0.8, 0.05, 0.02, 0.02, 0.02, 0.04, 0.03, 0.01, 0.0, 0.0, 0.0]
        cumulative: [0.8, 0.85, 0.88, 0.89, 0.92, 0.96, 0.99, 1.0, 1.0, 1.0, 1.0]

SOL/USDT
    Comparing actual vs predicted signals

================================================================================
CLASSIFICATION PERFORMANCE ASSESSMENT (Tri-State)
================================================================================
--- Detailed Classification Report ---
              precision    recall  f1-score   support

         0.0      0.567     0.811     0.668      3870
         1.0      0.973     0.921     0.946     60988
         2.0      0.579     0.799     0.671      4204

    accuracy                          0.907     69062
   macro avg      0.706     0.844     0.762     69062
weighted avg      0.926     0.907     0.914     69062


--- Confusion Matrix ---
Rows = True, Columns = Predicted
             Sell     Hold      Buy
    Sell     3139      725        6
    Hold     2388    56163     2437
     Buy        5      840     3359

--- Qualitative Assessment of Key Metrics ---
Metric                    Score   Assessment                               Trading Context
-------------------------   -------   ----------------------------------------   ------------------------------
Precision (Sell)          0.567   Okay. Acceptable, but needs improvement. Avoid false sell signals (support: 3870.0)
Recall (Sell)             0.811   Excellent. Very strong performance.      Find all sell opportunities (support: 3870.0)
F1-Score (Sell)           0.668   Good. Reliable performance.              Balanced performance on Sell signal (support: 3870.0)
Precision (Hold)          0.973   Excellent. Very strong performance.      Correctly identify neutral periods (support: 60988.0)
Recall (Hold)             0.921   Excellent. Very strong performance.      Find all neutral periods (support: 60988.0)
F1-Score (Hold)           0.946   Excellent. Very strong performance.      Balanced performance on Hold signal (support: 60988.0)
Precision (Buy)           0.579   Okay. Acceptable, but needs improvement. Avoid false buy signals (support: 4204.0)
Recall (Buy)              0.799   Good. Reliable performance.              Find all buy opportunities (support: 4204.0)
F1-Score (Buy)            0.671   Good. Reliable performance.              Balanced performance on Buy signal (support: 4204.0)

--- Overall Performance Metrics ---

--- Qualitative Assessment of Key Metrics ---
Metric                    Score   Assessment                               Trading Context
-------------------------   -------   ----------------------------------------   ------------------------------
Macro Avg Precision       0.706   Good. Reliable performance.              Average precision across all classes
Macro Avg Recall          0.844   Excellent. Very strong performance.      Average recall across all classes
Macro Avg F1-Score        0.762   Good. Reliable performance.              Average F1-score across all classes
Weighted Avg Precision    0.926   Excellent. Very strong performance.      Support-weighted average precision
Weighted Avg Recall       0.907   Excellent. Very strong performance.      Support-weighted average recall
Weighted Avg F1-Score     0.914   Excellent. Very strong performance.      Support-weighted average F1-score
MCC                       0.644   Excellent. Strong positive correlation.  Correlation between prediction and reality
Cohen's Kappa             0.633   Substantial. Strong agreement.           Agreement better than random chance

--- Summary and Recommendation ---
🌟 GOOD PERFORMANCE: The model shows strong balance (Macro F1-Score 0.762, Weighted F1-Score 0.914) and reliable correlation (MCC 0.644). All classes performing reasonably well.
================================================================================
    Trading - Sell:
        min: 0.000 max: 0.815, mean: 0.106
        signals > 0.500: 6592 (9.5%)
        counts: [53585, 3751, 1802, 1340, 1992, 4153, 2154, 283, 2, 0, 0]
        percentages: [0.78, 0.05, 0.03, 0.02, 0.03, 0.06, 0.03, 0.0, 0.0, 0.0, 0.0]
        cumulative: [0.78, 0.83, 0.86, 0.88, 0.9, 0.96, 1.0, 1.0, 1.0, 1.0, 1.0]
    Trading - Hold:
        min: 0.121 max: 0.974, mean: 0.786
        signals > 0.500: 55800 (80.8%)
        counts: [0, 31, 1240, 4806, 7185, 3894, 2818, 3473, 7847, 37768, 0]
        percentages: [0.0, 0.0, 0.02, 0.07, 0.1, 0.06, 0.04, 0.05, 0.11, 0.55, 0.0]
        cumulative: [0.0, 0.0, 0.02, 0.09, 0.19, 0.25, 0.29, 0.34, 0.45, 1.0, 1.0]
    Trading - Buy:
        min: 0.000 max: 0.879, mean: 0.108
        signals > 0.500: 6505 (9.4%)
        counts: [54192, 3628, 1710, 1245, 1782, 2930, 2607, 939, 29, 0, 0]
        percentages: [0.78, 0.05, 0.02, 0.02, 0.03, 0.04, 0.04, 0.01, 0.0, 0.0, 0.0]
        cumulative: [0.78, 0.84, 0.86, 0.88, 0.91, 0.95, 0.99, 1.0, 1.0, 1.0, 1.0]

LINK/USDT
    Comparing actual vs predicted signals

================================================================================
CLASSIFICATION PERFORMANCE ASSESSMENT (Tri-State)
================================================================================
--- Detailed Classification Report ---
              precision    recall  f1-score   support

         0.0      0.603     0.783     0.681      5081
         1.0      0.962     0.911     0.936     59086
         2.0      0.595     0.791     0.679      4895

    accuracy                          0.893     69062
   macro avg      0.720     0.828     0.765     69062
weighted avg      0.910     0.893     0.899     69062


--- Confusion Matrix ---
Rows = True, Columns = Predicted
             Sell     Hold      Buy
    Sell     3976     1101        4
    Hold     2607    53849     2630
     Buy        9     1015     3871

--- Qualitative Assessment of Key Metrics ---
Metric                    Score   Assessment                               Trading Context
-------------------------   -------   ----------------------------------------   ------------------------------
Precision (Sell)          0.603   Good. Reliable performance.              Avoid false sell signals (support: 5081.0)
Recall (Sell)             0.783   Good. Reliable performance.              Find all sell opportunities (support: 5081.0)
F1-Score (Sell)           0.681   Good. Reliable performance.              Balanced performance on Sell signal (support: 5081.0)
Precision (Hold)          0.962   Excellent. Very strong performance.      Correctly identify neutral periods (support: 59086.0)
Recall (Hold)             0.911   Excellent. Very strong performance.      Find all neutral periods (support: 59086.0)
F1-Score (Hold)           0.936   Excellent. Very strong performance.      Balanced performance on Hold signal (support: 59086.0)
Precision (Buy)           0.595   Okay. Acceptable, but needs improvement. Avoid false buy signals (support: 4895.0)
Recall (Buy)              0.791   Good. Reliable performance.              Find all buy opportunities (support: 4895.0)
F1-Score (Buy)            0.679   Good. Reliable performance.              Balanced performance on Buy signal (support: 4895.0)

--- Overall Performance Metrics ---

--- Qualitative Assessment of Key Metrics ---
Metric                    Score   Assessment                               Trading Context
-------------------------   -------   ----------------------------------------   ------------------------------
Macro Avg Precision       0.720   Good. Reliable performance.              Average precision across all classes
Macro Avg Recall          0.828   Excellent. Very strong performance.      Average recall across all classes
Macro Avg F1-Score        0.765   Good. Reliable performance.              Average F1-score across all classes
Weighted Avg Precision    0.910   Excellent. Very strong performance.      Support-weighted average precision
Weighted Avg Recall       0.893   Excellent. Very strong performance.      Support-weighted average recall
Weighted Avg F1-Score     0.899   Excellent. Very strong performance.      Support-weighted average F1-score
MCC                       0.644   Excellent. Strong positive correlation.  Correlation between prediction and reality
Cohen's Kappa             0.636   Substantial. Strong agreement.           Agreement better than random chance

--- Summary and Recommendation ---
🌟 GOOD PERFORMANCE: The model shows strong balance (Macro F1-Score 0.765, Weighted F1-Score 0.899) and reliable correlation (MCC 0.644). All classes performing reasonably well.
================================================================================
    Trading - Sell:
        min: 0.000 max: 0.946, mean: 0.156
        signals > 0.500: 9377 (13.6%)
        counts: [45221, 4325, 2565, 2365, 5209, 6356, 2578, 430, 12, 1, 0]
        percentages: [0.65, 0.06, 0.04, 0.03, 0.08, 0.09, 0.04, 0.01, 0.0, 0.0, 0.0]
        cumulative: [0.65, 0.72, 0.75, 0.79, 0.86, 0.96, 0.99, 1.0, 1.0, 1.0, 1.0]
    Trading - Hold:
        min: 0.045 max: 0.975, mean: 0.690
        signals > 0.500: 49833 (72.2%)
        counts: [2, 106, 1424, 5798, 11899, 9870, 5235, 4969, 8111, 21648, 0]
        percentages: [0.0, 0.0, 0.02, 0.08, 0.17, 0.14, 0.08, 0.07, 0.12, 0.31, 0.0]
        cumulative: [0.0, 0.0, 0.02, 0.11, 0.28, 0.42, 0.5, 0.57, 0.69, 1.0, 1.0]
    Trading - Buy:
        min: 0.000 max: 0.955, mean: 0.153
        signals > 0.500: 9454 (13.7%)
        counts: [46267, 4071, 2572, 2374, 4324, 5275, 3111, 976, 91, 1, 0]
        percentages: [0.67, 0.06, 0.04, 0.03, 0.06, 0.08, 0.05, 0.01, 0.0, 0.0, 0.0]
        cumulative: [0.67, 0.73, 0.77, 0.8, 0.86, 0.94, 0.98, 1.0, 1.0, 1.0, 1.0]

NEAR/USDT
    Comparing actual vs predicted signals

================================================================================
CLASSIFICATION PERFORMANCE ASSESSMENT (Tri-State)
================================================================================
--- Detailed Classification Report ---
              precision    recall  f1-score   support

         0.0      0.544     0.668     0.600      7632
         1.0      0.904     0.837     0.869     54251
         2.0      0.515     0.678     0.585      7179

    accuracy                          0.802     69062
   macro avg      0.654     0.728     0.685     69062
weighted avg      0.824     0.802     0.810     69062


--- Confusion Matrix ---
Rows = True, Columns = Predicted
             Sell     Hold      Buy
    Sell     5101     2511       20
    Hold     4264    45419     4568
     Buy       12     2301     4866

--- Qualitative Assessment of Key Metrics ---
Metric                    Score   Assessment                               Trading Context
-------------------------   -------   ----------------------------------------   ------------------------------
Precision (Sell)          0.544   Okay. Acceptable, but needs improvement. Avoid false sell signals (support: 7632.0)
Recall (Sell)             0.668   Good. Reliable performance.              Find all sell opportunities (support: 7632.0)
F1-Score (Sell)           0.600   Okay. Acceptable, but needs improvement. Balanced performance on Sell signal (support: 7632.0)
Precision (Hold)          0.904   Excellent. Very strong performance.      Correctly identify neutral periods (support: 54251.0)
Recall (Hold)             0.837   Excellent. Very strong performance.      Find all neutral periods (support: 54251.0)
F1-Score (Hold)           0.869   Excellent. Very strong performance.      Balanced performance on Hold signal (support: 54251.0)
Precision (Buy)           0.515   Okay. Acceptable, but needs improvement. Avoid false buy signals (support: 7179.0)
Recall (Buy)              0.678   Good. Reliable performance.              Find all buy opportunities (support: 7179.0)
F1-Score (Buy)            0.585   Okay. Acceptable, but needs improvement. Balanced performance on Buy signal (support: 7179.0)

--- Overall Performance Metrics ---

--- Qualitative Assessment of Key Metrics ---
Metric                    Score   Assessment                               Trading Context
-------------------------   -------   ----------------------------------------   ------------------------------
Macro Avg Precision       0.654   Good. Reliable performance.              Average precision across all classes
Macro Avg Recall          0.728   Good. Reliable performance.              Average recall across all classes
Macro Avg F1-Score        0.685   Good. Reliable performance.              Average F1-score across all classes
Weighted Avg Precision    0.824   Excellent. Very strong performance.      Support-weighted average precision
Weighted Avg Recall       0.802   Excellent. Very strong performance.      Support-weighted average recall
Weighted Avg F1-Score     0.810   Excellent. Very strong performance.      Support-weighted average F1-score
MCC                       0.510   Good. Reliable positive correlation.     Correlation between prediction and reality
Cohen's Kappa             0.504   Moderate. Meaningful agreement.          Agreement better than random chance

--- Summary and Recommendation ---
🌟 GOOD PERFORMANCE: The model shows strong balance (Macro F1-Score 0.685, Weighted F1-Score 0.810) and reliable correlation (MCC 0.510). All classes performing reasonably well.
================================================================================
    Trading - Sell:
        min: 0.000 max: 0.830, mean: 0.142
        signals > 0.500: 7853 (11.4%)
        counts: [47102, 4505, 2462, 2341, 4799, 5236, 2250, 359, 8, 0, 0]
        percentages: [0.68, 0.07, 0.04, 0.03, 0.07, 0.08, 0.03, 0.01, 0.0, 0.0, 0.0]
        cumulative: [0.68, 0.75, 0.78, 0.82, 0.89, 0.96, 0.99, 1.0, 1.0, 1.0, 1.0]
    Trading - Hold:
        min: 0.005 max: 0.974, mean: 0.722
        signals > 0.500: 53178 (77.0%)
        counts: [4, 74, 1236, 4776, 9794, 9064, 5004, 4679, 8797, 25634, 0]
        percentages: [0.0, 0.0, 0.02, 0.07, 0.14, 0.13, 0.07, 0.07, 0.13, 0.37, 0.0]
        cumulative: [0.0, 0.0, 0.02, 0.09, 0.23, 0.36, 0.43, 0.5, 0.63, 1.0, 1.0]
    Trading - Buy:
        min: 0.000 max: 0.995, mean: 0.136
        signals > 0.500: 7707 (11.2%)
        counts: [48703, 4151, 2314, 2212, 3975, 4338, 2446, 856, 63, 4, 0]
        percentages: [0.71, 0.06, 0.03, 0.03, 0.06, 0.06, 0.04, 0.01, 0.0, 0.0, 0.0]
        cumulative: [0.71, 0.77, 0.8, 0.83, 0.89, 0.95, 0.99, 1.0, 1.0, 1.0, 1.0]

AAVE/USDT
    Comparing actual vs predicted signals

================================================================================
CLASSIFICATION PERFORMANCE ASSESSMENT (Tri-State)
================================================================================
--- Detailed Classification Report ---
              precision    recall  f1-score   support

         0.0      0.556     0.658     0.603      6640
         1.0      0.921     0.873     0.896     56477
         2.0      0.515     0.668     0.581      5945

    accuracy                          0.834     69062
   macro avg      0.664     0.733     0.694     69062
weighted avg      0.851     0.834     0.841     69062


--- Confusion Matrix ---
Rows = True, Columns = Predicted
             Sell     Hold      Buy
    Sell     4369     2258       13
    Hold     3473    49279     3725
     Buy       11     1965     3969

--- Qualitative Assessment of Key Metrics ---
Metric                    Score   Assessment                               Trading Context
-------------------------   -------   ----------------------------------------   ------------------------------
Precision (Sell)          0.556   Okay. Acceptable, but needs improvement. Avoid false sell signals (support: 6640.0)
Recall (Sell)             0.658   Good. Reliable performance.              Find all sell opportunities (support: 6640.0)
F1-Score (Sell)           0.603   Good. Reliable performance.              Balanced performance on Sell signal (support: 6640.0)
Precision (Hold)          0.921   Excellent. Very strong performance.      Correctly identify neutral periods (support: 56477.0)
Recall (Hold)             0.873   Excellent. Very strong performance.      Find all neutral periods (support: 56477.0)
F1-Score (Hold)           0.896   Excellent. Very strong performance.      Balanced performance on Hold signal (support: 56477.0)
Precision (Buy)           0.515   Okay. Acceptable, but needs improvement. Avoid false buy signals (support: 5945.0)
Recall (Buy)              0.668   Good. Reliable performance.              Find all buy opportunities (support: 5945.0)
F1-Score (Buy)            0.581   Okay. Acceptable, but needs improvement. Balanced performance on Buy signal (support: 5945.0)

--- Overall Performance Metrics ---

--- Qualitative Assessment of Key Metrics ---
Metric                    Score   Assessment                               Trading Context
-------------------------   -------   ----------------------------------------   ------------------------------
Macro Avg Precision       0.664   Good. Reliable performance.              Average precision across all classes
Macro Avg Recall          0.733   Good. Reliable performance.              Average recall across all classes
Macro Avg F1-Score        0.694   Good. Reliable performance.              Average F1-score across all classes
Weighted Avg Precision    0.851   Excellent. Very strong performance.      Support-weighted average precision
Weighted Avg Recall       0.834   Excellent. Very strong performance.      Support-weighted average recall
Weighted Avg F1-Score     0.841   Excellent. Very strong performance.      Support-weighted average F1-score
MCC                       0.525   Good. Reliable positive correlation.     Correlation between prediction and reality
Cohen's Kappa             0.521   Moderate. Meaningful agreement.          Agreement better than random chance

--- Summary and Recommendation ---
🌟 GOOD PERFORMANCE: The model shows strong balance (Macro F1-Score 0.694, Weighted F1-Score 0.841) and reliable correlation (MCC 0.525). All classes performing reasonably well.
================================================================================
    Trading - Sell:
        min: 0.000 max: 0.988, mean: 0.144
        signals > 0.500: 7126 (10.3%)
        counts: [48177, 3243, 2025, 1940, 6641, 4121, 1859, 937, 206, 3, 0]
        percentages: [0.7, 0.05, 0.03, 0.03, 0.1, 0.06, 0.03, 0.01, 0.0, 0.0, 0.0]
        cumulative: [0.7, 0.74, 0.77, 0.8, 0.9, 0.96, 0.98, 1.0, 1.0, 1.0, 1.0]
    Trading - Hold:
        min: 0.004 max: 0.974, mean: 0.715
        signals > 0.500: 54038 (78.1%)
        counts: [38, 351, 1886, 4041, 8798, 12770, 4385, 3702, 5766, 27415, 0]
        percentages: [0.0, 0.01, 0.03, 0.06, 0.13, 0.18, 0.06, 0.05, 0.08, 0.4, 0.0]
        cumulative: [0.0, 0.01, 0.03, 0.09, 0.22, 0.4, 0.47, 0.52, 0.6, 1.0, 1.0]
    Trading - Buy:
        min: 0.000 max: 0.996, mean: 0.141
        signals > 0.500: 7548 (10.9%)
        counts: [48786, 3034, 1886, 2103, 5795, 4348, 2104, 920, 143, 33, 0]
        percentages: [0.71, 0.04, 0.03, 0.03, 0.08, 0.06, 0.03, 0.01, 0.0, 0.0, 0.0]
        cumulative: [0.71, 0.75, 0.78, 0.81, 0.89, 0.95, 0.98, 1.0, 1.0, 1.0, 1.0]

DASH/USDT
    Comparing actual vs predicted signals

================================================================================
CLASSIFICATION PERFORMANCE ASSESSMENT (Tri-State)
================================================================================
--- Detailed Classification Report ---
              precision    recall  f1-score   support

         0.0      0.514     0.593     0.551      6180
         1.0      0.919     0.863     0.890     57983
         2.0      0.398     0.602     0.479      4989

    accuracy                          0.820     69152
   macro avg      0.610     0.686     0.640     69152
weighted avg      0.845     0.820     0.830     69152


--- Confusion Matrix ---
Rows = True, Columns = Predicted
             Sell     Hold      Buy
    Sell     3665     2472       43
    Hold     3427    50054     4502
     Buy       34     1952     3003

--- Qualitative Assessment of Key Metrics ---
Metric                    Score   Assessment                               Trading Context
-------------------------   -------   ----------------------------------------   ------------------------------
Precision (Sell)          0.514   Okay. Acceptable, but needs improvement. Avoid false sell signals (support: 6180.0)
Recall (Sell)             0.593   Okay. Acceptable, but needs improvement. Find all sell opportunities (support: 6180.0)
F1-Score (Sell)           0.551   Okay. Acceptable, but needs improvement. Balanced performance on Sell signal (support: 6180.0)
Precision (Hold)          0.919   Excellent. Very strong performance.      Correctly identify neutral periods (support: 57983.0)
Recall (Hold)             0.863   Excellent. Very strong performance.      Find all neutral periods (support: 57983.0)
F1-Score (Hold)           0.890   Excellent. Very strong performance.      Balanced performance on Hold signal (support: 57983.0)
Precision (Buy)           0.398   Poor. Significant room for improvement.  Avoid false buy signals (support: 4989.0)
Recall (Buy)              0.602   Good. Reliable performance.              Find all buy opportunities (support: 4989.0)
F1-Score (Buy)            0.479   Okay. Acceptable, but needs improvement. Balanced performance on Buy signal (support: 4989.0)

--- Overall Performance Metrics ---

--- Qualitative Assessment of Key Metrics ---
Metric                    Score   Assessment                               Trading Context
-------------------------   -------   ----------------------------------------   ------------------------------
Macro Avg Precision       0.610   Good. Reliable performance.              Average precision across all classes
Macro Avg Recall          0.686   Good. Reliable performance.              Average recall across all classes
Macro Avg F1-Score        0.640   Good. Reliable performance.              Average F1-score across all classes
Weighted Avg Precision    0.845   Excellent. Very strong performance.      Support-weighted average precision
Weighted Avg Recall       0.820   Excellent. Very strong performance.      Support-weighted average recall
Weighted Avg F1-Score     0.830   Excellent. Very strong performance.      Support-weighted average F1-score
MCC                       0.448   Good. Reliable positive correlation.     Correlation between prediction and reality
Cohen's Kappa             0.442   Moderate. Meaningful agreement.          Agreement better than random chance

--- Summary and Recommendation ---
🚨 WARNING: Buy class precision is only 0.398. The model predicts 'Buy' but is **wrong 60% of the time**. This is dangerous for trading. **Priority: Improve Buy Precision.**
================================================================================
    Trading - Sell:
        min: 0.000 max: 0.907, mean: 0.147
        signals > 0.500: 10326 (14.9%)
        counts: [47583, 4315, 2142, 1863, 2923, 5955, 3824, 535, 11, 1, 0]
        percentages: [0.69, 0.06, 0.03, 0.03, 0.04, 0.09, 0.06, 0.01, 0.0, 0.0, 0.0]
        cumulative: [0.69, 0.75, 0.78, 0.81, 0.85, 0.94, 0.99, 1.0, 1.0, 1.0, 1.0]
    Trading - Hold:
        min: 0.004 max: 0.973, mean: 0.700
        signals > 0.500: 48118 (69.6%)
        counts: [15, 136, 2148, 8049, 10686, 5879, 4206, 4528, 8626, 24879, 0]
        percentages: [0.0, 0.0, 0.03, 0.12, 0.15, 0.09, 0.06, 0.07, 0.12, 0.36, 0.0]
        cumulative: [0.0, 0.0, 0.03, 0.15, 0.3, 0.39, 0.45, 0.52, 0.64, 1.0, 1.0]
    Trading - Buy:
        min: 0.000 max: 0.996, mean: 0.153
        signals > 0.500: 10388 (15.0%)
        counts: [47417, 4278, 2384, 2020, 2665, 4557, 4121, 1575, 121, 14, 0]
        percentages: [0.69, 0.06, 0.03, 0.03, 0.04, 0.07, 0.06, 0.02, 0.0, 0.0, 0.0]
        cumulative: [0.69, 0.75, 0.78, 0.81, 0.85, 0.92, 0.98, 1.0, 1.0, 1.0, 1.0]

SUI/USDT
    Comparing actual vs predicted signals

================================================================================
CLASSIFICATION PERFORMANCE ASSESSMENT (Tri-State)
================================================================================
--- Detailed Classification Report ---
              precision    recall  f1-score   support

         0.0      0.626     0.782     0.696      8272
         1.0      0.928     0.848     0.886     53008
         2.0      0.590     0.779     0.672      7872

    accuracy                          0.832     69152
   macro avg      0.715     0.803     0.751     69152
weighted avg      0.853     0.832     0.839     69152


--- Confusion Matrix ---
Rows = True, Columns = Predicted
             Sell     Hold      Buy
    Sell     6469     1779       24
    Hold     3841    44934     4233
     Buy       16     1725     6131

--- Qualitative Assessment of Key Metrics ---
Metric                    Score   Assessment                               Trading Context
-------------------------   -------   ----------------------------------------   ------------------------------
Precision (Sell)          0.626   Good. Reliable performance.              Avoid false sell signals (support: 8272.0)
Recall (Sell)             0.782   Good. Reliable performance.              Find all sell opportunities (support: 8272.0)
F1-Score (Sell)           0.696   Good. Reliable performance.              Balanced performance on Sell signal (support: 8272.0)
Precision (Hold)          0.928   Excellent. Very strong performance.      Correctly identify neutral periods (support: 53008.0)
Recall (Hold)             0.848   Excellent. Very strong performance.      Find all neutral periods (support: 53008.0)
F1-Score (Hold)           0.886   Excellent. Very strong performance.      Balanced performance on Hold signal (support: 53008.0)
Precision (Buy)           0.590   Okay. Acceptable, but needs improvement. Avoid false buy signals (support: 7872.0)
Recall (Buy)              0.779   Good. Reliable performance.              Find all buy opportunities (support: 7872.0)
F1-Score (Buy)            0.672   Good. Reliable performance.              Balanced performance on Buy signal (support: 7872.0)

--- Overall Performance Metrics ---

--- Qualitative Assessment of Key Metrics ---
Metric                    Score   Assessment                               Trading Context
-------------------------   -------   ----------------------------------------   ------------------------------
Macro Avg Precision       0.715   Good. Reliable performance.              Average precision across all classes
Macro Avg Recall          0.803   Excellent. Very strong performance.      Average recall across all classes
Macro Avg F1-Score        0.751   Good. Reliable performance.              Average F1-score across all classes
Weighted Avg Precision    0.853   Excellent. Very strong performance.      Support-weighted average precision
Weighted Avg Recall       0.832   Excellent. Very strong performance.      Support-weighted average recall
Weighted Avg F1-Score     0.839   Excellent. Very strong performance.      Support-weighted average F1-score
MCC                       0.615   Excellent. Strong positive correlation.  Correlation between prediction and reality
Cohen's Kappa             0.608   Moderate. Meaningful agreement.          Agreement better than random chance

--- Summary and Recommendation ---
🌟 GOOD PERFORMANCE: The model shows strong balance (Macro F1-Score 0.751, Weighted F1-Score 0.839) and reliable correlation (MCC 0.615). All classes performing reasonably well.
================================================================================
    Trading - Sell:
        min: 0.000 max: 0.852, mean: 0.112
        signals > 0.500: 6860 (9.9%)
        counts: [52413, 4078, 1990, 1617, 2194, 4584, 2088, 187, 1, 0, 0]
        percentages: [0.76, 0.06, 0.03, 0.02, 0.03, 0.07, 0.03, 0.0, 0.0, 0.0, 0.0]
        cumulative: [0.76, 0.82, 0.85, 0.87, 0.9, 0.97, 1.0, 1.0, 1.0, 1.0, 1.0]
    Trading - Hold:
        min: 0.005 max: 0.974, mean: 0.775
        signals > 0.500: 55366 (80.1%)
        counts: [4, 49, 1025, 4727, 7981, 4483, 3435, 3894, 8612, 34942, 0]
        percentages: [0.0, 0.0, 0.01, 0.07, 0.12, 0.06, 0.05, 0.06, 0.12, 0.51, 0.0]
        cumulative: [0.0, 0.0, 0.02, 0.08, 0.2, 0.26, 0.31, 0.37, 0.49, 1.0, 1.0]
    Trading - Buy:
        min: 0.000 max: 0.995, mean: 0.114
        signals > 0.500: 6713 (9.7%)
        counts: [52777, 3990, 1916, 1601, 2155, 3251, 2585, 827, 46, 4, 0]
        percentages: [0.76, 0.06, 0.03, 0.02, 0.03, 0.05, 0.04, 0.01, 0.0, 0.0, 0.0]
        cumulative: [0.76, 0.82, 0.85, 0.87, 0.9, 0.95, 0.99, 1.0, 1.0, 1.0, 1.0]

AVAX/USDT
    Comparing actual vs predicted signals

================================================================================
CLASSIFICATION PERFORMANCE ASSESSMENT (Tri-State)
================================================================================
--- Detailed Classification Report ---
              precision    recall  f1-score   support

         0.0      0.575     0.768     0.658      5133
         1.0      0.957     0.905     0.930     58766
         2.0      0.603     0.771     0.677      5253

    accuracy                          0.885     69152
   macro avg      0.712     0.815     0.755     69152
weighted avg      0.902     0.885     0.891     69152


--- Confusion Matrix ---
Rows = True, Columns = Predicted
             Sell     Hold      Buy
    Sell     3943     1183        7
    Hold     2912    53199     2655
     Buy        5     1197     4051

--- Qualitative Assessment of Key Metrics ---
Metric                    Score   Assessment                               Trading Context
-------------------------   -------   ----------------------------------------   ------------------------------
Precision (Sell)          0.575   Okay. Acceptable, but needs improvement. Avoid false sell signals (support: 5133.0)
Recall (Sell)             0.768   Good. Reliable performance.              Find all sell opportunities (support: 5133.0)
F1-Score (Sell)           0.658   Good. Reliable performance.              Balanced performance on Sell signal (support: 5133.0)
Precision (Hold)          0.957   Excellent. Very strong performance.      Correctly identify neutral periods (support: 58766.0)
Recall (Hold)             0.905   Excellent. Very strong performance.      Find all neutral periods (support: 58766.0)
F1-Score (Hold)           0.930   Excellent. Very strong performance.      Balanced performance on Hold signal (support: 58766.0)
Precision (Buy)           0.603   Good. Reliable performance.              Avoid false buy signals (support: 5253.0)
Recall (Buy)              0.771   Good. Reliable performance.              Find all buy opportunities (support: 5253.0)
F1-Score (Buy)            0.677   Good. Reliable performance.              Balanced performance on Buy signal (support: 5253.0)

--- Overall Performance Metrics ---

--- Qualitative Assessment of Key Metrics ---
Metric                    Score   Assessment                               Trading Context
-------------------------   -------   ----------------------------------------   ------------------------------
Macro Avg Precision       0.712   Good. Reliable performance.              Average precision across all classes
Macro Avg Recall          0.815   Excellent. Very strong performance.      Average recall across all classes
Macro Avg F1-Score        0.755   Good. Reliable performance.              Average F1-score across all classes
Weighted Avg Precision    0.902   Excellent. Very strong performance.      Support-weighted average precision
Weighted Avg Recall       0.885   Excellent. Very strong performance.      Support-weighted average recall
Weighted Avg F1-Score     0.891   Excellent. Very strong performance.      Support-weighted average F1-score
MCC                       0.627   Excellent. Strong positive correlation.  Correlation between prediction and reality
Cohen's Kappa             0.619   Substantial. Strong agreement.           Agreement better than random chance

--- Summary and Recommendation ---
🌟 GOOD PERFORMANCE: The model shows strong balance (Macro F1-Score 0.755, Weighted F1-Score 0.891) and reliable correlation (MCC 0.627). All classes performing reasonably well.
================================================================================
    Trading - Sell:
        min: 0.000 max: 0.964, mean: 0.091
        signals > 0.500: 5149 (7.4%)
        counts: [55879, 3774, 1637, 1253, 1460, 3067, 1848, 225, 6, 3, 0]
        percentages: [0.81, 0.05, 0.02, 0.02, 0.02, 0.04, 0.03, 0.0, 0.0, 0.0, 0.0]
        cumulative: [0.81, 0.86, 0.89, 0.9, 0.93, 0.97, 1.0, 1.0, 1.0, 1.0, 1.0]
    Trading - Hold:
        min: 0.008 max: 0.975, mean: 0.813
        signals > 0.500: 58542 (84.7%)
        counts: [18, 63, 997, 3966, 5566, 3174, 2708, 3240, 7677, 41743, 0]
        percentages: [0.0, 0.0, 0.01, 0.06, 0.08, 0.05, 0.04, 0.05, 0.11, 0.6, 0.0]
        cumulative: [0.0, 0.0, 0.02, 0.07, 0.15, 0.2, 0.24, 0.29, 0.4, 1.0, 1.0]
    Trading - Buy:
        min: 0.000 max: 0.992, mean: 0.095
        signals > 0.500: 5295 (7.7%)
        counts: [56019, 3416, 1600, 1260, 1562, 2401, 2069, 758, 53, 14, 0]
        percentages: [0.81, 0.05, 0.02, 0.02, 0.02, 0.03, 0.03, 0.01, 0.0, 0.0, 0.0]
        cumulative: [0.81, 0.86, 0.88, 0.9, 0.92, 0.96, 0.99, 1.0, 1.0, 1.0, 1.0]

LTC/USDT
    Comparing actual vs predicted signals

================================================================================
CLASSIFICATION PERFORMANCE ASSESSMENT (Tri-State)
================================================================================
--- Detailed Classification Report ---
              precision    recall  f1-score   support

         0.0      0.635     0.774     0.698      4221
         1.0      0.968     0.937     0.952     60630
         2.0      0.631     0.777     0.696      4301

    accuracy                          0.917     69152
   macro avg      0.744     0.829     0.782     69152
weighted avg      0.926     0.917     0.921     69152


--- Confusion Matrix ---
Rows = True, Columns = Predicted
             Sell     Hold      Buy
    Sell     3268      945        8
    Hold     1873    56810     1947
     Buy        8      953     3340

--- Qualitative Assessment of Key Metrics ---
Metric                    Score   Assessment                               Trading Context
-------------------------   -------   ----------------------------------------   ------------------------------
Precision (Sell)          0.635   Good. Reliable performance.              Avoid false sell signals (support: 4221.0)
Recall (Sell)             0.774   Good. Reliable performance.              Find all sell opportunities (support: 4221.0)
F1-Score (Sell)           0.698   Good. Reliable performance.              Balanced performance on Sell signal (support: 4221.0)
Precision (Hold)          0.968   Excellent. Very strong performance.      Correctly identify neutral periods (support: 60630.0)
Recall (Hold)             0.937   Excellent. Very strong performance.      Find all neutral periods (support: 60630.0)
F1-Score (Hold)           0.952   Excellent. Very strong performance.      Balanced performance on Hold signal (support: 60630.0)
Precision (Buy)           0.631   Good. Reliable performance.              Avoid false buy signals (support: 4301.0)
Recall (Buy)              0.777   Good. Reliable performance.              Find all buy opportunities (support: 4301.0)
F1-Score (Buy)            0.696   Good. Reliable performance.              Balanced performance on Buy signal (support: 4301.0)

--- Overall Performance Metrics ---

--- Qualitative Assessment of Key Metrics ---
Metric                    Score   Assessment                               Trading Context
-------------------------   -------   ----------------------------------------   ------------------------------
Macro Avg Precision       0.744   Good. Reliable performance.              Average precision across all classes
Macro Avg Recall          0.829   Excellent. Very strong performance.      Average recall across all classes
Macro Avg F1-Score        0.782   Good. Reliable performance.              Average F1-score across all classes
Weighted Avg Precision    0.926   Excellent. Very strong performance.      Support-weighted average precision
Weighted Avg Recall       0.917   Excellent. Very strong performance.      Support-weighted average recall
Weighted Avg F1-Score     0.921   Excellent. Very strong performance.      Support-weighted average F1-score
MCC                       0.668   Excellent. Strong positive correlation.  Correlation between prediction and reality
Cohen's Kappa             0.663   Substantial. Strong agreement.           Agreement better than random chance

--- Summary and Recommendation ---
🌟 GOOD PERFORMANCE: The model shows strong balance (Macro F1-Score 0.782, Weighted F1-Score 0.921) and reliable correlation (MCC 0.668). All classes performing reasonably well.
================================================================================
    Trading - Sell:
        min: 0.000 max: 0.950, mean: 0.114
        signals > 0.500: 6126 (8.9%)
        counts: [51569, 4336, 2161, 1821, 3139, 4370, 1522, 222, 8, 4, 0]
        percentages: [0.75, 0.06, 0.03, 0.03, 0.05, 0.06, 0.02, 0.0, 0.0, 0.0, 0.0]
        cumulative: [0.75, 0.81, 0.84, 0.87, 0.91, 0.97, 1.0, 1.0, 1.0, 1.0, 1.0]
    Trading - Hold:
        min: 0.002 max: 0.975, mean: 0.775
        signals > 0.500: 56722 (82.0%)
        counts: [17, 78, 757, 3487, 8091, 5950, 3993, 4218, 8503, 34058, 0]
        percentages: [0.0, 0.0, 0.01, 0.05, 0.12, 0.09, 0.06, 0.06, 0.12, 0.49, 0.0]
        cumulative: [0.0, 0.0, 0.01, 0.06, 0.18, 0.27, 0.32, 0.38, 0.51, 1.0, 1.0]
    Trading - Buy:
        min: 0.000 max: 0.997, mean: 0.111
        signals > 0.500: 6050 (8.7%)
        counts: [52790, 3990, 2053, 1759, 2510, 3549, 1896, 524, 68, 13, 0]
        percentages: [0.76, 0.06, 0.03, 0.03, 0.04, 0.05, 0.03, 0.01, 0.0, 0.0, 0.0]
        cumulative: [0.76, 0.82, 0.85, 0.88, 0.91, 0.96, 0.99, 1.0, 1.0, 1.0, 1.0]

BCH/USDT
    Comparing actual vs predicted signals

================================================================================
CLASSIFICATION PERFORMANCE ASSESSMENT (Tri-State)
================================================================================
--- Detailed Classification Report ---
              precision    recall  f1-score   support

         0.0      0.561     0.658     0.605      5225
         1.0      0.940     0.905     0.922     59185
         2.0      0.511     0.652     0.573      4742

    accuracy                          0.869     69152
   macro avg      0.671     0.738     0.700     69152
weighted avg      0.882     0.869     0.874     69152


--- Confusion Matrix ---
Rows = True, Columns = Predicted
             Sell     Hold      Buy
    Sell     3436     1774       15
    Hold     2681    53559     2945
     Buy        9     1643     3090

--- Qualitative Assessment of Key Metrics ---
Metric                    Score   Assessment                               Trading Context
-------------------------   -------   ----------------------------------------   ------------------------------
Precision (Sell)          0.561   Okay. Acceptable, but needs improvement. Avoid false sell signals (support: 5225.0)
Recall (Sell)             0.658   Good. Reliable performance.              Find all sell opportunities (support: 5225.0)
F1-Score (Sell)           0.605   Good. Reliable performance.              Balanced performance on Sell signal (support: 5225.0)
Precision (Hold)          0.940   Excellent. Very strong performance.      Correctly identify neutral periods (support: 59185.0)
Recall (Hold)             0.905   Excellent. Very strong performance.      Find all neutral periods (support: 59185.0)
F1-Score (Hold)           0.922   Excellent. Very strong performance.      Balanced performance on Hold signal (support: 59185.0)
Precision (Buy)           0.511   Okay. Acceptable, but needs improvement. Avoid false buy signals (support: 4742.0)
Recall (Buy)              0.652   Good. Reliable performance.              Find all buy opportunities (support: 4742.0)
F1-Score (Buy)            0.573   Okay. Acceptable, but needs improvement. Balanced performance on Buy signal (support: 4742.0)

--- Overall Performance Metrics ---

--- Qualitative Assessment of Key Metrics ---
Metric                    Score   Assessment                               Trading Context
-------------------------   -------   ----------------------------------------   ------------------------------
Macro Avg Precision       0.671   Good. Reliable performance.              Average precision across all classes
Macro Avg Recall          0.738   Good. Reliable performance.              Average recall across all classes
Macro Avg F1-Score        0.700   Good. Reliable performance.              Average F1-score across all classes
Weighted Avg Precision    0.882   Excellent. Very strong performance.      Support-weighted average precision
Weighted Avg Recall       0.869   Excellent. Very strong performance.      Support-weighted average recall
Weighted Avg F1-Score     0.874   Excellent. Very strong performance.      Support-weighted average F1-score
MCC                       0.539   Good. Reliable positive correlation.     Correlation between prediction and reality
Cohen's Kappa             0.535   Moderate. Meaningful agreement.          Agreement better than random chance

--- Summary and Recommendation ---
🌟 GOOD PERFORMANCE: The model shows strong balance (Macro F1-Score 0.700, Weighted F1-Score 0.874) and reliable correlation (MCC 0.539). All classes performing reasonably well.
================================================================================
    Trading - Sell:
        min: 0.000 max: 0.911, mean: 0.114
        signals > 0.500: 6436 (9.3%)
        counts: [51640, 4377, 2216, 1719, 2764, 4290, 1908, 235, 2, 1, 0]
        percentages: [0.75, 0.06, 0.03, 0.02, 0.04, 0.06, 0.03, 0.0, 0.0, 0.0, 0.0]
        cumulative: [0.75, 0.81, 0.84, 0.87, 0.91, 0.97, 1.0, 1.0, 1.0, 1.0, 1.0]
    Trading - Hold:
        min: 0.023 max: 0.974, mean: 0.769
        signals > 0.500: 55918 (80.9%)
        counts: [4, 72, 988, 4216, 7954, 5540, 3835, 4381, 9040, 33122, 0]
        percentages: [0.0, 0.0, 0.01, 0.06, 0.12, 0.08, 0.06, 0.06, 0.13, 0.48, 0.0]
        cumulative: [0.0, 0.0, 0.02, 0.08, 0.19, 0.27, 0.33, 0.39, 0.52, 1.0, 1.0]
    Trading - Buy:
        min: 0.000 max: 0.977, mean: 0.117
        signals > 0.500: 6566 (9.5%)
        counts: [51851, 4172, 2189, 1820, 2554, 3501, 2257, 738, 67, 3, 0]
        percentages: [0.75, 0.06, 0.03, 0.03, 0.04, 0.05, 0.03, 0.01, 0.0, 0.0, 0.0]
        cumulative: [0.75, 0.81, 0.84, 0.87, 0.91, 0.96, 0.99, 1.0, 1.0, 1.0, 1.0]

DOT/USDT
    Comparing actual vs predicted signals

================================================================================
CLASSIFICATION PERFORMANCE ASSESSMENT (Tri-State)
================================================================================
--- Detailed Classification Report ---
              precision    recall  f1-score   support

         0.0      0.564     0.717     0.631      5066
         1.0      0.946     0.903     0.924     58812
         2.0      0.558     0.694     0.619      5274

    accuracy                          0.874     69152
   macro avg      0.689     0.771     0.725     69152
weighted avg      0.888     0.874     0.879     69152


--- Confusion Matrix ---
Rows = True, Columns = Predicted
             Sell     Hold      Buy
    Sell     3630     1425       11
    Hold     2802    53117     2893
     Buy        4     1608     3662

--- Qualitative Assessment of Key Metrics ---
Metric                    Score   Assessment                               Trading Context
-------------------------   -------   ----------------------------------------   ------------------------------
Precision (Sell)          0.564   Okay. Acceptable, but needs improvement. Avoid false sell signals (support: 5066.0)
Recall (Sell)             0.717   Good. Reliable performance.              Find all sell opportunities (support: 5066.0)
F1-Score (Sell)           0.631   Good. Reliable performance.              Balanced performance on Sell signal (support: 5066.0)
Precision (Hold)          0.946   Excellent. Very strong performance.      Correctly identify neutral periods (support: 58812.0)
Recall (Hold)             0.903   Excellent. Very strong performance.      Find all neutral periods (support: 58812.0)
F1-Score (Hold)           0.924   Excellent. Very strong performance.      Balanced performance on Hold signal (support: 58812.0)
Precision (Buy)           0.558   Okay. Acceptable, but needs improvement. Avoid false buy signals (support: 5274.0)
Recall (Buy)              0.694   Good. Reliable performance.              Find all buy opportunities (support: 5274.0)
F1-Score (Buy)            0.619   Good. Reliable performance.              Balanced performance on Buy signal (support: 5274.0)

--- Overall Performance Metrics ---

--- Qualitative Assessment of Key Metrics ---
Metric                    Score   Assessment                               Trading Context
-------------------------   -------   ----------------------------------------   ------------------------------
Macro Avg Precision       0.689   Good. Reliable performance.              Average precision across all classes
Macro Avg Recall          0.771   Good. Reliable performance.              Average recall across all classes
Macro Avg F1-Score        0.725   Good. Reliable performance.              Average F1-score across all classes
Weighted Avg Precision    0.888   Excellent. Very strong performance.      Support-weighted average precision
Weighted Avg Recall       0.874   Excellent. Very strong performance.      Support-weighted average recall
Weighted Avg F1-Score     0.879   Excellent. Very strong performance.      Support-weighted average F1-score
MCC                       0.577   Good. Reliable positive correlation.     Correlation between prediction and reality
Cohen's Kappa             0.572   Moderate. Meaningful agreement.          Agreement better than random chance

--- Summary and Recommendation ---
🌟 GOOD PERFORMANCE: The model shows strong balance (Macro F1-Score 0.725, Weighted F1-Score 0.879) and reliable correlation (MCC 0.577). All classes performing reasonably well.
================================================================================
    Trading - Sell:
        min: 0.000 max: 0.937, mean: 0.142
        signals > 0.500: 6680 (9.7%)
        counts: [47766, 3522, 2021, 2014, 7149, 4967, 1466, 236, 10, 1, 0]
        percentages: [0.69, 0.05, 0.03, 0.03, 0.1, 0.07, 0.02, 0.0, 0.0, 0.0, 0.0]
        cumulative: [0.69, 0.74, 0.77, 0.8, 0.9, 0.98, 1.0, 1.0, 1.0, 1.0, 1.0]
    Trading - Hold:
        min: 0.028 max: 0.977, mean: 0.725
        signals > 0.500: 55571 (80.4%)
        counts: [33, 60, 581, 3021, 9886, 13776, 4587, 3670, 6064, 27474, 0]
        percentages: [0.0, 0.0, 0.01, 0.04, 0.14, 0.2, 0.07, 0.05, 0.09, 0.4, 0.0]
        cumulative: [0.0, 0.0, 0.01, 0.05, 0.2, 0.4, 0.46, 0.52, 0.6, 1.0, 1.0]
    Trading - Buy:
        min: 0.000 max: 0.971, mean: 0.133
        signals > 0.500: 6484 (9.4%)
        counts: [49445, 2960, 1783, 2181, 6299, 4572, 1494, 348, 39, 31, 0]
        percentages: [0.72, 0.04, 0.03, 0.03, 0.09, 0.07, 0.02, 0.01, 0.0, 0.0, 0.0]
        cumulative: [0.72, 0.76, 0.78, 0.82, 0.91, 0.97, 0.99, 1.0, 1.0, 1.0, 1.0]

NEO/USDT
    Comparing actual vs predicted signals

================================================================================
CLASSIFICATION PERFORMANCE ASSESSMENT (Tri-State)
================================================================================
--- Detailed Classification Report ---
              precision    recall  f1-score   support

         0.0      0.422     0.530     0.470      5318
         1.0      0.917     0.866     0.891     59289
         2.0      0.361     0.516     0.425      4545

    accuracy                          0.817     69152
   macro avg      0.567     0.637     0.595     69152
weighted avg      0.842     0.817     0.828     69152


--- Confusion Matrix ---
Rows = True, Columns = Predicted
             Sell     Hold      Buy
    Sell     2819     2468       31
    Hold     3851    51328     4110
     Buy       10     2192     2343

--- Qualitative Assessment of Key Metrics ---
Metric                    Score   Assessment                               Trading Context
-------------------------   -------   ----------------------------------------   ------------------------------
Precision (Sell)          0.422   Okay. Acceptable, but needs improvement. Avoid false sell signals (support: 5318.0)
Recall (Sell)             0.530   Okay. Acceptable, but needs improvement. Find all sell opportunities (support: 5318.0)
F1-Score (Sell)           0.470   Okay. Acceptable, but needs improvement. Balanced performance on Sell signal (support: 5318.0)
Precision (Hold)          0.917   Excellent. Very strong performance.      Correctly identify neutral periods (support: 59289.0)
Recall (Hold)             0.866   Excellent. Very strong performance.      Find all neutral periods (support: 59289.0)
F1-Score (Hold)           0.891   Excellent. Very strong performance.      Balanced performance on Hold signal (support: 59289.0)
Precision (Buy)           0.361   Poor. Significant room for improvement.  Avoid false buy signals (support: 4545.0)
Recall (Buy)              0.516   Okay. Acceptable, but needs improvement. Find all buy opportunities (support: 4545.0)
F1-Score (Buy)            0.425   Okay. Acceptable, but needs improvement. Balanced performance on Buy signal (support: 4545.0)

--- Overall Performance Metrics ---

--- Qualitative Assessment of Key Metrics ---
Metric                    Score   Assessment                               Trading Context
-------------------------   -------   ----------------------------------------   ------------------------------
Macro Avg Precision       0.567   Okay. Acceptable, but needs improvement. Average precision across all classes
Macro Avg Recall          0.637   Good. Reliable performance.              Average recall across all classes
Macro Avg F1-Score        0.595   Okay. Acceptable, but needs improvement. Average F1-score across all classes2026-05-29 14:05:23,726 - freqtrade.misc - INFO - dumping json to "/Users/philprice95/projects/freqtrade/user_data/backtest_results/backtest-result-2026-05-29_14-05-23.meta.json"

Weighted Avg Precision    0.842   Excellent. Very strong performance.      Support-weighted average precision
Weighted Avg Recall       0.817   Excellent. Very strong performance.      Support-weighted average recall
Weighted Avg F1-Score     0.828   Excellent. Very strong performance.      Support-weighted average F1-score
MCC                       0.379   Okay. Weak but meaningful correlation.   Correlation between prediction and reality
Cohen's Kappa             0.373   Fair. Weak agreement.                    Agreement better than random chance

--- Summary and Recommendation ---
🚨 WARNING: Buy class precision is only 0.361. The model predicts 'Buy' but is **wrong 63% of the time**. This is dangerous for trading. **Priority: Improve Buy Precision.**
================================================================================
Result for strategy NNNC_DDPM_MLX_LSTM
                                              BACKTESTING REPORT                                              
┏━━━━━━━━━━━┳━━━━━━━━┳━━━━━━━━━━━━━━┳━━━━━━━━━━━━━━━━━┳━━━━━━━━━━━━━━┳━━━━━━━━━━━━━━┳━━━━━━━━━━━━━━━━━━━━━━━━┓
┃      Pair ┃ Trades ┃ Avg Profit % ┃ Tot Profit USDT ┃ Tot Profit % ┃ Avg Duration ┃  Win  Draw  Loss  Win% ┃
┡━━━━━━━━━━━╇━━━━━━━━╇━━━━━━━━━━━━━━╇━━━━━━━━━━━━━━━━━╇━━━━━━━━━━━━━━╇━━━━━━━━━━━━━━╇━━━━━━━━━━━━━━━━━━━━━━━━┩
│  XRP/USDT │    210 │         0.29 │         551.685 │         5.52 │      4:05:00 │  126     0    84  60.0 │
│  SUI/USDT │    155 │         0.33 │         457.338 │         4.57 │      3:44:00 │   85     0    70  54.8 │
│ DASH/USDT │      6 │         3.98 │         215.060 │         2.15 │      1:25:00 │    6     0     0   100 │
│  ZEC/USDT │    109 │         0.21 │         210.396 │          2.1 │      2:53:00 │   56     0    53  51.4 │
│  DOT/USDT │     36 │         0.22 │          71.483 │         0.71 │      2:35:00 │   20     0    16  55.6 │
│  SOL/USDT │    184 │         0.02 │          37.082 │         0.37 │      4:58:00 │  100     0    84  54.3 │
│  NEO/USDT │      2 │         -0.0 │          -0.086 │         -0.0 │      1:52:00 │    1     0     1  50.0 │
│  BCH/USDT │      5 │        -0.06 │          -2.706 │        -0.03 │      2:57:00 │    2     0     3  40.0 │
│ LINK/USDT │     87 │        -0.01 │         -10.311 │         -0.1 │      3:16:00 │   40     0    47  46.0 │
│ NEAR/USDT │     20 │        -0.27 │         -49.265 │        -0.49 │      2:13:00 │   12     0     8  60.0 │
│ AAVE/USDT │     18 │        -0.44 │         -71.090 │        -0.71 │      1:48:00 │   10     0     8  55.6 │
│  LTC/USDT │     81 │        -0.13 │         -97.427 │        -0.97 │      2:58:00 │   39     0    42  48.1 │
│ AVAX/USDT │     57 │        -0.45 │        -233.083 │        -2.33 │      2:23:00 │   25     0    32  43.9 │
│     TOTAL │    970 │         0.12 │        1079.076 │        10.79 │      3:38:00 │  522     0   448  53.8 │
└───────────┴────────┴──────────────┴─────────────────┴──────────────┴──────────────┴────────────────────────┘
                                         LEFT OPEN TRADES REPORT                                          
┏━━━━━━━┳━━━━━━━━┳━━━━━━━━━━━━━━┳━━━━━━━━━━━━━━━━━┳━━━━━━━━━━━━━━┳━━━━━━━━━━━━━━┳━━━━━━━━━━━━━━━━━━━━━━━━┓
┃  Pair ┃ Trades ┃ Avg Profit % ┃ Tot Profit USDT ┃ Tot Profit % ┃ Avg Duration ┃  Win  Draw  Loss  Win% ┃
┡━━━━━━━╇━━━━━━━━╇━━━━━━━━━━━━━━╇━━━━━━━━━━━━━━━━━╇━━━━━━━━━━━━━━╇━━━━━━━━━━━━━━╇━━━━━━━━━━━━━━━━━━━━━━━━┩
│ TOTAL │      0 │          0.0 │           0.000 │          0.0 │         0:00 │    0     0     0     0 │
└───────┴────────┴──────────────┴─────────────────┴──────────────┴──────────────┴────────────────────────┘
                                                 ENTER TAG STATS                                                  
┏━━━━━━━━━━━━━━┳━━━━━━━━━┳━━━━━━━━━━━━━━┳━━━━━━━━━━━━━━━━━┳━━━━━━━━━━━━━━┳━━━━━━━━━━━━━━┳━━━━━━━━━━━━━━━━━━━━━━━━┓
┃    Enter Tag ┃ Entries ┃ Avg Profit % ┃ Tot Profit USDT ┃ Tot Profit % ┃ Avg Duration ┃  Win  Draw  Loss  Win% ┃
┡━━━━━━━━━━━━━━╇━━━━━━━━━╇━━━━━━━━━━━━━━╇━━━━━━━━━━━━━━━━━╇━━━━━━━━━━━━━━╇━━━━━━━━━━━━━━╇━━━━━━━━━━━━━━━━━━━━━━━━┩
│  model_entry │     970 │         0.12 │        1079.076 │        10.79 │      3:38:00 │  522     0   448  53.8 │
│        TOTAL │     970 │         0.12 │        1079.076 │        10.79 │      3:38:00 │  522     0   448  53.8 │
└──────────────┴─────────┴──────────────┴─────────────────┴──────────────┴──────────────┴────────────────────────┘
                                                EXIT REASON STATS                                                
┏━━━━━━━━━━━━━┳━━━━━━━┳━━━━━━━━━━━━━━┳━━━━━━━━━━━━━━━━━┳━━━━━━━━━━━━━━┳━━━━━━━━━━━━━━━━┳━━━━━━━━━━━━━━━━━━━━━━━━┓
┃ Exit Reason ┃ Exits ┃ Avg Profit % ┃ Tot Profit USDT ┃ Tot Profit % ┃   Avg Duration ┃  Win  Draw  Loss  Win% ┃
┡━━━━━━━━━━━━━╇━━━━━━━╇━━━━━━━━━━━━━━╇━━━━━━━━━━━━━━━━━╇━━━━━━━━━━━━━━╇━━━━━━━━━━━━━━━━╇━━━━━━━━━━━━━━━━━━━━━━━━┩
│ take_profit │   375 │         2.89 │        9751.442 │        97.51 │        2:45:00 │  375     0     0   100 │
│         roi │    95 │          3.0 │        2567.178 │        25.67 │        3:05:00 │   95     0     0   100 │
│  model_exit │    20 │         1.84 │         332.331 │         3.32 │        7:14:00 │   20     0     0   100 │
│  unclog_12h │    31 │          0.9 │         251.974 │         2.52 │       13:37:00 │   31     0     0   100 │
│   unclog_1d │     1 │         0.15 │           1.359 │         0.01 │ 1 day, 2:45:00 │    1     0     0   100 │
│   stop_loss │   448 │        -2.93 │      -11825.208 │      -118.25 │        3:35:00 │    0     0   448     0 │
│       TOTAL │   970 │         0.12 │        1079.076 │        10.79 │        3:38:00 │  522     0   448  53.8 │
└─────────────┴───────┴──────────────┴─────────────────┴──────────────┴────────────────┴────────────────────────┘
                                                         MIXED TAG STATS                                                         
┏━━━━━━━━━━━━━━┳━━━━━━━━━━━━━┳━━━━━━━━┳━━━━━━━━━━━━━━┳━━━━━━━━━━━━━━━━━┳━━━━━━━━━━━━━━┳━━━━━━━━━━━━━━━━┳━━━━━━━━━━━━━━━━━━━━━━━━┓
┃    Enter Tag ┃ Exit Reason ┃ Trades ┃ Avg Profit % ┃ Tot Profit USDT ┃ Tot Profit % ┃   Avg Duration ┃  Win  Draw  Loss  Win% ┃
┡━━━━━━━━━━━━━━╇━━━━━━━━━━━━━╇━━━━━━━━╇━━━━━━━━━━━━━━╇━━━━━━━━━━━━━━━━━╇━━━━━━━━━━━━━━╇━━━━━━━━━━━━━━━━╇━━━━━━━━━━━━━━━━━━━━━━━━┩
│  model_entry │ take_profit │    375 │         2.89 │        9751.442 │        97.51 │        2:45:00 │  375     0     0   100 │
│  model_entry │         roi │     95 │          3.0 │        2567.178 │        25.67 │        3:05:00 │   95     0     0   100 │
│  model_entry │  model_exit │     20 │         1.84 │         332.331 │         3.32 │        7:14:00 │   20     0     0   100 │
│  model_entry │  unclog_12h │     31 │          0.9 │         251.974 │         2.52 │       13:37:00 │   31     0     0   100 │
│  model_entry │   unclog_1d │      1 │         0.15 │           1.359 │         0.01 │ 1 day, 2:45:00 │    1     0     0   100 │
│  model_entry │   stop_loss │    448 │        -2.93 │      -11825.208 │      -118.25 │        3:35:00 │    0     0   448     0 │
│        TOTAL │             │    970 │         0.12 │        1079.076 │        10.79 │        3:38:00 │  522     0   448  53.8 │
└──────────────┴─────────────┴────────┴──────────────┴─────────────────┴──────────────┴────────────────┴────────────────────────┘
                                 MONTH BREAKDOWN                                  
┏━━━━━━━━━━━━┳━━━━━━━━┳━━━━━━━━━━━━━━━━━┳━━━━━━━━━━━━━━━┳━━━━━━━━━━━━━━━━━━━━━━━━┓
┃      Month ┃ Trades ┃ Tot Profit USDT ┃ Profit Factor ┃  Win  Draw  Loss  Win% ┃
┡━━━━━━━━━━━━╇━━━━━━━━╇━━━━━━━━━━━━━━━━━╇━━━━━━━━━━━━━━━╇━━━━━━━━━━━━━━━━━━━━━━━━┩
│ 30/06/2024 │      8 │          37.114 │          1.57 │    5     0     3  62.5 │
│ 31/07/2024 │     14 │         -15.192 │          0.91 │    7     0     7  50.0 │
│ 31/08/2024 │     38 │        -136.373 │           0.8 │   17     0    21  44.7 │
│ 30/09/2024 │      7 │          57.135 │          2.41 │    5     0     2  71.4 │
│ 31/10/2024 │     23 │           3.799 │          1.01 │   13     0    10  56.5 │
│ 30/11/2024 │    103 │         668.442 │          1.76 │   67     0    36  65.0 │
│ 31/12/2024 │    178 │         294.613 │          1.14 │   99     0    79  55.6 │
│ 31/01/2025 │     84 │         432.708 │          1.61 │   52     0    32  61.9 │
│ 28/02/2025 │    109 │        -412.289 │          0.75 │   53     0    56  48.6 │
│ 31/03/2025 │     55 │         -126.31 │          0.83 │   25     0    30  45.5 │
│ 30/04/2025 │     28 │        -103.897 │          0.74 │   13     0    15  46.4 │
│ 31/05/2025 │     17 │         -51.929 │          0.74 │    8     0     9  47.1 │
│ 30/06/2025 │      5 │         105.134 │           0.0 │    5     0     0   100 │
│ 31/07/2025 │     31 │           18.75 │          1.06 │   17     0    14  54.8 │
│ 31/08/2025 │     24 │         -40.486 │          0.83 │   12     0    12  50.0 │
│ 30/09/2025 │      3 │          18.258 │          1.93 │    2     0     1  66.7 │
│ 31/10/2025 │     61 │         182.501 │           1.2 │   30     0    31  49.2 │
│ 30/11/2025 │     96 │          341.61 │          1.27 │   50     0    46  52.1 │
│ 31/12/2025 │     18 │         -71.696 │          0.73 │    9     0     9  50.0 │
│ 31/01/2026 │     15 │          56.936 │          1.34 │   10     0     5  66.7 │
│ 28/02/2026 │     33 │         -49.023 │           0.9 │   15     0    18  45.5 │
│ 31/03/2026 │      3 │          -9.738 │          0.51 │    2     0     1  66.7 │
│ 30/04/2026 │      2 │          -7.069 │          0.64 │    1     0     1  50.0 │
│ 31/05/2026 │     15 │        -113.921 │           0.5 │    5     0    10  33.3 │
└────────────┴────────┴─────────────────┴───────────────┴────────────────────────┘
                                   SUMMARY METRICS                                    
┏━━━━━━━━━━━━━━━━━━━━━━━━━━━━━━━━━━━━━━━━┳━━━━━━━━━━━━━━━━━━━━━━━━━━━━━━━━━━━━━━━━━━━┓
┃ Metric                                 ┃ Value                                     ┃
┡━━━━━━━━━━━━━━━━━━━━━━━━━━━━━━━━━━━━━━━━╇━━━━━━━━━━━━━━━━━━━━━━━━━━━━━━━━━━━━━━━━━━━┩
│ Backtesting from                       │ 2024-06-08 00:00:00                       │
│ Backtesting to                         │ 2026-05-28 15:45:00                       │
│ Trading Mode                           │ Spot                                      │
│ Max open trades                        │ 10                                        │
│                                        │                                           │
│ Total/Daily Avg Trades                 │ 970 / 1.35                                │
│ Starting balance                       │ 10000 USDT                                │
│ Final balance                          │ 11079.076 USDT                            │
│ Absolute profit                        │ 1079.076 USDT                             │
│ Total profit %                         │ 10.79%                                    │
│ CAGR %                                 │ 5.34%                                     │
│ Sharpe (closed trades)                 │ 1.00                                      │
│ Sortino (closed trades)                │ 2.17                                      │
│ Calmar (closed trades)                 │ 3.96                                      │
│ SQN                                    │ 1.21                                      │
│ Profit factor                          │ 1.09                                      │
│ Expectancy (Ratio)                     │ 1.11 (0.04)                               │
│ Avg. daily profit                      │ 1.501 USDT                                │
│ Avg. stake amount                      │ 899.879 USDT                              │
│ Market change                          │ 138.98%                                   │
│ Total trade volume                     │ 1750342.04 USDT                           │
│                                        │                                           │
│ Best Pair                              │ XRP/USDT 5.52%                            │
│ Worst Pair                             │ AVAX/USDT -2.33%                          │
│ Best trade                             │ XRP/USDT 15.25%                           │
│ Worst trade                            │ LTC/USDT -17.45%                          │
│ Best day                               │ 286.655 USDT                              │
│ Worst day                              │ -347.96 USDT                              │
│ Days win/draw/lose                     │ 164 / 444 / 106                           │
│ Min/Max/Avg. Duration Winners          │ 0d 01:00 / 1d 02:45 / 0d 03:40            │
│ Min/Max/Avg. Duration Losers           │ 0d 01:00 / 1d 08:15 / 0d 03:35            │
│ Max Consecutive Wins / Loss            │ 12 / 13                                   │
│ Rejected Entry signals                 │ 1                                         │
│ Entry/Exit Timeouts                    │ 0 / 0                                     │
│                                        │                                           │
│ Min/Max balance (closed trades)        │ 9538.942 USDT / 11406.669 USDT            │
│ Max % of account underwater            │ 7.24%                                     │
│ Absolute drawdown                      │ 826.101 USDT (7.24%)                      │
│ Drawdown duration                      │ 63 days 23:00:00                          │
│ Profit at drawdown start               │ 1406.669 USDT                             │
│ Profit at drawdown end                 │ 580.568 USDT                              │
│ Drawdown start                         │ 2025-02-02 08:30:00                       │
│ Drawdown end                           │ 2025-04-07 07:30:00                       │
│                                        │                                           │
│ Wallet based Metrics                   │                                           │
│ Min/Max balance (wallet balance)       │ 9508.934 USDT / 11422.563 USDT            │
│ Min/Max balance dates (wallet balance) │ 2024-08-05 06:45:00 / 2025-02-02 10:00:00 │
│ Max % of account underwater (balance)  │ 7.48%                                     │
│ Absolute drawdown (wallet balance)     │ 854.869 USDT (7.48%)                      │
│ Drawdown duration                      │ 63 days 21:00:00                          │
│ Profit at drawdown start               │ 1422.563 USDT                             │
│ Profit at drawdown end                 │ 567.694 USDT                              │
│ Drawdown start                         │ 2025-02-02 10:00:00                       │
│ Drawdown end                           │ 2025-04-07 07:00:00                       │
│ Sharpe (daily wallet balance)          │ 0.80                                      │
│ Sortino (daily wallet balance)         │ 0.57                                      │
│ Calmar (daily wallet balance)          │ 3.83                                      │
└────────────────────────────────────────┴───────────────────────────────────────────┘

Backtested 2024-06-08 00:00:00 -> 2026-05-28 15:45:00 | Max open trades : 10
                                                              STRATEGY SUMMARY                                                               
┏━━━━━━━━━━━━━━━━━━━━┳━━━━━━━━┳━━━━━━━━━━━━━━┳━━━━━━━━━━━━━━━━━┳━━━━━━━━━━━━━━┳━━━━━━━━━━━━━━┳━━━━━━━━━━━━━━━━━━━━━━━━┳━━━━━━━━━━━━━━━━━━━━━┓
┃           Strategy ┃ Trades ┃ Avg Profit % ┃ Tot Profit USDT ┃ Tot Profit % ┃ Avg Duration ┃  Win  Draw  Loss  Win% ┃            Drawdown ┃
┡━━━━━━━━━━━━━━━━━━━━╇━━━━━━━━╇━━━━━━━━━━━━━━╇━━━━━━━━━━━━━━━━━╇━━━━━━━━━━━━━━╇━━━━━━━━━━━━━━╇━━━━━━━━━━━━━━━━━━━━━━━━╇━━━━━━━━━━━━━━━━━━━━━┩
│ NNNC_DDPM_MLX_LSTM │    970 │         0.12 │        1079.076 │        10.79 │      3:38:00 │  522     0   448  53.8 │ 826.101 USDT  7.24% │
└────────────────────┴────────┴──────────────┴─────────────────┴──────────────┴──────────────┴────────────────────────┴─────────────────────┘

