2026-05-29 09:43:35,581 - freqtrade - INFO - freqtrade 2026.4-dev-63819fa7e
2026-05-29 09:43:36,089 - numexpr.utils - INFO - NumExpr defaulting to 14 threads.

Using config file: user_data/strategies/config/config.json and Strategy dir: user_data/strategies/NNNC

Fri May 29 09:43:37 PDT 2026
Testing strategy:NNNC_DDPM_MLX_LSTM for exchange:...
freqtrade backtesting --cache none  --breakdown month --timerange=20240608-20260529 -c user_data/strategies/config/config.json --strategy-path user_data/strategies/NNNC --strategy-list NNNC_DDPM_MLX_LSTM
2026-05-29 09:43:37,073 - freqtrade - INFO - freqtrade 2026.4-dev-63819fa7e
2026-05-29 09:43:37,211 - numexpr.utils - INFO - NumExpr defaulting to 14 threads.
2026-05-29 09:43:37,778 - freqtrade.configuration.load_config - INFO - Using config: user_data/strategies/config/config.json ...
2026-05-29 09:43:37,779 - freqtrade.loggers - INFO - Enabling colorized output.
2026-05-29 09:43:37,779 - freqtrade.loggers - INFO - Logfile configured
2026-05-29 09:43:37,779 - freqtrade.loggers - INFO - Verbosity set to 0
2026-05-29 09:43:37,779 - freqtrade.configuration.configuration - INFO - Using additional Strategy lookup path: user_data/strategies/NNNC
2026-05-29 09:43:37,779 - freqtrade.configuration.configuration - INFO - Using max_open_trades: 10 ...
2026-05-29 09:43:37,780 - freqtrade.configuration.configuration - INFO - Parameter --timerange detected: 20240608-20260529 ...
2026-05-29 09:43:37,780 - freqtrade.configuration.configuration - INFO - Using user-data directory: /Users/philprice95/Documents/freqtrade/user_data ...
2026-05-29 09:43:37,780 - freqtrade.configuration.configuration - INFO - Using data directory: /Users/philprice95/Documents/freqtrade/user_data/data/binanceus ...
2026-05-29 09:43:37,780 - freqtrade.configuration.configuration - INFO - Using strategy list of 1 strategies
2026-05-29 09:43:37,780 - freqtrade.configuration.configuration - INFO - Parameter --breakdown detected ...
2026-05-29 09:43:37,780 - freqtrade.configuration.configuration - INFO - Parameter --cache=none detected ...
2026-05-29 09:43:37,780 - freqtrade.configuration.configuration - INFO - Filter trades by timerange: 20240608-20260529
2026-05-29 09:43:37,781 - freqtrade.exchange.check_exchange - INFO - Checking exchange...
2026-05-29 09:43:37,787 - freqtrade.exchange.check_exchange - INFO - Exchange "binanceus" is officially supported by the Freqtrade development team.
2026-05-29 09:43:37,787 - freqtrade.configuration.configuration - INFO - Using pairlist from configuration.
2026-05-29 09:43:37,787 - freqtrade.configuration.config_validation - INFO - Validating configuration ...
2026-05-29 09:43:37,788 - freqtrade.commands.optimize_commands - INFO - Starting freqtrade in Backtesting mode
2026-05-29 09:43:37,788 - freqtrade.exchange.exchange - INFO - Instance is running with dry_run enabled
2026-05-29 09:43:37,788 - freqtrade.exchange.exchange - INFO - Using CCXT 4.5.50
2026-05-29 09:43:37,797 - freqtrade.exchange.exchange - INFO - Using Exchange "Binance US"
2026-05-29 09:43:38,015 - freqtrade.resolvers.exchange_resolver - INFO - Using resolved exchange 'Binanceus'...
/Users/philprice95/Documents/freqtrade/.venv/lib/python3.12/site-packages/_distutils_hack/__init__.py:15: UserWarning: Distutils was imported before Setuptools, but importing Setuptools also replaces the `distutils` module in `sys.modules`. This may lead to undesirable behaviors or errors. To avoid these issues, avoid using distutils directly, ensure that setuptools is installed in the traditional way (e.g. not an editable install), and/or make sure that setuptools is always imported before distutils.
  warnings.warn(
/Users/philprice95/Documents/freqtrade/.venv/lib/python3.12/site-packages/_distutils_hack/__init__.py:30: UserWarning: Setuptools is replacing distutils. Support for replacing an already imported distutils is deprecated. In the future, this condition will fail. Register concerns at https://github.com/pypa/setuptools/issues/new?template=distutils-deprecation.yml
  warnings.warn(
2026-05-29 09:43:40,653 - freqtrade.resolvers.iresolver - INFO - Using resolved strategy NNNC_DDPM_MLX_LSTM from 
'/Users/philprice95/Documents/freqtrade/user_data/strategies/NNNC/NNNC_DDPM_MLX_LSTM.py'...
2026-05-29 09:43:40,654 - freqtrade.strategy.hyper - INFO - Found no parameter file.
2026-05-29 09:43:40,654 - freqtrade.resolvers.strategy_resolver - INFO - Override strategy 'timeframe' with value from the configuration: 15m.
2026-05-29 09:43:40,654 - freqtrade.resolvers.strategy_resolver - INFO - Override strategy 'order_types' with value from the configuration: {'entry': 'limit', 'exit': 'market', 'emergency_exit': 
'market', 'force_exit': 'market', 'force_entry': 'market', 'stoploss': 'market', 'stoploss_on_exchange': False, 'stoploss_price_type': 'last', 'stoploss_on_exchange_interval': 60, 
'stoploss_on_exchange_limit_ratio': 0.99}.
2026-05-29 09:43:40,655 - freqtrade.resolvers.strategy_resolver - INFO - Override strategy 'stake_currency' with value from the configuration: USDT.
2026-05-29 09:43:40,655 - freqtrade.resolvers.strategy_resolver - INFO - Override strategy 'stake_amount' with value from the configuration: 900.
2026-05-29 09:43:40,655 - freqtrade.resolvers.strategy_resolver - INFO - Override strategy 'unfilledtimeout' with value from the configuration: {'entry': 10, 'exit': 10, 'exit_timeout_count': 0, 
'unit': 'minutes'}.
2026-05-29 09:43:40,655 - freqtrade.resolvers.strategy_resolver - INFO - Override strategy 'max_open_trades' with value from the configuration: 10.
2026-05-29 09:43:40,655 - freqtrade.resolvers.strategy_resolver - INFO - Strategy using minimal_roi: {'0': 0.03}
2026-05-29 09:43:40,655 - freqtrade.resolvers.strategy_resolver - INFO - Strategy using timeframe: 15m
2026-05-29 09:43:40,655 - freqtrade.resolvers.strategy_resolver - INFO - Strategy using stoploss: -0.05
2026-05-29 09:43:40,655 - freqtrade.resolvers.strategy_resolver - INFO - Strategy using trailing_stop: False
2026-05-29 09:43:40,655 - freqtrade.resolvers.strategy_resolver - INFO - Strategy using trailing_stop_positive: 0.01
2026-05-29 09:43:40,655 - freqtrade.resolvers.strategy_resolver - INFO - Strategy using trailing_stop_positive_offset: 0.03
2026-05-29 09:43:40,655 - freqtrade.resolvers.strategy_resolver - INFO - Strategy using trailing_only_offset_is_reached: True
2026-05-29 09:43:40,656 - freqtrade.resolvers.strategy_resolver - INFO - Strategy using use_custom_stoploss: True
2026-05-29 09:43:40,656 - freqtrade.resolvers.strategy_resolver - INFO - Strategy using process_only_new_candles: True
2026-05-29 09:43:40,656 - freqtrade.resolvers.strategy_resolver - INFO - Strategy using order_types: {'entry': 'limit', 'exit': 'market', 'emergency_exit': 'market', 'force_exit': 'market', 
'force_entry': 'market', 'stoploss': 'market', 'stoploss_on_exchange': False, 'stoploss_price_type': 'last', 'stoploss_on_exchange_interval': 60, 'stoploss_on_exchange_limit_ratio': 0.99}
2026-05-29 09:43:40,656 - freqtrade.resolvers.strategy_resolver - INFO - Strategy using order_time_in_force: {'entry': 'GTC', 'exit': 'GTC'}
2026-05-29 09:43:40,656 - freqtrade.resolvers.strategy_resolver - INFO - Strategy using stake_currency: USDT
2026-05-29 09:43:40,656 - freqtrade.resolvers.strategy_resolver - INFO - Strategy using stake_amount: 900
2026-05-29 09:43:40,656 - freqtrade.resolvers.strategy_resolver - INFO - Strategy using startup_candle_count: 64
2026-05-29 09:43:40,656 - freqtrade.resolvers.strategy_resolver - INFO - Strategy using unfilledtimeout: {'entry': 10, 'exit': 10, 'exit_timeout_count': 0, 'unit': 'minutes'}
2026-05-29 09:43:40,656 - freqtrade.resolvers.strategy_resolver - INFO - Strategy using use_exit_signal: True
2026-05-29 09:43:40,656 - freqtrade.resolvers.strategy_resolver - INFO - Strategy using exit_profit_only: True
2026-05-29 09:43:40,656 - freqtrade.resolvers.strategy_resolver - INFO - Strategy using ignore_roi_if_entry_signal: True
2026-05-29 09:43:40,656 - freqtrade.resolvers.strategy_resolver - INFO - Strategy using exit_profit_offset: 0.0
2026-05-29 09:43:40,657 - freqtrade.resolvers.strategy_resolver - INFO - Strategy using disable_dataframe_checks: False
2026-05-29 09:43:40,657 - freqtrade.resolvers.strategy_resolver - INFO - Strategy using ignore_buying_expired_candle_after: 0
2026-05-29 09:43:40,657 - freqtrade.resolvers.strategy_resolver - INFO - Strategy using position_adjustment_enable: False
2026-05-29 09:43:40,657 - freqtrade.resolvers.strategy_resolver - INFO - Strategy using max_entry_position_adjustment: -1
2026-05-29 09:43:40,657 - freqtrade.resolvers.strategy_resolver - INFO - Strategy using max_open_trades: 10
2026-05-29 09:43:40,657 - freqtrade.configuration.config_validation - INFO - Validating configuration ...
2026-05-29 09:43:40,661 - freqtrade.resolvers.iresolver - INFO - Using resolved pairlist StaticPairList from '/Users/philprice95/Documents/freqtrade/freqtrade/plugins/pairlist/StaticPairList.py'...
2026-05-29 09:43:40,664 - freqtrade.optimize.backtesting - INFO - Using fee 0.1000% - worst case fee from exchange (lowest tier).
2026-05-29 09:43:40,764 - freqtrade.data.history.datahandlers.idatahandler - WARNING - ZEC/USDT, spot, 15m, data ends at 2026-05-27 17:15:00
2026-05-29 09:43:40,768 - freqtrade.data.history.datahandlers.idatahandler - INFO - Price jump in ZEC/USDT, 15m, spot between two candles of 33.14% detected.
2026-05-29 09:43:40,779 - freqtrade.data.history.datahandlers.idatahandler - WARNING - XRP/USDT, spot, 15m, data ends at 2026-05-27 17:15:00
2026-05-29 09:43:40,792 - freqtrade.data.history.datahandlers.idatahandler - WARNING - SOL/USDT, spot, 15m, data ends at 2026-05-27 17:15:00
2026-05-29 09:43:40,804 - freqtrade.data.history.datahandlers.idatahandler - WARNING - LINK/USDT, spot, 15m, data ends at 2026-05-27 17:15:00
2026-05-29 09:43:40,818 - freqtrade.data.history.datahandlers.idatahandler - WARNING - NEAR/USDT, spot, 15m, data ends at 2026-05-27 17:15:00
2026-05-29 09:43:40,830 - freqtrade.data.history.datahandlers.idatahandler - WARNING - AAVE/USDT, spot, 15m, data ends at 2026-05-27 17:15:00
2026-05-29 09:43:40,843 - freqtrade.data.history.datahandlers.idatahandler - WARNING - DASH/USDT, spot, 15m, data ends at 2026-05-28 15:45:00
2026-05-29 09:43:40,847 - freqtrade.data.history.datahandlers.idatahandler - INFO - Price jump in DASH/USDT, 15m, spot between two candles of 61.49% detected.
2026-05-29 09:43:40,856 - freqtrade.data.history.datahandlers.idatahandler - WARNING - SUI/USDT, spot, 15m, data ends at 2026-05-28 15:45:00
2026-05-29 09:43:40,868 - freqtrade.data.history.datahandlers.idatahandler - WARNING - AVAX/USDT, spot, 15m, data ends at 2026-05-28 15:45:00
2026-05-29 09:43:40,881 - freqtrade.data.history.datahandlers.idatahandler - WARNING - LTC/USDT, spot, 15m, data ends at 2026-05-28 15:45:00
2026-05-29 09:43:40,893 - freqtrade.data.history.datahandlers.idatahandler - WARNING - BCH/USDT, spot, 15m, data ends at 2026-05-28 15:45:00
2026-05-29 09:43:40,906 - freqtrade.data.history.datahandlers.idatahandler - WARNING - DOT/USDT, spot, 15m, data ends at 2026-05-28 15:45:00
2026-05-29 09:43:40,918 - freqtrade.data.history.datahandlers.idatahandler - WARNING - NEO/USDT, spot, 15m, data ends at 2026-05-28 15:45:00
2026-05-29 09:43:40,921 - freqtrade.data.history.datahandlers.idatahandler - INFO - Price jump in NEO/USDT, 15m, spot between two candles of 221.60% detected.
2026-05-29 09:43:40,929 - freqtrade.optimize.backtesting - INFO - Loading data from 2024-06-07 08:00:00 up to 2026-05-28 15:45:00 (720 days).
2026-05-29 09:43:43,450 - freqtrade.optimize.backtesting - INFO - Dataload complete. Calculating indicators
2026-05-29 09:43:43,451 - freqtrade.optimize.backtesting - INFO - Running backtesting for Strategy NNNC_DDPM_MLX_LSTM
2026-05-29 09:43:43,472 - freqtrade.strategy.hyper - INFO - Strategy Parameter: cexit_enable_profit_checks = True
2026-05-29 09:43:43,473 - freqtrade.strategy.hyper - INFO - Strategy Parameter: cexit_max_days = 5
2026-05-29 09:43:43,473 - freqtrade.strategy.hyper - INFO - Strategy Parameter: cexit_take_profit = 0.02
2026-05-29 09:43:43,473 - freqtrade.strategy.hyper - INFO - Strategy Parameter: enable_exit_signal = True
2026-05-29 09:43:43,473 - freqtrade.strategy.hyper - INFO - Strategy Parameter: exit_close_norm_threshold = 0.0
2026-05-29 09:43:43,473 - freqtrade.strategy.hyper - INFO - Strategy Parameter: exit_guard_threshold = 0.5
2026-05-29 09:43:43,473 - freqtrade.strategy.hyper - INFO - Strategy Parameter: entry_adx_threshold = 20.0
2026-05-29 09:43:43,473 - freqtrade.strategy.hyper - INFO - Strategy Parameter: entry_atr_pct = 0.006
2026-05-29 09:43:43,473 - freqtrade.strategy.hyper - INFO - Strategy Parameter: entry_bb_width_threshold = 0.014
2026-05-29 09:43:43,473 - freqtrade.strategy.hyper - INFO - Strategy Parameter: entry_close_norm_threshold = 0.0
2026-05-29 09:43:43,474 - freqtrade.strategy.hyper - INFO - Strategy Parameter: entry_enable_guards = True
2026-05-29 09:43:43,474 - freqtrade.strategy.hyper - INFO - Strategy Parameter: entry_guard_threshold = -0.5
2026-05-29 09:43:43,474 - freqtrade.strategy.hyper - INFO - Strategy Parameter: entry_rvol_threshold = 1.0
2026-05-29 09:43:43,474 - freqtrade.strategy.hyper - INFO - Strategy Parameter: prediction_threshold = 0.5

----------------------
NNNC_DDPM_MLX_LSTM
----------------------


Software Environment:

    freqtrade:  2026.4-dev-63819fa7e
    OS Type:    darwin (MacOS), Version: macOS-26.4.1-arm64-arm-64bit
    python:     ['3.12.13 (main, Mar  3 2026, 12:39:30) [Clang 21.0.0 (clang-2100.0.123.102)]']
    sklearn:    1.8.0
    tensorflow: 2.17.0, devices:[PhysicalDevice(name='/physical_device:CPU:0', device_type='CPU'), PhysicalDevice(name='/physical_device:GPU:0', device_type='GPU')]
    keras:      3.14.0
    pytorch:    (not installed)
    lightning:  (not installed)
    darts:      (not installed)


    Current Hyperopt Parameters:
      Buy Parameters:
        entry_adx_threshold: 20.0
        entry_atr_pct: 0.006
        entry_bb_width_threshold: 0.014
        entry_close_norm_threshold: 0.0
        entry_enable_guards: True
        entry_guard_threshold: -0.5
        entry_rvol_threshold: 1.0
        prediction_threshold: 0.5
        cexit_enable_profit_checks: True
        cexit_max_days: 2
        cexit_take_profit: 0.002
        profit_prediction_threshold: 0.3
        apply_task_filters: True

      Sell Parameters:
        cexit_enable_profit_checks: True
        cexit_max_days: 5
        cexit_take_profit: 0.02
        enable_exit_signal: True
        exit_close_norm_threshold: 0.0
        exit_guard_threshold: 0.5

Strategy Parameters/Flags

    refit_model:    False
    model_per_pair: False
    combine_models: False

    ZEC/USDT - adding indicators...
        Buy signals: found 4829 initial peaks, filtered to 4829 peaks with >=0.5% future gain
        Sell signals: found 5517 initial peaks, filtered to 5517 peaks with >=0.5% future loss
        Signal counts: buys=7092, sells=9463, conflicts=0
        Final trading_classes counts: buys=7092, sells=9463
        Trading distribution: [ 9463 52507  7092] [13.7%, 76.0%, 10.3%]
        %train_buy/%train_sell counts: buys=7092, sells=9463, holds=52507
    XRP/USDT - adding indicators...
        Buy signals: found 2379 initial peaks, filtered to 2379 peaks with >=0.5% future gain
        Sell signals: found 2415 initial peaks, filtered to 2415 peaks with >=0.5% future loss
        Signal counts: buys=3982, sells=4355, conflicts=0
        Final trading_classes counts: buys=3982, sells=4355
        Trading distribution: [ 4355 60725  3982] [6.3%, 87.9%, 5.8%]
        %train_buy/%train_sell counts: buys=3982, sells=4355, holds=60725
    SOL/USDT - adding indicators...
        Buy signals: found 2446 initial peaks, filtered to 2446 peaks with >=0.5% future gain
        Sell signals: found 2126 initial peaks, filtered to 2126 peaks with >=0.5% future loss
        Signal counts: buys=4204, sells=3870, conflicts=0
        Final trading_classes counts: buys=4204, sells=3870
        Trading distribution: [ 3870 60988  4204] [5.6%, 88.3%, 6.1%]
        %train_buy/%train_sell counts: buys=4204, sells=3870, holds=60988
    LINK/USDT - adding indicators...
        Buy signals: found 2923 initial peaks, filtered to 2923 peaks with >=0.5% future gain
        Sell signals: found 2800 initial peaks, filtered to 2800 peaks with >=0.5% future loss
        Signal counts: buys=4895, sells=5081, conflicts=0
        Final trading_classes counts: buys=4895, sells=5081
        Trading distribution: [ 5081 59086  4895] [7.4%, 85.6%, 7.1%]
        %train_buy/%train_sell counts: buys=4895, sells=5081, holds=59086
    NEAR/USDT - adding indicators...
        Buy signals: found 4662 initial peaks, filtered to 4662 peaks with >=0.5% future gain
        Sell signals: found 4417 initial peaks, filtered to 4414 peaks with >=0.5% future loss
        Signal counts: buys=7179, sells=7632, conflicts=0
        Final trading_classes counts: buys=7179, sells=7632
        Trading distribution: [ 7632 54251  7179] [11.1%, 78.6%, 10.4%]
        %train_buy/%train_sell counts: buys=7179, sells=7632, holds=54251
    AAVE/USDT - adding indicators...
        Buy signals: found 3786 initial peaks, filtered to 3786 peaks with >=0.5% future gain
        Sell signals: found 3808 initial peaks, filtered to 3808 peaks with >=0.5% future loss
        Signal counts: buys=5945, sells=6640, conflicts=0
        Final trading_classes counts: buys=5945, sells=6640
        Trading distribution: [ 6640 56477  5945] [9.6%, 81.8%, 8.6%]
        %train_buy/%train_sell counts: buys=5945, sells=6640, holds=56477
    DASH/USDT - adding indicators...
        Buy signals: found 3426 initial peaks, filtered to 3426 peaks with >=0.5% future gain
        Sell signals: found 3642 initial peaks, filtered to 3642 peaks with >=0.5% future loss
        Signal counts: buys=4989, sells=6180, conflicts=0
        Final trading_classes counts: buys=4989, sells=6180
        Trading distribution: [ 6180 57983  4989] [8.9%, 83.8%, 7.2%]
        %train_buy/%train_sell counts: buys=4989, sells=6180, holds=57983
    SUI/USDT - adding indicators...
        Buy signals: found 4959 initial peaks, filtered to 4959 peaks with >=0.5% future gain
        Sell signals: found 4712 initial peaks, filtered to 4712 peaks with >=0.5% future loss
        Signal counts: buys=7872, sells=8272, conflicts=0
        Final trading_classes counts: buys=7872, sells=8272
        Trading distribution: [ 8272 53008  7872] [12.0%, 76.7%, 11.4%]
        %train_buy/%train_sell counts: buys=7872, sells=8272, holds=53008
    AVAX/USDT - adding indicators...
        Buy signals: found 3181 initial peaks, filtered to 3181 peaks with >=0.5% future gain
        Sell signals: found 2835 initial peaks, filtered to 2835 peaks with >=0.5% future loss
        Signal counts: buys=5253, sells=5133, conflicts=0
        Final trading_classes counts: buys=5253, sells=5133
        Trading distribution: [ 5133 58766  5253] [7.4%, 85.0%, 7.6%]
        %train_buy/%train_sell counts: buys=5253, sells=5133, holds=58766
    LTC/USDT - adding indicators...
        Buy signals: found 2624 initial peaks, filtered to 2624 peaks with >=0.5% future gain
        Sell signals: found 2327 initial peaks, filtered to 2327 peaks with >=0.5% future loss
        Signal counts: buys=4301, sells=4221, conflicts=0
        Final trading_classes counts: buys=4301, sells=4221
        Trading distribution: [ 4221 60630  4301] [6.1%, 87.7%, 6.2%]
        %train_buy/%train_sell counts: buys=4301, sells=4221, holds=60630
    BCH/USDT - adding indicators...
        Buy signals: found 3033 initial peaks, filtered to 3033 peaks with >=0.5% future gain
        Sell signals: found 2883 initial peaks, filtered to 2883 peaks with >=0.5% future loss
        Signal counts: buys=4742, sells=5225, conflicts=0
        Final trading_classes counts: buys=4742, sells=5225
        Trading distribution: [ 5225 59185  4742] [7.6%, 85.6%, 6.9%]
        %train_buy/%train_sell counts: buys=4742, sells=5225, holds=59185
    DOT/USDT - adding indicators...
        Buy signals: found 3212 initial peaks, filtered to 3212 peaks with >=0.5% future gain
        Sell signals: found 2860 initial peaks, filtered to 2860 peaks with >=0.5% future loss
        Signal counts: buys=5274, sells=5066, conflicts=0
        Final trading_classes counts: buys=5274, sells=5066
        Trading distribution: [ 5066 58812  5274] [7.3%, 85.0%, 7.6%]
        %train_buy/%train_sell counts: buys=5274, sells=5066, holds=58812
    NEO/USDT - adding indicators...
        Buy signals: found 3090 initial peaks, filtered to 3090 peaks with >=0.5% future gain
        Sell signals: found 3046 initial peaks, filtered to 3046 peaks with >=0.5% future loss
        Signal counts: buys=4545, sells=5318, conflicts=0
        Final trading_classes counts: buys=4545, sells=5318
        Trading distribution: [ 5318 59289  4545] [7.7%, 85.7%, 6.6%]
        %train_buy/%train_sell counts: buys=4545, sells=5318, holds=59289
    Training model on 13 pairs
    Main scaler loaded from /Users/philprice95/Documents/freqtrade/user_data/strategies/saved_data/
    PCA data loaded: n_components=20
    Columns exceeding ±10 before clipping: [('bb_width', -1.0001307528502497, 18.387945839670714)]
    GAN scaler A loaded from /Users/philprice95/Documents/freqtrade/user_data/strategies/saved_data/
      columns: ['bb_width', 'atr_norm', 'rsi_scaled', 'mfi_scaled', 'guard_metric_pos', 'guard_metric_neg', 'gain_norm', 'macdhist_norm', 'ema_fast_norm', 'macd_pos', 'macd_neg', 'fastk_scaled', 'fast_diff', 'adx_scaled', 'aroonosc_scaled', 'bb_position', 'vwap_pos', 'vwap_neg', 'di_diff_scaled', 'sar_ratio', 'spread_ma', 'cci_scaled', 'fisher_ss', 'cg_ss']
    balance_single_task: class counts {0: 7531, 1: 42312, 2: 5391} (gan_type=TAB_DDPM)
    balance_single_task: per-class additions {0: 9393, 2: 11533}
      discriminator filter: kept 9393/13419 synth samples for class 0 (reject_pct=0.30)
      generated 9393 samples for class 0
      discriminator filter: kept 11533/16476 synth samples for class 2 (reject_pct=0.30)
      generated 11533 samples for class 2
    balance_single_task: rows 55234 -> 76160; counts {0: 7531, 1: 42312, 2: 5391} -> {0: 16924, 1: 42312, 2: 16924}
    === GAN fidelity diagnostic (real vs synthetic) ===
      real rows:      55234    synth rows:      20926    features: 24
      task        cls     N_real      N_syn    |Δμ|max    σ_syn/σ_real  flag
      ----------------------------------------------------------------------
      class         0       7531       9393      0.51σ   0.56/ 1.11  ok
      class         1      42312          0          -               -  no synth
      class         2       5391      11533      0.41σ   0.63/ 1.10  ok

      worst features per bucket (top 2 by severity):
        class==0:
          guard_metric_neg      real μ= +0.012 σ= 0.084    syn μ= +0.055 σ= 0.163    Δμ=+0.51σ  σ_ratio=1.95
          bb_position           real μ= +0.556 σ= 0.342    syn μ= +0.393 σ= 0.409    Δμ=-0.48σ  σ_ratio=1.20
          macd_neg              real μ= +0.068 σ= 0.185    syn μ= +0.153 σ= 0.267    Δμ=+0.46σ  σ_ratio=1.44
        class==2:
          bb_width              real μ= -0.481 σ= 0.300    syn μ= -0.605 σ= 0.189    Δμ=-0.41σ  σ_ratio=0.63
          sar_ratio             real μ= +0.529 σ= 0.510    syn μ= +0.369 σ= 0.603    Δμ=-0.31σ  σ_ratio=1.18
          di_diff_scaled        real μ= -0.591 σ= 0.489    syn μ= -0.444 σ= 0.566    Δμ=+0.30σ  σ_ratio=1.16

    === Joint-distribution diagnostic (correlation matrix) ===
      task        cls  used_real   used_syn   |Δρ|max   |Δρ|mean  flag
      ----------------------------------------------------------------------
      class         0       7531       9393     0.211      0.058  ok
      class         2       5391      11533     0.235      0.052  ok

      worst feature PAIRS per bucket (top 2 by |Δρ|):
        class==2:
          guard_metric_pos   × bb_position         real ρ=+0.18  syn ρ=+0.42  Δρ=-0.23
          guard_metric_pos   × guard_metric_neg    real ρ=-0.26  syn ρ=-0.44  Δρ=+0.18
          fastk_scaled       × cci_scaled          real ρ=+0.52  syn ρ=+0.69  Δρ=-0.17
        class==0:
          rsi_scaled         × adx_scaled          real ρ=+0.48  syn ρ=+0.27  Δρ=+0.21
          guard_metric_neg   × cci_scaled          real ρ=-0.30  syn ρ=-0.51  Δρ=+0.21
          macd_neg           × cci_scaled          real ρ=-0.21  syn ρ=-0.42  Δρ=+0.21
    Columns exceeding ±10 before clipping: [('bb_width', -1.0001307528502497, 16.676458335376665)]
    balance_single_task: class counts {0: 3852, 1: 47824, 2: 3558} (gan_type=TAB_DDPM)
    balance_single_task: per-class additions {0: 15277, 2: 15571}
      discriminator filter: kept 15277/21825 synth samples for class 0 (reject_pct=0.30)
      generated 15277 samples for class 0
      discriminator filter: kept 15571/22245 synth samples for class 2 (reject_pct=0.30)
      generated 15571 samples for class 2
    balance_single_task: rows 55234 -> 86082; counts {0: 3852, 1: 47824, 2: 3558} -> {0: 19129, 1: 47824, 2: 19129}
    === GAN fidelity diagnostic (real vs synthetic) ===
      real rows:      55234    synth rows:      30848    features: 24
      task        cls     N_real      N_syn    |Δμ|max    σ_syn/σ_real  flag
      ----------------------------------------------------------------------
      class         0       3852      15277      2.24σ   0.68/ 1.47  OFF_DIST,joint_drift
      class         1      47824          0          -               -  no synth
      class         2       3558      15571      1.39σ   0.85/ 1.44  shifted,joint_drift

      worst features per bucket (top 2 by severity):
        class==0:
          guard_metric_neg      real μ= +0.002 σ= 0.026    syn μ= +0.062 σ= 0.171    Δμ=+2.24σ  σ_ratio=6.46
          vwap_pos              real μ= -0.927 σ= 0.270    syn μ= -0.728 σ= 0.535    Δμ=+0.73σ  σ_ratio=1.98
          bb_position           real μ= +0.600 σ= 0.305    syn μ= +0.398 σ= 0.429    Δμ=-0.66σ  σ_ratio=1.41
        class==2:
          guard_metric_pos      real μ= +0.002 σ= 0.026    syn μ= +0.039 σ= 0.128    Δμ=+1.39σ  σ_ratio=4.90
          vwap_neg              real μ= -0.944 σ= 0.238    syn μ= -0.736 σ= 0.524    Δμ=+0.87σ  σ_ratio=2.20
          bb_position           real μ= -0.654 σ= 0.279    syn μ= -0.450 σ= 0.393    Δμ=+0.73σ  σ_ratio=1.41

    === Joint-distribution diagnostic (correlation matrix) ===
      task        cls  used_real   used_syn   |Δρ|max   |Δρ|mean  flag
      ----------------------------------------------------------------------
      class         0       3852      15277     0.433      0.084  joint_drift
      class         2       3558      15571     0.336      0.074  joint_drift

      worst feature PAIRS per bucket (top 2 by |Δρ|):
        class==0:
          rsi_scaled         × guard_metric_neg    real ρ=-0.14  syn ρ=-0.57  Δρ=+0.43
          guard_metric_neg   × fastk_scaled        real ρ=-0.08  syn ρ=-0.46  Δρ=+0.38
          guard_metric_neg   × bb_position         real ρ=-0.17  syn ρ=-0.54  Δρ=+0.37
        class==2:
          rsi_scaled         × guard_metric_pos    real ρ=+0.14  syn ρ=+0.48  Δρ=-0.34
          guard_metric_pos   × bb_position         real ρ=+0.14  syn ρ=+0.46  Δρ=-0.31
          adx_scaled         × sar_ratio           real ρ=-0.33  syn ρ=-0.05  Δρ=-0.29
    Columns exceeding ±10 before clipping: [('bb_width', -1.0001307528502497, 13.172310832388956)]
    balance_single_task: class counts {0: 3320, 1: 48233, 2: 3681} (gan_type=TAB_DDPM)
    balance_single_task: per-class additions {0: 15973, 2: 15612}
      discriminator filter: kept 15973/22819 synth samples for class 0 (reject_pct=0.30)
      generated 15973 samples for class 0
      discriminator filter: kept 15612/22303 synth samples for class 2 (reject_pct=0.30)
      generated 15612 samples for class 2
    balance_single_task: rows 55234 -> 86819; counts {0: 3320, 1: 48233, 2: 3681} -> {0: 19293, 1: 48233, 2: 19293}
    === GAN fidelity diagnostic (real vs synthetic) ===
      real rows:      55234    synth rows:      31585    features: 24
      task        cls     N_real      N_syn    |Δμ|max    σ_syn/σ_real  flag
      ----------------------------------------------------------------------
      class         0       3320      15973      1.06σ   0.96/ 1.45  shifted,joint_drift
      class         1      48233          0          -               -  no synth
      class         2       3681      15612      1.33σ   1.00/ 1.47  shifted

      worst features per bucket (top 2 by severity):
        class==2:
          guard_metric_pos      real μ= +0.002 σ= 0.020    syn μ= +0.028 σ= 0.110    Δμ=+1.33σ  σ_ratio=5.58
          guard_metric_neg      real μ= +0.695 σ= 0.239    syn μ= +0.541 σ= 0.311    Δμ=-0.64σ  σ_ratio=1.30
          vwap_neg              real μ= -0.952 σ= 0.212    syn μ= -0.829 σ= 0.438    Δμ=+0.58σ  σ_ratio=2.07
        class==0:
          guard_metric_neg      real μ= +0.003 σ= 0.037    syn μ= +0.043 σ= 0.145    Δμ=+1.06σ  σ_ratio=3.93
          macd_neg              real μ= +0.025 σ= 0.103    syn μ= +0.111 σ= 0.239    Δμ=+0.84σ  σ_ratio=2.32
          vwap_pos              real μ= -0.956 σ= 0.212    syn μ= -0.778 σ= 0.486    Δμ=+0.84σ  σ_ratio=2.30

    === Joint-distribution diagnostic (correlation matrix) ===
      task        cls  used_real   used_syn   |Δρ|max   |Δρ|mean  flag
      ----------------------------------------------------------------------
      class         0       3320      15973     0.346      0.076  joint_drift
      class         2       3681      15612     0.284      0.064  ok

      worst feature PAIRS per bucket (top 2 by |Δρ|):
        class==0:
          rsi_scaled         × guard_metric_neg    real ρ=-0.17  syn ρ=-0.51  Δρ=+0.35
          macd_neg           × sar_ratio           real ρ=-0.05  syn ρ=+0.27  Δρ=-0.31
          guard_metric_neg   × fastk_scaled        real ρ=-0.12  syn ρ=-0.43  Δρ=+0.31
        class==2:
          rsi_scaled         × guard_metric_pos    real ρ=+0.15  syn ρ=+0.43  Δρ=-0.28
          guard_metric_pos   × bb_position         real ρ=+0.14  syn ρ=+0.42  Δρ=-0.28
          sar_ratio          × fisher_ss           real ρ=-0.45  syn ρ=-0.17  Δρ=-0.28
    Columns exceeding ±10 before clipping: [('bb_width', -1.0001307528502497, 10.021823762426383)]
    balance_single_task: class counts {0: 4584, 1: 46210, 2: 4440} (gan_type=TAB_DDPM)
    balance_single_task: per-class additions {0: 13900, 2: 14044}
      discriminator filter: kept 13900/19858 synth samples for class 0 (reject_pct=0.30)
      generated 13900 samples for class 0
      discriminator filter: kept 14044/20063 synth samples for class 2 (reject_pct=0.30)
      generated 14044 samples for class 2
    balance_single_task: rows 55234 -> 83178; counts {0: 4584, 1: 46210, 2: 4440} -> {0: 18484, 1: 46210, 2: 18484}
    === GAN fidelity diagnostic (real vs synthetic) ===
      real rows:      55234    synth rows:      27944    features: 24
      task        cls     N_real      N_syn    |Δμ|max    σ_syn/σ_real  flag
      ----------------------------------------------------------------------
      class         0       4584      13900      1.35σ   0.90/ 1.40  shifted,joint_drift
      class         1      46210          0          -               -  no synth
      class         2       4440      14044      1.27σ   0.89/ 1.39  shifted

      worst features per bucket (top 2 by severity):
        class==0:
          guard_metric_neg      real μ= +0.003 σ= 0.031    syn μ= +0.045 σ= 0.149    Δμ=+1.35σ  σ_ratio=4.89
          guard_metric_pos      real μ= +0.657 σ= 0.255    syn μ= +0.509 σ= 0.321    Δμ=-0.58σ  σ_ratio=1.26
          macd_neg              real μ= +0.035 σ= 0.129    syn μ= +0.109 σ= 0.239    Δμ=+0.57σ  σ_ratio=1.84
        class==2:
          guard_metric_pos      real μ= +0.002 σ= 0.021    syn μ= +0.028 σ= 0.110    Δμ=+1.27σ  σ_ratio=5.23
          guard_metric_neg      real μ= +0.684 σ= 0.245    syn μ= +0.539 σ= 0.314    Δμ=-0.59σ  σ_ratio=1.28
          bb_position           real μ= -0.653 σ= 0.283    syn μ= -0.501 σ= 0.385    Δμ=+0.54σ  σ_ratio=1.36

    === Joint-distribution diagnostic (correlation matrix) ===
      task        cls  used_real   used_syn   |Δρ|max   |Δρ|mean  flag
      ----------------------------------------------------------------------
      class         0       4584      13900     0.370      0.080  joint_drift
      class         2       4440      14044     0.288      0.058  ok

      worst feature PAIRS per bucket (top 2 by |Δρ|):
        class==0:
          rsi_scaled         × guard_metric_neg    real ρ=-0.15  syn ρ=-0.52  Δρ=+0.37
          guard_metric_neg   × fastk_scaled        real ρ=-0.09  syn ρ=-0.44  Δρ=+0.35
          guard_metric_neg   × bb_position         real ρ=-0.17  syn ρ=-0.51  Δρ=+0.34
        class==2:
          rsi_scaled         × guard_metric_pos    real ρ=+0.14  syn ρ=+0.43  Δρ=-0.29
          guard_metric_pos   × cci_scaled          real ρ=+0.18  syn ρ=+0.42  Δρ=-0.24
          guard_metric_pos   × bb_position         real ρ=+0.18  syn ρ=+0.42  Δρ=-0.24
    Columns exceeding ±10 before clipping: [('bb_width', -1.0001307528502497, 15.26941264658338)]
    balance_single_task: class counts {0: 6416, 1: 42864, 2: 5954} (gan_type=TAB_DDPM)
    balance_single_task: per-class additions {0: 10729, 2: 11191}
      discriminator filter: kept 10729/15328 synth samples for class 0 (reject_pct=0.30)
      generated 10729 samples for class 0
      discriminator filter: kept 11191/15988 synth samples for class 2 (reject_pct=0.30)
      generated 11191 samples for class 2
    balance_single_task: rows 55234 -> 77154; counts {0: 6416, 1: 42864, 2: 5954} -> {0: 17145, 1: 42864, 2: 17145}
    === GAN fidelity diagnostic (real vs synthetic) ===
      real rows:      55234    synth rows:      21920    features: 24
      task        cls     N_real      N_syn    |Δμ|max    σ_syn/σ_real  flag
      ----------------------------------------------------------------------
      class         0       6416      10729      0.59σ   0.98/ 1.24  ok
      class         1      42864          0          -               -  no synth
      class         2       5954      11191      0.67σ   0.87/ 1.24  ok

      worst features per bucket (top 2 by severity):
        class==2:
          guard_metric_pos      real μ= +0.004 σ= 0.031    syn μ= +0.024 σ= 0.100    Δμ=+0.67σ  σ_ratio=3.26
          fastk_scaled          real μ= -0.704 σ= 0.387    syn μ= -0.531 σ= 0.508    Δμ=+0.45σ  σ_ratio=1.31
          vwap_neg              real μ= -0.933 σ= 0.249    syn μ= -0.823 σ= 0.447    Δμ=+0.44σ  σ_ratio=1.79
        class==0:
          guard_metric_neg      real μ= +0.006 σ= 0.045    syn μ= +0.032 σ= 0.128    Δμ=+0.59σ  σ_ratio=2.83
          fastk_scaled          real μ= +0.694 σ= 0.404    syn μ= +0.513 σ= 0.545    Δμ=-0.45σ  σ_ratio=1.35
          macd_neg              real μ= +0.040 σ= 0.132    syn μ= +0.091 σ= 0.215    Δμ=+0.39σ  σ_ratio=1.63

    === Joint-distribution diagnostic (correlation matrix) ===
      task        cls  used_real   used_syn   |Δρ|max   |Δρ|mean  flag
      ----------------------------------------------------------------------
      class         0       6416      10729     0.245      0.058  ok
      class         2       5954      11191     0.252      0.056  ok

      worst feature PAIRS per bucket (top 2 by |Δρ|):
        class==2:
          guard_metric_pos   × bb_position         real ρ=+0.17  syn ρ=+0.42  Δρ=-0.25
          rsi_scaled         × guard_metric_pos    real ρ=+0.15  syn ρ=+0.40  Δρ=-0.25
          guard_metric_pos   × cci_scaled          real ρ=+0.17  syn ρ=+0.41  Δρ=-0.24
        class==0:
          rsi_scaled         × guard_metric_neg    real ρ=-0.21  syn ρ=-0.46  Δρ=+0.24
          macd_neg           × sar_ratio           real ρ=+0.02  syn ρ=+0.25  Δρ=-0.23
          macd_pos           × sar_ratio           real ρ=-0.02  syn ρ=-0.24  Δρ=+0.22
    Columns exceeding ±10 before clipping: [('bb_width', -1.0001307528502497, 15.76205569340843)]
    balance_single_task: class counts {0: 5994, 1: 43993, 2: 5247} (gan_type=TAB_DDPM)
    balance_single_task: per-class additions {0: 11603, 2: 12350}
      discriminator filter: kept 11603/16576 synth samples for class 0 (reject_pct=0.30)
      generated 11603 samples for class 0
      discriminator filter: kept 12350/17643 synth samples for class 2 (reject_pct=0.30)
      generated 12350 samples for class 2
    balance_single_task: rows 55234 -> 79187; counts {0: 5994, 1: 43993, 2: 5247} -> {0: 17597, 1: 43993, 2: 17597}
    === GAN fidelity diagnostic (real vs synthetic) ===
      real rows:      55234    synth rows:      23953    features: 24
      task        cls     N_real      N_syn    |Δμ|max    σ_syn/σ_real  flag
      ----------------------------------------------------------------------
      class         0       5994      11603      0.68σ   0.92/ 1.25  ok
      class         1      43993          0          -               -  no synth
      class         2       5247      12350      0.65σ   0.96/ 1.22  ok

      worst features per bucket (top 2 by severity):
        class==0:
          guard_metric_neg      real μ= +0.005 σ= 0.048    syn μ= +0.038 σ= 0.139    Δμ=+0.68σ  σ_ratio=2.90
          vwap_pos              real μ= -0.925 σ= 0.287    syn μ= -0.785 σ= 0.482    Δμ=+0.49σ  σ_ratio=1.68
          fastk_scaled          real μ= +0.697 σ= 0.398    syn μ= +0.506 σ= 0.546    Δμ=-0.48σ  σ_ratio=1.37
        class==2:
          guard_metric_pos      real μ= +0.004 σ= 0.035    syn μ= +0.026 σ= 0.106    Δμ=+0.65σ  σ_ratio=3.06
          fastk_scaled          real μ= -0.715 σ= 0.396    syn μ= -0.525 σ= 0.515    Δμ=+0.48σ  σ_ratio=1.30
          bb_position           real μ= -0.622 σ= 0.297    syn μ= -0.495 σ= 0.389    Δμ=+0.43σ  σ_ratio=1.31

    === Joint-distribution diagnostic (correlation matrix) ===
      task        cls  used_real   used_syn   |Δρ|max   |Δρ|mean  flag
      ----------------------------------------------------------------------
      class         0       5994      11603     0.262      0.066  ok
      class         2       5247      12350     0.264      0.055  ok

      worst feature PAIRS per bucket (top 2 by |Δρ|):
        class==0:
          rsi_scaled         × guard_metric_neg    real ρ=-0.23  syn ρ=-0.50  Δρ=+0.26
          guard_metric_neg   × bb_position         real ρ=-0.23  syn ρ=-0.47  Δρ=+0.24
          guard_metric_neg   × di_diff_scaled      real ρ=-0.13  syn ρ=-0.36  Δρ=+0.23
        class==2:
          rsi_scaled         × guard_metric_pos    real ρ=+0.15  syn ρ=+0.42  Δρ=-0.26
          guard_metric_pos   × bb_position         real ρ=+0.17  syn ρ=+0.43  Δρ=-0.26
          guard_metric_pos   × cci_scaled          real ρ=+0.17  syn ρ=+0.42  Δρ=-0.25
    Columns exceeding ±10 before clipping: [('bb_width', -1.0001307528502497, 34.81767015448198)]
    balance_single_task: class counts {0: 4825, 1: 46803, 2: 3678} (gan_type=TAB_DDPM)
    balance_single_task: per-class additions {0: 13896, 2: 15043}
      discriminator filter: kept 13896/19852 synth samples for class 0 (reject_pct=0.30)
      generated 13896 samples for class 0
      discriminator filter: kept 15043/21491 synth samples for class 2 (reject_pct=0.30)
      generated 15043 samples for class 2
    balance_single_task: rows 55306 -> 84245; counts {0: 4825, 1: 46803, 2: 3678} -> {0: 18721, 1: 46803, 2: 18721}
    === GAN fidelity diagnostic (real vs synthetic) ===
      real rows:      55306    synth rows:      28939    features: 24
      task        cls     N_real      N_syn    |Δμ|max    σ_syn/σ_real  flag
      ----------------------------------------------------------------------
      class         0       4825      13896      0.47σ   0.49/ 1.06  ok
      class         1      46803          0          -               -  no synth
      class         2       3678      15043      0.52σ   0.58/ 1.05  joint_drift

      worst features per bucket (top 2 by severity):
        class==0:
          rsi_scaled            real μ= +0.342 σ= 0.294    syn μ= +0.204 σ= 0.278    Δμ=-0.47σ  σ_ratio=0.95
          bb_width              real μ= -0.426 σ= 0.380    syn μ= -0.604 σ= 0.185    Δμ=-0.47σ  σ_ratio=0.49
          guard_metric_pos      real μ= +0.597 σ= 0.298    syn μ= +0.477 σ= 0.332    Δμ=-0.40σ  σ_ratio=1.11
        class==2:
          fastk_scaled          real μ= -0.741 σ= 0.415    syn μ= -0.526 σ= 0.519    Δμ=+0.52σ  σ_ratio=1.25
          bb_width              real μ= -0.458 σ= 0.324    syn μ= -0.601 σ= 0.189    Δμ=-0.44σ  σ_ratio=0.58
          rsi_scaled            real μ= -0.377 σ= 0.293    syn μ= -0.267 σ= 0.259    Δμ=+0.38σ  σ_ratio=0.89

    === Joint-distribution diagnostic (correlation matrix) ===
      task        cls  used_real   used_syn   |Δρ|max   |Δρ|mean  flag
      ----------------------------------------------------------------------
      class         0       4825      13896     0.240      0.068  ok
      class         2       3678      15043     0.343      0.065  joint_drift

      worst feature PAIRS per bucket (top 2 by |Δρ|):
        class==2:
          bb_width           × adx_scaled          real ρ=-0.12  syn ρ=+0.22  Δρ=-0.34
          guard_metric_pos   × bb_position         real ρ=+0.23  syn ρ=+0.46  Δρ=-0.23
          guard_metric_neg   × macdhist_norm       real ρ=-0.09  syn ρ=-0.31  Δρ=+0.22
        class==0:
          rsi_scaled         × adx_scaled          real ρ=+0.47  syn ρ=+0.23  Δρ=+0.24
          bb_width           × adx_scaled          real ρ=-0.03  syn ρ=+0.19  Δρ=-0.22
          guard_metric_neg   × cci_scaled          real ρ=-0.31  syn ρ=-0.52  Δρ=+0.21
    Columns exceeding ±10 before clipping: [('bb_width', -1.0001307528502497, 13.282909868321585)]
    balance_single_task: class counts {0: 7206, 1: 41195, 2: 6905} (gan_type=TAB_DDPM)
    balance_single_task: per-class additions {0: 9272, 2: 9573}
      discriminator filter: kept 9272/13246 synth samples for class 0 (reject_pct=0.30)
      generated 9272 samples for class 0
      discriminator filter: kept 9573/13676 synth samples for class 2 (reject_pct=0.30)
      generated 9573 samples for class 2
    balance_single_task: rows 55306 -> 74151; counts {0: 7206, 1: 41195, 2: 6905} -> {0: 16478, 1: 41195, 2: 16478}
    === GAN fidelity diagnostic (real vs synthetic) ===
      real rows:      55306    synth rows:      18845    features: 24
      task        cls     N_real      N_syn    |Δμ|max    σ_syn/σ_real  flag
      ----------------------------------------------------------------------
      class         0       7206       9272      1.43σ   0.83/ 1.32  shifted,joint_drift
      class         1      41195          0          -               -  no synth
      class         2       6905       9573      0.75σ   0.94/ 1.26  ok

      worst features per bucket (top 2 by severity):
        class==0:
          guard_metric_neg      real μ= +0.005 σ= 0.040    syn μ= +0.062 σ= 0.169    Δμ=+1.43σ  σ_ratio=4.20
          bb_position           real μ= +0.598 σ= 0.309    syn μ= +0.386 σ= 0.418    Δμ=-0.69σ  σ_ratio=1.35
          cci_scaled            real μ= +0.520 σ= 0.283    syn μ= +0.339 σ= 0.368    Δμ=-0.64σ  σ_ratio=1.30
        class==2:
          guard_metric_pos      real μ= +0.004 σ= 0.032    syn μ= +0.028 σ= 0.111    Δμ=+0.75σ  σ_ratio=3.43
          bb_position           real μ= -0.630 σ= 0.293    syn μ= -0.505 σ= 0.383    Δμ=+0.43σ  σ_ratio=1.31
          cci_scaled            real μ= -0.546 σ= 0.274    syn μ= -0.432 σ= 0.342    Δμ=+0.42σ  σ_ratio=1.25

    === Joint-distribution diagnostic (correlation matrix) ===
      task        cls  used_real   used_syn   |Δρ|max   |Δρ|mean  flag
      ----------------------------------------------------------------------
      class         0       7206       9272     0.385      0.087  joint_drift
      class         2       6905       9573     0.270      0.054  ok

      worst feature PAIRS per bucket (top 2 by |Δρ|):
        class==0:
          rsi_scaled         × guard_metric_neg    real ρ=-0.17  syn ρ=-0.55  Δρ=+0.38
          guard_metric_neg   × bb_position         real ρ=-0.20  syn ρ=-0.54  Δρ=+0.34
          guard_metric_neg   × vwap_pos            real ρ=+0.15  syn ρ=+0.46  Δρ=-0.32
        class==2:
          rsi_scaled         × guard_metric_pos    real ρ=+0.17  syn ρ=+0.44  Δρ=-0.27
          bb_width           × sar_ratio           real ρ=-0.19  syn ρ=+0.02  Δρ=-0.21
          guard_metric_pos   × cci_scaled          real ρ=+0.21  syn ρ=+0.41  Δρ=-0.19
    Columns exceeding ±10 before clipping: [('bb_width', -1.0001307528502497, 13.671443881083967)]
    balance_single_task: class counts {0: 4637, 1: 45879, 2: 4790} (gan_type=TAB_DDPM)
    balance_single_task: per-class additions {0: 13714, 2: 13561}
      discriminator filter: kept 13714/19592 synth samples for class 0 (reject_pct=0.30)
      generated 13714 samples for class 0
      discriminator filter: kept 13561/19373 synth samples for class 2 (reject_pct=0.30)
      generated 13561 samples for class 2
    balance_single_task: rows 55306 -> 82581; counts {0: 4637, 1: 45879, 2: 4790} -> {0: 18351, 1: 45879, 2: 18351}
    === GAN fidelity diagnostic (real vs synthetic) ===
      real rows:      55306    synth rows:      27275    features: 24
      task        cls     N_real      N_syn    |Δμ|max    σ_syn/σ_real  flag
      ----------------------------------------------------------------------
      class         0       4637      13714      1.07σ   0.98/ 1.40  shifted,joint_drift
      class         1      45879          0          -               -  no synth
      class         2       4790      13561      1.17σ   0.94/ 1.40  shifted

      worst features per bucket (top 2 by severity):
        class==2:
          guard_metric_pos      real μ= +0.002 σ= 0.023    syn μ= +0.028 σ= 0.110    Δμ=+1.17σ  σ_ratio=4.85
          guard_metric_neg      real μ= +0.685 σ= 0.240    syn μ= +0.540 σ= 0.314    Δμ=-0.61σ  σ_ratio=1.31
          bb_position           real μ= -0.666 σ= 0.279    syn μ= -0.500 σ= 0.383    Δμ=+0.59σ  σ_ratio=1.37
        class==0:
          guard_metric_neg      real μ= +0.004 σ= 0.036    syn μ= +0.043 σ= 0.144    Δμ=+1.07σ  σ_ratio=3.96
          macd_neg              real μ= +0.028 σ= 0.112    syn μ= +0.110 σ= 0.239    Δμ=+0.73σ  σ_ratio=2.14
          vwap_pos              real μ= -0.947 σ= 0.236    syn μ= -0.780 σ= 0.485    Δμ=+0.71σ  σ_ratio=2.05

    === Joint-distribution diagnostic (correlation matrix) ===
      task        cls  used_real   used_syn   |Δρ|max   |Δρ|mean  flag
      ----------------------------------------------------------------------
      class         0       4637      13714     0.336      0.077  joint_drift
      class         2       4790      13561     0.295      0.059  ok

      worst feature PAIRS per bucket (top 2 by |Δρ|):
        class==0:
          rsi_scaled         × guard_metric_neg    real ρ=-0.17  syn ρ=-0.51  Δρ=+0.34
          macd_neg           × sar_ratio           real ρ=-0.02  syn ρ=+0.26  Δρ=-0.29
          guard_metric_neg   × bb_position         real ρ=-0.22  syn ρ=-0.50  Δρ=+0.28
        class==2:
          rsi_scaled         × guard_metric_pos    real ρ=+0.13  syn ρ=+0.43  Δρ=-0.30
          cci_scaled         × fisher_ss           real ρ=+0.40  syn ρ=+0.15  Δρ=+0.25
          guard_metric_pos   × bb_position         real ρ=+0.17  syn ρ=+0.41  Δρ=-0.24
    Columns exceeding ±10 before clipping: [('bb_width', -1.0001307528502497, 19.190928111705656)]
    balance_single_task: class counts {0: 3686, 1: 47862, 2: 3758} (gan_type=TAB_DDPM)
    balance_single_task: per-class additions {0: 15458, 2: 15386}
      discriminator filter: kept 15458/22083 synth samples for class 0 (reject_pct=0.30)
      generated 15458 samples for class 0
      discriminator filter: kept 15386/21981 synth samples for class 2 (reject_pct=0.30)
      generated 15386 samples for class 2
    balance_single_task: rows 55306 -> 86150; counts {0: 3686, 1: 47862, 2: 3758} -> {0: 19144, 1: 47862, 2: 19144}
    === GAN fidelity diagnostic (real vs synthetic) ===
      real rows:      55306    synth rows:      30844    features: 24
      task        cls     N_real      N_syn    |Δμ|max    σ_syn/σ_real  flag
      ----------------------------------------------------------------------
      class         0       3686      15458      0.66σ   0.89/ 1.26  ok
      class         1      47862          0          -               -  no synth
      class         2       3758      15386      1.15σ   0.86/ 1.38  shifted,joint_drift

      worst features per bucket (top 2 by severity):
        class==2:
          guard_metric_pos      real μ= +0.002 σ= 0.021    syn μ= +0.026 σ= 0.106    Δμ=+1.15σ  σ_ratio=4.98
          bb_position           real μ= -0.652 σ= 0.282    syn μ= -0.505 σ= 0.380    Δμ=+0.52σ  σ_ratio=1.35
          vwap_neg              real μ= -0.946 σ= 0.233    syn μ= -0.827 σ= 0.443    Δμ=+0.51σ  σ_ratio=1.91
        class==0:
          guard_metric_neg      real μ= +0.004 σ= 0.037    syn μ= +0.029 σ= 0.117    Δμ=+0.66σ  σ_ratio=3.14
          adx_scaled            real μ= +0.011 σ= 0.370    syn μ= +0.146 σ= 0.455    Δμ=+0.36σ  σ_ratio=1.23
          macd_pos              real μ= +0.711 σ= 0.365    syn μ= +0.592 σ= 0.399    Δμ=-0.33σ  σ_ratio=1.09

    === Joint-distribution diagnostic (correlation matrix) ===
      task        cls  used_real   used_syn   |Δρ|max   |Δρ|mean  flag
      ----------------------------------------------------------------------
      class         0       3686      15458     0.264      0.064  ok
      class         2       3758      15386     0.315      0.064  joint_drift

      worst feature PAIRS per bucket (top 2 by |Δρ|):
        class==2:
          rsi_scaled         × guard_metric_pos    real ρ=+0.11  syn ρ=+0.42  Δρ=-0.32
          guard_metric_pos   × bb_position         real ρ=+0.10  syn ρ=+0.40  Δρ=-0.30
          guard_metric_pos   × cci_scaled          real ρ=+0.13  syn ρ=+0.40  Δρ=-0.27
        class==0:
          rsi_scaled         × guard_metric_neg    real ρ=-0.18  syn ρ=-0.44  Δρ=+0.26
          adx_scaled         × sar_ratio           real ρ=+0.27  syn ρ=+0.01  Δρ=+0.26
          guard_metric_neg   × fastk_scaled        real ρ=-0.12  syn ρ=-0.37  Δρ=+0.25
    Columns exceeding ±10 before clipping: [('bb_width', -1.0001307528502497, 10.502415466485646)]
    balance_single_task: class counts {0: 4565, 1: 46674, 2: 4067} (gan_type=TAB_DDPM)
    balance_single_task: per-class additions {0: 14104, 2: 14602}
      discriminator filter: kept 14104/20149 synth samples for class 0 (reject_pct=0.30)
      generated 14104 samples for class 0
      discriminator filter: kept 14602/20861 synth samples for class 2 (reject_pct=0.30)
      generated 14602 samples for class 2
    balance_single_task: rows 55306 -> 84012; counts {0: 4565, 1: 46674, 2: 4067} -> {0: 18669, 1: 46674, 2: 18669}
    === GAN fidelity diagnostic (real vs synthetic) ===
      real rows:      55306    synth rows:      28706    features: 24
      task        cls     N_real      N_syn    |Δμ|max    σ_syn/σ_real  flag
      ----------------------------------------------------------------------
      class         0       4565      14104      0.59σ   0.92/ 1.22  ok
      class         1      46674          0          -               -  no synth
      class         2       4067      14602      0.62σ   0.96/ 1.21  ok

      worst features per bucket (top 2 by severity):
        class==0:
          guard_metric_neg      real μ= +0.008 σ= 0.057    syn μ= +0.042 σ= 0.145    Δμ=+0.59σ  σ_ratio=2.54
          macd_neg              real μ= +0.042 σ= 0.135    syn μ= +0.103 σ= 0.230    Δμ=+0.45σ  σ_ratio=1.70
          vwap_pos              real μ= -0.916 σ= 0.306    syn μ= -0.782 σ= 0.492    Δμ=+0.44σ  σ_ratio=1.61
        class==2:
          guard_metric_pos      real μ= +0.005 σ= 0.044    syn μ= +0.033 σ= 0.121    Δμ=+0.62σ  σ_ratio=2.72
          vwap_pos              real μ= +0.483 σ= 0.707    syn μ= +0.119 σ= 0.819    Δμ=-0.52σ  σ_ratio=1.16
          vwap_neg              real μ= -0.926 σ= 0.286    syn μ= -0.795 σ= 0.472    Δμ=+0.46σ  σ_ratio=1.65

    === Joint-distribution diagnostic (correlation matrix) ===
      task        cls  used_real   used_syn   |Δρ|max   |Δρ|mean  flag
      ----------------------------------------------------------------------
      class         0       4565      14104     0.276      0.063  ok
      class         2       4067      14602     0.239      0.052  ok

      worst feature PAIRS per bucket (top 2 by |Δρ|):
        class==0:
          rsi_scaled         × guard_metric_neg    real ρ=-0.25  syn ρ=-0.53  Δρ=+0.28
          macd_neg           × di_diff_scaled      real ρ=-0.20  syn ρ=-0.46  Δρ=+0.25
          guard_metric_neg   × di_diff_scaled      real ρ=-0.11  syn ρ=-0.36  Δρ=+0.25
        class==2:
          rsi_scaled         × guard_metric_pos    real ρ=+0.22  syn ρ=+0.46  Δρ=-0.24
          guard_metric_pos   × cci_scaled          real ρ=+0.23  syn ρ=+0.43  Δρ=-0.20
          guard_metric_pos   × guard_metric_neg    real ρ=-0.26  syn ρ=-0.46  Δρ=+0.19
    Columns exceeding ±10 before clipping: [('bb_width', -1.0001307528502497, 13.56570241164032)]
    balance_single_task: class counts {0: 4049, 1: 47009, 2: 4248} (gan_type=TAB_DDPM)
    balance_single_task: per-class additions {0: 14754, 2: 14555}
      discriminator filter: kept 14754/21078 synth samples for class 0 (reject_pct=0.30)
      generated 14754 samples for class 0
      discriminator filter: kept 14555/20793 synth samples for class 2 (reject_pct=0.30)
      generated 14555 samples for class 2
    balance_single_task: rows 55306 -> 84615; counts {0: 4049, 1: 47009, 2: 4248} -> {0: 18803, 1: 47009, 2: 18803}
    === GAN fidelity diagnostic (real vs synthetic) ===
      real rows:      55306    synth rows:      29309    features: 24
      task        cls     N_real      N_syn    |Δμ|max    σ_syn/σ_real  flag
      ----------------------------------------------------------------------
      class         0       4049      14754      1.11σ   0.96/ 1.36  shifted,joint_drift
      class         1      47009          0          -               -  no synth
      class         2       4248      14555      0.83σ   0.84/ 1.29  ok

      worst features per bucket (top 2 by severity):
        class==0:
          guard_metric_neg      real μ= +0.004 σ= 0.036    syn μ= +0.044 σ= 0.149    Δμ=+1.11σ  σ_ratio=4.09
          macd_neg              real μ= +0.034 σ= 0.121    syn μ= +0.109 σ= 0.236    Δμ=+0.62σ  σ_ratio=1.95
          vwap_pos              real μ= -0.933 σ= 0.255    syn μ= -0.776 σ= 0.491    Δμ=+0.62σ  σ_ratio=1.93
        class==2:
          guard_metric_pos      real μ= +0.003 σ= 0.030    syn μ= +0.028 σ= 0.110    Δμ=+0.83σ  σ_ratio=3.66
          bb_position           real μ= -0.641 σ= 0.294    syn μ= -0.497 σ= 0.386    Δμ=+0.49σ  σ_ratio=1.31
          guard_metric_neg      real μ= +0.659 σ= 0.255    syn μ= +0.537 σ= 0.313    Δμ=-0.48σ  σ_ratio=1.23

    === Joint-distribution diagnostic (correlation matrix) ===
      task        cls  used_real   used_syn   |Δρ|max   |Δρ|mean  flag
      ----------------------------------------------------------------------
      class         0       4049      14754     0.360      0.074  joint_drift
      class         2       4248      14555     0.267      0.051  ok

      worst feature PAIRS per bucket (top 2 by |Δρ|):
        class==0:
          rsi_scaled         × guard_metric_neg    real ρ=-0.17  syn ρ=-0.53  Δρ=+0.36
          guard_metric_neg   × fastk_scaled        real ρ=-0.13  syn ρ=-0.44  Δρ=+0.31
          guard_metric_neg   × bb_position         real ρ=-0.19  syn ρ=-0.50  Δρ=+0.31
        class==2:
          rsi_scaled         × guard_metric_pos    real ρ=+0.16  syn ρ=+0.43  Δρ=-0.27
          guard_metric_pos   × cci_scaled          real ρ=+0.19  syn ρ=+0.41  Δρ=-0.22
          guard_metric_pos   × bb_position         real ρ=+0.20  syn ρ=+0.42  Δρ=-0.22
    Columns exceeding ±10 before clipping: [('bb_width', -1.0001307528502497, 98.36947836360874)]
    balance_single_task: class counts {0: 4827, 1: 46520, 2: 3959} (gan_type=TAB_DDPM)
    balance_single_task: per-class additions {0: 13781, 2: 14649}
      discriminator filter: kept 13781/19688 synth samples for class 0 (reject_pct=0.30)
      generated 13781 samples for class 0
      discriminator filter: kept 14649/20928 synth samples for class 2 (reject_pct=0.30)
      generated 14649 samples for class 2
    balance_single_task: rows 55306 -> 83736; counts {0: 4827, 1: 46520, 2: 3959} -> {0: 18608, 1: 46520, 2: 18608}
    === GAN fidelity diagnostic (real vs synthetic) ===
      real rows:      55306    synth rows:      28430    features: 24
      task        cls     N_real      N_syn    |Δμ|max    σ_syn/σ_real  flag
      ----------------------------------------------------------------------
      class         0       4827      13781      0.56σ   0.73/ 1.11  ok
      class         1      46520          0          -               -  no synth
      class         2       3959      14649      0.47σ   0.68/ 1.05  ok

      worst features per bucket (top 2 by severity):
        class==0:
          macd_neg              real μ= +0.051 σ= 0.156    syn μ= +0.138 σ= 0.263    Δμ=+0.56σ  σ_ratio=1.69
          rsi_scaled            real μ= +0.347 σ= 0.277    syn μ= +0.200 σ= 0.280    Δμ=-0.53σ  σ_ratio=1.01
          bb_position           real μ= +0.561 σ= 0.341    syn μ= +0.398 σ= 0.427    Δμ=-0.48σ  σ_ratio=1.25
        class==2:
          rsi_scaled            real μ= -0.401 σ= 0.295    syn μ= -0.263 σ= 0.254    Δμ=+0.47σ  σ_ratio=0.86
          adx_scaled            real μ= +0.359 σ= 0.476    syn μ= +0.160 σ= 0.462    Δμ=-0.42σ  σ_ratio=0.97
          fastk_scaled          real μ= -0.714 σ= 0.433    syn μ= -0.535 σ= 0.505    Δμ=+0.41σ  σ_ratio=1.17

    === Joint-distribution diagnostic (correlation matrix) ===
      task        cls  used_real   used_syn   |Δρ|max   |Δρ|mean  flag
      ----------------------------------------------------------------------
      class         0       4827      13781     0.255      0.067  ok
      class         2       3959      14649     0.227      0.054  ok

      worst feature PAIRS per bucket (top 2 by |Δρ|):
        class==0:
          macd_pos           × di_diff_scaled      real ρ=+0.27  syn ρ=+0.53  Δρ=-0.25
          di_diff_scaled     × cci_scaled          real ρ=+0.40  syn ρ=+0.62  Δρ=-0.22
          macd_pos           × cci_scaled          real ρ=+0.24  syn ρ=+0.45  Δρ=-0.22
        class==2:
          guard_metric_pos   × fastk_scaled        real ρ=+0.05  syn ρ=+0.28  Δρ=-0.23
          bb_width           × atr_norm            real ρ=+0.32  syn ρ=+0.11  Δρ=+0.22
          fastk_scaled       × cci_scaled          real ρ=+0.45  syn ρ=+0.67  Δρ=-0.21
    MLX model not found (/Users/philprice95/Documents/freqtrade/user_data/strategies/saved_data/NNNC_DDPM_MLX_LSTM/NNNC_DDPM_MLX_LSTM.safetensors)...
    MLX model created.  Parameters: 12,483

    Training MLX model: NNNC_DDPM_MLX_LSTM
    train: (1068070, 16, 24)  test: (179890, 16, 24)
    batch_size: 2048  max_epochs: 100
    grad clip (global L2 norm): 1.0
    Epoch   1/100 — loss: 0.5444  val_loss: 0.3803  val_precision: 0.4143  val_f1_class_2: 0.5045  val_mcc: 0.4927  clips:40
    ✓ Best model saved  (val_mcc: 0.4927)
    Epoch   2/100 — loss: 0.3597  val_loss: 0.3504  val_precision: 0.4179  val_f1_class_2: 0.5341  val_mcc: 0.5281  clips:3
    ✓ Best model saved  (val_mcc: 0.5281)
    Epoch   3/100 — loss: 0.3311  val_loss: 0.3382  val_precision: 0.4224  val_f1_class_2: 0.5427  val_mcc: 0.5385
    ✓ Best model saved  (val_mcc: 0.5385)
    Epoch   4/100 — loss: 0.3184  val_loss: 0.3319  val_precision: 0.4262  val_f1_class_2: 0.5475  val_mcc: 0.5423
    ✓ Best model saved  (val_mcc: 0.5423)
    Epoch   5/100 — loss: 0.3097  val_loss: 0.3283  val_precision: 0.4276  val_f1_class_2: 0.5503  val_mcc: 0.5453
    ✓ Best model saved  (val_mcc: 0.5453)
    Epoch   6/100 — loss: 0.3045  val_loss: 0.3258  val_precision: 0.4243  val_f1_class_2: 0.5529  val_mcc: 0.5507
    ✓ Best model saved  (val_mcc: 0.5507)
    Epoch   7/100 — loss: 0.2999  val_loss: 0.3238  val_precision: 0.4236  val_f1_class_2: 0.5540  val_mcc: 0.5515  clips:1
    ✓ Best model saved  (val_mcc: 0.5515)
    Epoch   8/100 — loss: 0.2961  val_loss: 0.3219  val_precision: 0.4390  val_f1_class_2: 0.5567  val_mcc: 0.5496  clips:1
    Epoch   9/100 — loss: 0.2930  val_loss: 0.3209  val_precision: 0.4305  val_f1_class_2: 0.5575  val_mcc: 0.5549
    ✓ Best model saved  (val_mcc: 0.5549)
    Epoch  10/100 — loss: 0.2907  val_loss: 0.3191  val_precision: 0.4295  val_f1_class_2: 0.5571  val_mcc: 0.5542
    Epoch  11/100 — loss: 0.2881  val_loss: 0.3185  val_precision: 0.4365  val_f1_class_2: 0.5590  val_mcc: 0.5552
    ✓ Best model saved  (val_mcc: 0.5552)
    Epoch  12/100 — loss: 0.2863  val_loss: 0.3171  val_precision: 0.4400  val_f1_class_2: 0.5613  val_mcc: 0.5561
    ✓ Best model saved  (val_mcc: 0.5561)
    Epoch  13/100 — loss: 0.2846  val_loss: 0.3165  val_precision: 0.4495  val_f1_class_2: 0.5613  val_mcc: 0.5556
    Epoch  14/100 — loss: 0.2830  val_loss: 0.3159  val_precision: 0.4374  val_f1_class_2: 0.5622  val_mcc: 0.5587
    ✓ Best model saved  (val_mcc: 0.5587)
    Epoch  15/100 — loss: 0.2815  val_loss: 0.3153  val_precision: 0.4436  val_f1_class_2: 0.5617  val_mcc: 0.5569
    Epoch  16/100 — loss: 0.2807  val_loss: 0.3155  val_precision: 0.4316  val_f1_class_2: 0.5617  val_mcc: 0.5594  clips:2
    ✓ Best model saved  (val_mcc: 0.5594)
    Epoch  17/100 — loss: 0.2797  val_loss: 0.3149  val_precision: 0.4375  val_f1_class_2: 0.5638  val_mcc: 0.5582  clips:22026-05-29 09:55:42,099 - freqtrade.optimize.backtesting - INFO - Backtesting with data from 2024-06-08 00:00:00 up to 2026-05-28 15:45:00 (719 days).

    Epoch  18/100 — loss: 0.2787  val_loss: 0.3138  val_precision: 0.4422  val_f1_class_2: 0.5647  val_mcc: 0.5611  clips:1
    ✓ Best model saved  (val_mcc: 0.5611)
    Epoch  19/100 — loss: 0.2773  val_loss: 0.3136  val_precision: 0.4482  val_f1_class_2: 0.5661  val_mcc: 0.5602  clips:2
    Epoch  20/100 — loss: 0.2763  val_loss: 0.3125  val_precision: 0.4528  val_f1_class_2: 0.5656  val_mcc: 0.5582  clips:2
    Epoch  21/100 — loss: 0.2756  val_loss: 0.3123  val_precision: 0.4461  val_f1_class_2: 0.5661  val_mcc: 0.5607
    Epoch  22/100 — loss: 0.2747  val_loss: 0.3121  val_precision: 0.4457  val_f1_class_2: 0.5656  val_mcc: 0.5588  clips:2
    Epoch  23/100 — loss: 0.2738  val_loss: 0.3117  val_precision: 0.4453  val_f1_class_2: 0.5672  val_mcc: 0.5616  clips:1
    ✓ Best model saved  (val_mcc: 0.5616)
    Epoch  24/100 — loss: 0.2735  val_loss: 0.3112  val_precision: 0.4500  val_f1_class_2: 0.5676  val_mcc: 0.5610
    Epoch  25/100 — loss: 0.2730  val_loss: 0.3108  val_precision: 0.4578  val_f1_class_2: 0.5692  val_mcc: 0.5607  clips:1
    Epoch  26/100 — loss: 0.2725  val_loss: 0.3106  val_precision: 0.4484  val_f1_class_2: 0.5680  val_mcc: 0.5623
    ✓ Best model saved  (val_mcc: 0.5623)
    Epoch  27/100 — loss: 0.2719  val_loss: 0.3099  val_precision: 0.4565  val_f1_class_2: 0.5685  val_mcc: 0.5618
    Epoch  28/100 — loss: 0.2714  val_loss: 0.3104  val_precision: 0.4476  val_f1_class_2: 0.5679  val_mcc: 0.5601  clips:1
    Epoch  29/100 — loss: 0.2706  val_loss: 0.3100  val_precision: 0.4470  val_f1_class_2: 0.5675  val_mcc: 0.5629  clips:4
    ✓ Best model saved  (val_mcc: 0.5629)
    Epoch  30/100 — loss: 0.2707  val_loss: 0.3098  val_precision: 0.4618  val_f1_class_2: 0.5684  val_mcc: 0.5603
    Epoch  31/100 — loss: 0.2703  val_loss: 0.3091  val_precision: 0.4663  val_f1_class_2: 0.5693  val_mcc: 0.5603  clips:3
    Epoch  32/100 — loss: 0.2697  val_loss: 0.3092  val_precision: 0.4636  val_f1_class_2: 0.5702  val_mcc: 0.5624  clips:1
    Epoch  33/100 — loss: 0.2694  val_loss: 0.3086  val_precision: 0.4517  val_f1_class_2: 0.5697  val_mcc: 0.5644  clips:1
    ✓ Best model saved  (val_mcc: 0.5644)
    Epoch  34/100 — loss: 0.2691  val_loss: 0.3087  val_precision: 0.4584  val_f1_class_2: 0.5713  val_mcc: 0.5623  clips:2
    Epoch  35/100 — loss: 0.2685  val_loss: 0.3082  val_precision: 0.4471  val_f1_class_2: 0.5689  val_mcc: 0.5651  clips:4
    ✓ Best model saved  (val_mcc: 0.5651)
    Epoch  36/100 — loss: 0.2684  val_loss: 0.3083  val_precision: 0.4594  val_f1_class_2: 0.5704  val_mcc: 0.5627  clips:2
    Epoch  37/100 — loss: 0.2675  val_loss: 0.3081  val_precision: 0.4580  val_f1_class_2: 0.5707  val_mcc: 0.5659  clips:2
    ✓ Best model saved  (val_mcc: 0.5659)
    Epoch  38/100 — loss: 0.2678  val_loss: 0.3077  val_precision: 0.4635  val_f1_class_2: 0.5722  val_mcc: 0.5637  clips:5
    Epoch  39/100 — loss: 0.2673  val_loss: 0.3077  val_precision: 0.4611  val_f1_class_2: 0.5705  val_mcc: 0.5617  clips:3
    Epoch  40/100 — loss: 0.2670  val_loss: 0.3079  val_precision: 0.4465  val_f1_class_2: 0.5686  val_mcc: 0.5653  clips:1
    Epoch  41/100 — loss: 0.2668  val_loss: 0.3073  val_precision: 0.4612  val_f1_class_2: 0.5708  val_mcc: 0.5627  clips:3
    Epoch  42/100 — loss: 0.2665  val_loss: 0.3071  val_precision: 0.4638  val_f1_class_2: 0.5706  val_mcc: 0.5629
    Epoch  43/100 — loss: 0.2665  val_loss: 0.3069  val_precision: 0.4542  val_f1_class_2: 0.5702  val_mcc: 0.5649
    Epoch  44/100 — loss: 0.2661  val_loss: 0.3072  val_precision: 0.4518  val_f1_class_2: 0.5698  val_mcc: 0.5649  clips:2
    Epoch  45/100 — loss: 0.2664  val_loss: 0.3075  val_precision: 0.4528  val_f1_class_2: 0.5700  val_mcc: 0.5651  clips:4
    ReduceLROnPlateau → lr=1.00e-05
    Epoch  46/100 — loss: 0.2655  val_loss: 0.3064  val_precision: 0.4679  val_f1_class_2: 0.5711  val_mcc: 0.5645  clips:2
    Epoch  47/100 — loss: 0.2648  val_loss: 0.3064  val_precision: 0.4668  val_f1_class_2: 0.5719  val_mcc: 0.5650  clips:1
    Epoch  48/100 — loss: 0.2651  val_loss: 0.3063  val_precision: 0.4652  val_f1_class_2: 0.5714  val_mcc: 0.5648  clips:1
    Epoch  49/100 — loss: 0.2649  val_loss: 0.3063  val_precision: 0.4695  val_f1_class_2: 0.5718  val_mcc: 0.5643  clips:5
    Epoch  50/100 — loss: 0.2646  val_loss: 0.3063  val_precision: 0.4644  val_f1_class_2: 0.5715  val_mcc: 0.5643  clips:1
    Epoch  51/100 — loss: 0.2653  val_loss: 0.3062  val_precision: 0.4669  val_f1_class_2: 0.5716  val_mcc: 0.5645  clips:1
    Epoch  52/100 — loss: 0.2643  val_loss: 0.3062  val_precision: 0.4669  val_f1_class_2: 0.5715  val_mcc: 0.5646  clips:1
    Epoch  53/100 — loss: 0.2649  val_loss: 0.3062  val_precision: 0.4658  val_f1_class_2: 0.5711  val_mcc: 0.5652  clips:1
    ReduceLROnPlateau → lr=1.00e-06
    Epoch  54/100 — loss: 0.2646  val_loss: 0.3062  val_precision: 0.4640  val_f1_class_2: 0.5714  val_mcc: 0.5653  clips:1
    Epoch  55/100 — loss: 0.2650  val_loss: 0.3062  val_precision: 0.4646  val_f1_class_2: 0.5714  val_mcc: 0.5651  clips:2
    Epoch  56/100 — loss: 0.2650  val_loss: 0.3062  val_precision: 0.4644  val_f1_class_2: 0.5714  val_mcc: 0.5650  clips:1
    Epoch  57/100 — loss: 0.2646  val_loss: 0.3062  val_precision: 0.4652  val_f1_class_2: 0.5718  val_mcc: 0.5651  clips:3
    EarlyStopping at epoch 57 (no improvement for 20 epochs)
    Restoring best weights from /tmp/NNNC_DDPM_MLX_LSTM/checkpoint.safetensors
    Saving MLX model to: /Users/philprice95/Documents/freqtrade/user_data/strategies/saved_data/NNNC_DDPM_MLX_LSTM/NNNC_DDPM_MLX_LSTM.safetensors
    Trading - Sell:
        min: 0.000 max: 0.995, mean: 0.179
        signals > 0.500: 12376 (17.9%)
        counts: [44182, 3394, 2044, 2060, 5006, 6942, 4502, 889, 32, 11, 0]
        percentages: [0.64, 0.05, 0.03, 0.03, 0.07, 0.1, 0.07, 0.01, 0.0, 0.0, 0.0]
        cumulative: [0.64, 0.69, 0.72, 0.75, 0.82, 0.92, 0.99, 1.0, 1.0, 1.0, 1.0]
    Trading - Hold:
        min: 0.005 max: 0.974, mean: 0.666
        signals > 0.500: 47579 (68.9%)
        counts: [40, 65, 1658, 7614, 12106, 11925, 5202, 3858, 6055, 20539, 0]
        percentages: [0.0, 0.0, 0.02, 0.11, 0.18, 0.17, 0.08, 0.06, 0.09, 0.3, 0.0]
        cumulative: [0.0, 0.0, 0.03, 0.14, 0.31, 0.48, 0.56, 0.61, 0.7, 1.0, 1.0]
    Trading - Buy:
        min: 0.000 max: 0.988, mean: 0.156
        signals > 0.500: 8417 (12.2%)
        counts: [45572, 3713, 2436, 2872, 6052, 4670, 2953, 735, 33, 26, 0]
        percentages: [0.66, 0.05, 0.04, 0.04, 0.09, 0.07, 0.04, 0.01, 0.0, 0.0, 0.0]
        cumulative: [0.66, 0.71, 0.75, 0.79, 0.88, 0.95, 0.99, 1.0, 1.0, 1.0, 1.0]

ZEC/USDT
    Comparing actual vs predicted signals

================================================================================
CLASSIFICATION PERFORMANCE ASSESSMENT (Tri-State)
================================================================================
--- Detailed Classification Report ---
              precision    recall  f1-score   support

         0.0      0.584     0.764     0.662      9463
         1.0      0.901     0.828     0.863     52507
         2.0      0.533     0.633     0.579      7092

    accuracy                          0.799     69062
   macro avg      0.672     0.741     0.701     69062
weighted avg      0.819     0.799     0.806     69062


--- Confusion Matrix ---
Rows = True, Columns = Predicted
             Sell     Hold      Buy
    Sell     7226     2216       21
    Hold     5129    43468     3910
     Buy       21     2585     4486

--- Qualitative Assessment of Key Metrics ---
Metric                    Score   Assessment                               Trading Context
-------------------------   -------   ----------------------------------------   ------------------------------
Precision (Sell)          0.584   Okay. Acceptable, but needs improvement. Avoid false sell signals (support: 9463.0)
Recall (Sell)             0.764   Good. Reliable performance.              Find all sell opportunities (support: 9463.0)
F1-Score (Sell)           0.662   Good. Reliable performance.              Balanced performance on Sell signal (support: 9463.0)
Precision (Hold)          0.901   Excellent. Very strong performance.      Correctly identify neutral periods (support: 52507.0)
Recall (Hold)             0.828   Excellent. Very strong performance.      Find all neutral periods (support: 52507.0)
F1-Score (Hold)           0.863   Excellent. Very strong performance.      Balanced performance on Hold signal (support: 52507.0)
Precision (Buy)           0.533   Okay. Acceptable, but needs improvement. Avoid false buy signals (support: 7092.0)
Recall (Buy)              0.633   Good. Reliable performance.              Find all buy opportunities (support: 7092.0)
F1-Score (Buy)            0.579   Okay. Acceptable, but needs improvement. Balanced performance on Buy signal (support: 7092.0)

--- Overall Performance Metrics ---

--- Qualitative Assessment of Key Metrics ---
Metric                    Score   Assessment                               Trading Context
-------------------------   -------   ----------------------------------------   ------------------------------
Macro Avg Precision       0.672   Good. Reliable performance.              Average precision across all classes
Macro Avg Recall          0.741   Good. Reliable performance.              Average recall across all classes
Macro Avg F1-Score        0.701   Good. Reliable performance.              Average F1-score across all classes
Weighted Avg Precision    0.819   Excellent. Very strong performance.      Support-weighted average precision
Weighted Avg Recall       0.799   Good. Reliable performance.              Support-weighted average recall
Weighted Avg F1-Score     0.806   Excellent. Very strong performance.      Support-weighted average F1-score
MCC                       0.540   Good. Reliable positive correlation.     Correlation between prediction and reality
Cohen's Kappa             0.534   Moderate. Meaningful agreement.          Agreement better than random chance

--- Summary and Recommendation ---
🌟 GOOD PERFORMANCE: The model shows strong balance (Macro F1-Score 0.701, Weighted F1-Score 0.806) and reliable correlation (MCC 0.540). All classes performing reasonably well.
================================================================================
    Trading - Sell:
        min: 0.000 max: 0.905, mean: 0.090
        signals > 0.500: 5875 (8.5%)
        counts: [57173, 2801, 1205, 931, 1077, 2964, 2528, 369, 13, 1, 0]
        percentages: [0.83, 0.04, 0.02, 0.01, 0.02, 0.04, 0.04, 0.01, 0.0, 0.0, 0.0]
        cumulative: [0.83, 0.87, 0.89, 0.9, 0.91, 0.96, 0.99, 1.0, 1.0, 1.0, 1.0]
    Trading - Hold:
        min: 0.004 max: 0.973, mean: 0.827
        signals > 0.500: 58138 (84.2%)
        counts: [8, 24, 772, 4791, 5329, 2463, 1909, 2173, 5707, 45886, 0]
        percentages: [0.0, 0.0, 0.01, 0.07, 0.08, 0.04, 0.03, 0.03, 0.08, 0.66, 0.0]
        cumulative: [0.0, 0.0, 0.01, 0.08, 0.16, 0.19, 0.22, 0.25, 0.34, 1.0, 1.0]
    Trading - Buy:
        min: 0.000 max: 0.996, mean: 0.083
        signals > 0.500: 4860 (7.0%)
        counts: [58277, 2765, 1100, 918, 1142, 2254, 2191, 398, 10, 7, 0]
        percentages: [0.84, 0.04, 0.02, 0.01, 0.02, 0.03, 0.03, 0.01, 0.0, 0.0, 0.0]
        cumulative: [0.84, 0.88, 0.9, 0.91, 0.93, 0.96, 0.99, 1.0, 1.0, 1.0, 1.0]

XRP/USDT
    Comparing actual vs predicted signals

================================================================================
CLASSIFICATION PERFORMANCE ASSESSMENT (Tri-State)
================================================================================
--- Detailed Classification Report ---
              precision    recall  f1-score   support

         0.0      0.639     0.862     0.734      4355
         1.0      0.976     0.938     0.956     60725
         2.0      0.655     0.799     0.720      3982

    accuracy                          0.925     69062
   macro avg      0.757     0.866     0.803     69062
weighted avg      0.936     0.925     0.929     69062


--- Confusion Matrix ---
Rows = True, Columns = Predicted
             Sell     Hold      Buy
    Sell     3755      599        1
    Hold     2114    56933     1678
     Buy        6      795     3181

--- Qualitative Assessment of Key Metrics ---
Metric                    Score   Assessment                               Trading Context
-------------------------   -------   ----------------------------------------   ------------------------------
Precision (Sell)          0.639   Good. Reliable performance.              Avoid false sell signals (support: 4355.0)
Recall (Sell)             0.862   Excellent. Very strong performance.      Find all sell opportunities (support: 4355.0)
F1-Score (Sell)           0.734   Good. Reliable performance.              Balanced performance on Sell signal (support: 4355.0)
Precision (Hold)          0.976   Excellent. Very strong performance.      Correctly identify neutral periods (support: 60725.0)
Recall (Hold)             0.938   Excellent. Very strong performance.      Find all neutral periods (support: 60725.0)
F1-Score (Hold)           0.956   Excellent. Very strong performance.      Balanced performance on Hold signal (support: 60725.0)
Precision (Buy)           0.655   Good. Reliable performance.              Avoid false buy signals (support: 3982.0)
Recall (Buy)              0.799   Good. Reliable performance.              Find all buy opportunities (support: 3982.0)
F1-Score (Buy)            0.720   Good. Reliable performance.              Balanced performance on Buy signal (support: 3982.0)

--- Overall Performance Metrics ---

--- Qualitative Assessment of Key Metrics ---
Metric                    Score   Assessment                               Trading Context
-------------------------   -------   ----------------------------------------   ------------------------------
Macro Avg Precision       0.757   Good. Reliable performance.              Average precision across all classes
Macro Avg Recall          0.866   Excellent. Very strong performance.      Average recall across all classes
Macro Avg F1-Score        0.803   Excellent. Very strong performance.      Average F1-score across all classes
Weighted Avg Precision    0.936   Excellent. Very strong performance.      Support-weighted average precision
Weighted Avg Recall       0.925   Excellent. Very strong performance.      Support-weighted average recall
Weighted Avg F1-Score     0.929   Excellent. Very strong performance.      Support-weighted average F1-score
MCC                       0.704   Excellent. Strong positive correlation.  Correlation between prediction and reality
Cohen's Kappa             0.697   Substantial. Strong agreement.           Agreement better than random chance

--- Summary and Recommendation ---
🌟 GOOD PERFORMANCE: The model shows strong balance (Macro F1-Score 0.803, Weighted F1-Score 0.929) and reliable correlation (MCC 0.704). All classes performing reasonably well.
================================================================================
    Trading - Sell:
        min: 0.000 max: 0.894, mean: 0.095
        signals > 0.500: 5842 (8.5%)
        counts: [55593, 3345, 1635, 1221, 1426, 3515, 2198, 126, 3, 0, 0]
        percentages: [0.8, 0.05, 0.02, 0.02, 0.02, 0.05, 0.03, 0.0, 0.0, 0.0, 0.0]
        cumulative: [0.8, 0.85, 0.88, 0.89, 0.92, 0.97, 1.0, 1.0, 1.0, 1.0, 1.0]
    Trading - Hold:
        min: 0.001 max: 0.973, mean: 0.812
        signals > 0.500: 57575 (83.4%)
        counts: [5, 10, 331, 4596, 6545, 3071, 2483, 3081, 7202, 41738, 0]
        percentages: [0.0, 0.0, 0.0, 0.07, 0.09, 0.04, 0.04, 0.04, 0.1, 0.6, 0.0]
        cumulative: [0.0, 0.0, 0.01, 0.07, 0.17, 0.21, 0.25, 0.29, 0.4, 1.0, 1.0]
    Trading - Buy:
        min: 0.000 max: 0.997, mean: 0.093
        signals > 0.500: 5468 (7.9%)
        counts: [55958, 3560, 1466, 1128, 1482, 2933, 2324, 200, 7, 4, 0]
        percentages: [0.81, 0.05, 0.02, 0.02, 0.02, 0.04, 0.03, 0.0, 0.0, 0.0, 0.0]
        cumulative: [0.81, 0.86, 0.88, 0.9, 0.92, 0.96, 1.0, 1.0, 1.0, 1.0, 1.0]

SOL/USDT
    Comparing actual vs predicted signals

================================================================================
CLASSIFICATION PERFORMANCE ASSESSMENT (Tri-State)
================================================================================
--- Detailed Classification Report ---
              precision    recall  f1-score   support

         0.0      0.558     0.842     0.671      3870
         1.0      0.972     0.921     0.946     60988
         2.0      0.587     0.764     0.664      4204

    accuracy                          0.907     69062
   macro avg      0.706     0.842     0.760     69062
weighted avg      0.926     0.907     0.913     69062


--- Confusion Matrix ---
Rows = True, Columns = Predicted
             Sell     Hold      Buy
    Sell     3259      607        4
    Hold     2581    56153     2254
     Buy        2      992     3210

--- Qualitative Assessment of Key Metrics ---
Metric                    Score   Assessment                               Trading Context
-------------------------   -------   ----------------------------------------   ------------------------------
Precision (Sell)          0.558   Okay. Acceptable, but needs improvement. Avoid false sell signals (support: 3870.0)
Recall (Sell)             0.842   Excellent. Very strong performance.      Find all sell opportunities (support: 3870.0)
F1-Score (Sell)           0.671   Good. Reliable performance.              Balanced performance on Sell signal (support: 3870.0)
Precision (Hold)          0.972   Excellent. Very strong performance.      Correctly identify neutral periods (support: 60988.0)
Recall (Hold)             0.921   Excellent. Very strong performance.      Find all neutral periods (support: 60988.0)
F1-Score (Hold)           0.946   Excellent. Very strong performance.      Balanced performance on Hold signal (support: 60988.0)
Precision (Buy)           0.587   Okay. Acceptable, but needs improvement. Avoid false buy signals (support: 4204.0)
Recall (Buy)              0.764   Good. Reliable performance.              Find all buy opportunities (support: 4204.0)
F1-Score (Buy)            0.664   Good. Reliable performance.              Balanced performance on Buy signal (support: 4204.0)

--- Overall Performance Metrics ---

--- Qualitative Assessment of Key Metrics ---
Metric                    Score   Assessment                               Trading Context
-------------------------   -------   ----------------------------------------   ------------------------------
Macro Avg Precision       0.706   Good. Reliable performance.              Average precision across all classes
Macro Avg Recall          0.842   Excellent. Very strong performance.      Average recall across all classes
Macro Avg F1-Score        0.760   Good. Reliable performance.              Average F1-score across all classes
Weighted Avg Precision    0.926   Excellent. Very strong performance.      Support-weighted average precision
Weighted Avg Recall       0.907   Excellent. Very strong performance.      Support-weighted average recall
Weighted Avg F1-Score     0.913   Excellent. Very strong performance.      Support-weighted average F1-score
MCC                       0.641   Excellent. Strong positive correlation.  Correlation between prediction and reality
Cohen's Kappa             0.630   Substantial. Strong agreement.           Agreement better than random chance

--- Summary and Recommendation ---
🌟 GOOD PERFORMANCE: The model shows strong balance (Macro F1-Score 0.760, Weighted F1-Score 0.913) and reliable correlation (MCC 0.641). All classes performing reasonably well.
================================================================================
    Trading - Sell:
        min: 0.000 max: 0.890, mean: 0.109
        signals > 0.500: 7034 (10.2%)
        counts: [53685, 3534, 1698, 1337, 1774, 4103, 2722, 203, 6, 0, 0]
        percentages: [0.78, 0.05, 0.02, 0.02, 0.03, 0.06, 0.04, 0.0, 0.0, 0.0, 0.0]
        cumulative: [0.78, 0.83, 0.85, 0.87, 0.9, 0.96, 1.0, 1.0, 1.0, 1.0, 1.0]
    Trading - Hold:
        min: 0.110 max: 0.973, mean: 0.790
        signals > 0.500: 55842 (80.9%)
        counts: [0, 13, 522, 5252, 7433, 3894, 2778, 3274, 7691, 38205, 0]
        percentages: [0.0, 0.0, 0.01, 0.08, 0.11, 0.06, 0.04, 0.05, 0.11, 0.55, 0.0]
        cumulative: [0.0, 0.0, 0.01, 0.08, 0.19, 0.25, 0.29, 0.34, 0.45, 1.0, 1.0]
    Trading - Buy:
        min: 0.000 max: 0.886, mean: 0.102
        signals > 0.500: 5949 (8.6%)
        counts: [54544, 3776, 1593, 1372, 1828, 3204, 2430, 309, 6, 0, 0]
        percentages: [0.79, 0.05, 0.02, 0.02, 0.03, 0.05, 0.04, 0.0, 0.0, 0.0, 0.0]
        cumulative: [0.79, 0.84, 0.87, 0.89, 0.91, 0.96, 1.0, 1.0, 1.0, 1.0, 1.0]

LINK/USDT
    Comparing actual vs predicted signals

================================================================================
CLASSIFICATION PERFORMANCE ASSESSMENT (Tri-State)
================================================================================
--- Detailed Classification Report ---
              precision    recall  f1-score   support

         0.0      0.594     0.822     0.689      5081
         1.0      0.961     0.912     0.936     59086
         2.0      0.610     0.741     0.669      4895

    accuracy                          0.894     69062
   macro avg      0.722     0.825     0.765     69062
weighted avg      0.909     0.894     0.899     69062


--- Confusion Matrix ---
Rows = True, Columns = Predicted
             Sell     Hold      Buy
    Sell     4176      904        1
    Hold     2851    53913     2322
     Buy        7     1262     3626

--- Qualitative Assessment of Key Metrics ---
Metric                    Score   Assessment                               Trading Context
-------------------------   -------   ----------------------------------------   ------------------------------
Precision (Sell)          0.594   Okay. Acceptable, but needs improvement. Avoid false sell signals (support: 5081.0)
Recall (Sell)             0.822   Excellent. Very strong performance.      Find all sell opportunities (support: 5081.0)
F1-Score (Sell)           0.689   Good. Reliable performance.              Balanced performance on Sell signal (support: 5081.0)
Precision (Hold)          0.961   Excellent. Very strong performance.      Correctly identify neutral periods (support: 59086.0)
Recall (Hold)             0.912   Excellent. Very strong performance.      Find all neutral periods (support: 59086.0)
F1-Score (Hold)           0.936   Excellent. Very strong performance.      Balanced performance on Hold signal (support: 59086.0)
Precision (Buy)           0.610   Good. Reliable performance.              Avoid false buy signals (support: 4895.0)
Recall (Buy)              0.741   Good. Reliable performance.              Find all buy opportunities (support: 4895.0)
F1-Score (Buy)            0.669   Good. Reliable performance.              Balanced performance on Buy signal (support: 4895.0)

--- Overall Performance Metrics ---

--- Qualitative Assessment of Key Metrics ---
Metric                    Score   Assessment                               Trading Context
-------------------------   -------   ----------------------------------------   ------------------------------
Macro Avg Precision       0.722   Good. Reliable performance.              Average precision across all classes
Macro Avg Recall          0.825   Excellent. Very strong performance.      Average recall across all classes
Macro Avg F1-Score        0.765   Good. Reliable performance.              Average F1-score across all classes
Weighted Avg Precision    0.909   Excellent. Very strong performance.      Support-weighted average precision
Weighted Avg Recall       0.894   Excellent. Very strong performance.      Support-weighted average recall
Weighted Avg F1-Score     0.899   Excellent. Very strong performance.      Support-weighted average F1-score
MCC                       0.643   Excellent. Strong positive correlation.  Correlation between prediction and reality
Cohen's Kappa             0.635   Substantial. Strong agreement.           Agreement better than random chance

--- Summary and Recommendation ---
🌟 GOOD PERFORMANCE: The model shows strong balance (Macro F1-Score 0.765, Weighted F1-Score 0.899) and reliable correlation (MCC 0.643). All classes performing reasonably well.
================================================================================
    Trading - Sell:
        min: 0.000 max: 0.944, mean: 0.161
        signals > 0.500: 10307 (14.9%)
        counts: [45113, 4186, 2502, 2402, 4552, 7045, 2994, 256, 11, 1, 0]
        percentages: [0.65, 0.06, 0.04, 0.03, 0.07, 0.1, 0.04, 0.0, 0.0, 0.0, 0.0]
        cumulative: [0.65, 0.71, 0.75, 0.78, 0.85, 0.95, 1.0, 1.0, 1.0, 1.0, 1.0]
    Trading - Hold:
        min: 0.001 max: 0.973, mean: 0.695
        signals > 0.500: 50728 (73.5%)
        counts: [25, 40, 558, 5196, 12515, 10532, 5784, 4841, 8017, 21554, 0]
        percentages: [0.0, 0.0, 0.01, 0.08, 0.18, 0.15, 0.08, 0.07, 0.12, 0.31, 0.0]
        cumulative: [0.0, 0.0, 0.01, 0.08, 0.27, 0.42, 0.5, 0.57, 0.69, 1.0, 1.0]
    Trading - Buy:
        min: 0.000 max: 0.997, mean: 0.144
        signals > 0.500: 7444 (10.8%)
        counts: [46347, 4331, 2806, 2946, 5188, 5016, 2089, 289, 28, 22, 0]
        percentages: [0.67, 0.06, 0.04, 0.04, 0.08, 0.07, 0.03, 0.0, 0.0, 0.0, 0.0]
        cumulative: [0.67, 0.73, 0.77, 0.82, 0.89, 0.96, 1.0, 1.0, 1.0, 1.0, 1.0]

NEAR/USDT
    Comparing actual vs predicted signals

================================================================================
CLASSIFICATION PERFORMANCE ASSESSMENT (Tri-State)
================================================================================
--- Detailed Classification Report ---
              precision    recall  f1-score   support

         0.0      0.533     0.720     0.613      7632
         1.0      0.898     0.849     0.873     54251
         2.0      0.547     0.567     0.557      7179

    accuracy                          0.806     69062
   macro avg      0.659     0.712     0.681     69062
weighted avg      0.821     0.806     0.811     69062


--- Confusion Matrix ---
Rows = True, Columns = Predicted
             Sell     Hold      Buy
    Sell     5498     2128        6
    Hold     4803    46079     3369
     Buy        6     3104     4069

--- Qualitative Assessment of Key Metrics ---
Metric                    Score   Assessment                               Trading Context
-------------------------   -------   ----------------------------------------   ------------------------------
Precision (Sell)          0.533   Okay. Acceptable, but needs improvement. Avoid false sell signals (support: 7632.0)
Recall (Sell)             0.720   Good. Reliable performance.              Find all sell opportunities (support: 7632.0)
F1-Score (Sell)           0.613   Good. Reliable performance.              Balanced performance on Sell signal (support: 7632.0)
Precision (Hold)          0.898   Excellent. Very strong performance.      Correctly identify neutral periods (support: 54251.0)
Recall (Hold)             0.849   Excellent. Very strong performance.      Find all neutral periods (support: 54251.0)
F1-Score (Hold)           0.873   Excellent. Very strong performance.      Balanced performance on Hold signal (support: 54251.0)
Precision (Buy)           0.547   Okay. Acceptable, but needs improvement. Avoid false buy signals (support: 7179.0)
Recall (Buy)              0.567   Okay. Acceptable, but needs improvement. Find all buy opportunities (support: 7179.0)
F1-Score (Buy)            0.557   Okay. Acceptable, but needs improvement. Balanced performance on Buy signal (support: 7179.0)

--- Overall Performance Metrics ---

--- Qualitative Assessment of Key Metrics ---
Metric                    Score   Assessment                               Trading Context
-------------------------   -------   ----------------------------------------   ------------------------------
Macro Avg Precision       0.659   Good. Reliable performance.              Average precision across all classes
Macro Avg Recall          0.712   Good. Reliable performance.              Average recall across all classes
Macro Avg F1-Score        0.681   Good. Reliable performance.              Average F1-score across all classes
Weighted Avg Precision    0.821   Excellent. Very strong performance.      Support-weighted average precision
Weighted Avg Recall       0.806   Excellent. Very strong performance.      Support-weighted average recall
Weighted Avg F1-Score     0.811   Excellent. Very strong performance.      Support-weighted average F1-score
MCC                       0.504   Good. Reliable positive correlation.     Correlation between prediction and reality
Cohen's Kappa             0.500   Moderate. Meaningful agreement.          Agreement better than random chance

--- Summary and Recommendation ---
🌟 GOOD PERFORMANCE: The model shows strong balance (Macro F1-Score 0.681, Weighted F1-Score 0.811) and reliable correlation (MCC 0.504). All classes performing reasonably well.
================================================================================
    Trading - Sell:
        min: 0.000 max: 0.950, mean: 0.147
        signals > 0.500: 8862 (12.8%)
        counts: [47012, 4367, 2421, 2324, 4076, 6036, 2559, 248, 16, 3, 0]
        percentages: [0.68, 0.06, 0.04, 0.03, 0.06, 0.09, 0.04, 0.0, 0.0, 0.0, 0.0]
        cumulative: [0.68, 0.74, 0.78, 0.81, 0.87, 0.96, 1.0, 1.0, 1.0, 1.0, 1.0]
    Trading - Hold:
        min: 0.001 max: 0.974, mean: 0.725
        signals > 0.500: 53785 (77.9%)
        counts: [22, 54, 567, 4444, 10190, 9343, 5554, 4759, 8577, 25552, 0]
        percentages: [0.0, 0.0, 0.01, 0.06, 0.15, 0.14, 0.08, 0.07, 0.12, 0.37, 0.0]
        cumulative: [0.0, 0.0, 0.01, 0.07, 0.22, 0.36, 0.44, 0.51, 0.63, 1.0, 1.0]
    Trading - Buy:
        min: 0.000 max: 0.998, mean: 0.128
        signals > 0.500: 5954 (8.6%)
        counts: [48747, 4395, 2605, 2814, 4547, 3809, 1789, 301, 36, 19, 0]
        percentages: [0.71, 0.06, 0.04, 0.04, 0.07, 0.06, 0.03, 0.0, 0.0, 0.0, 0.0]
        cumulative: [0.71, 0.77, 0.81, 0.85, 0.91, 0.97, 0.99, 1.0, 1.0, 1.0, 1.0]

AAVE/USDT
    Comparing actual vs predicted signals

================================================================================
CLASSIFICATION PERFORMANCE ASSESSMENT (Tri-State)
================================================================================
--- Detailed Classification Report ---
              precision    recall  f1-score   support

         0.0      0.534     0.713     0.611      6640
         1.0      0.916     0.880     0.898     56477
         2.0      0.553     0.554     0.554      5945

    accuracy                          0.836     69062
   macro avg      0.668     0.716     0.687     69062
weighted avg      0.848     0.836     0.841     69062


--- Confusion Matrix ---
Rows = True, Columns = Predicted
             Sell     Hold      Buy
    Sell     4733     1897       10
    Hold     4122    49706     2649
     Buy        7     2643     3295

--- Qualitative Assessment of Key Metrics ---
Metric                    Score   Assessment                               Trading Context
-------------------------   -------   ----------------------------------------   ------------------------------
Precision (Sell)          0.534   Okay. Acceptable, but needs improvement. Avoid false sell signals (support: 6640.0)
Recall (Sell)             0.713   Good. Reliable performance.              Find all sell opportunities (support: 6640.0)
F1-Score (Sell)           0.611   Good. Reliable performance.              Balanced performance on Sell signal (support: 6640.0)
Precision (Hold)          0.916   Excellent. Very strong performance.      Correctly identify neutral periods (support: 56477.0)
Recall (Hold)             0.880   Excellent. Very strong performance.      Find all neutral periods (support: 56477.0)
F1-Score (Hold)           0.898   Excellent. Very strong performance.      Balanced performance on Hold signal (support: 56477.0)
Precision (Buy)           0.553   Okay. Acceptable, but needs improvement. Avoid false buy signals (support: 5945.0)
Recall (Buy)              0.554   Okay. Acceptable, but needs improvement. Find all buy opportunities (support: 5945.0)
F1-Score (Buy)            0.554   Okay. Acceptable, but needs improvement. Balanced performance on Buy signal (support: 5945.0)

--- Overall Performance Metrics ---

--- Qualitative Assessment of Key Metrics ---
Metric                    Score   Assessment                               Trading Context
-------------------------   -------   ----------------------------------------   ------------------------------
Macro Avg Precision       0.668   Good. Reliable performance.              Average precision across all classes
Macro Avg Recall          0.716   Good. Reliable performance.              Average recall across all classes
Macro Avg F1-Score        0.687   Good. Reliable performance.              Average F1-score across all classes
Weighted Avg Precision    0.848   Excellent. Very strong performance.      Support-weighted average precision
Weighted Avg Recall       0.836   Excellent. Very strong performance.      Support-weighted average recall
Weighted Avg F1-Score     0.841   Excellent. Very strong performance.      Support-weighted average F1-score
MCC                       0.517   Good. Reliable positive correlation.     Correlation between prediction and reality
Cohen's Kappa             0.515   Moderate. Meaningful agreement.          Agreement better than random chance

--- Summary and Recommendation ---
🌟 GOOD PERFORMANCE: The model shows strong balance (Macro F1-Score 0.687, Weighted F1-Score 0.841) and reliable correlation (MCC 0.517). All classes performing reasonably well.
================================================================================
    Trading - Sell:
        min: 0.000 max: 0.949, mean: 0.147
        signals > 0.500: 8349 (12.1%)
        counts: [48191, 3102, 1945, 2027, 5538, 5572, 2179, 559, 38, 1, 0]
        percentages: [0.7, 0.04, 0.03, 0.03, 0.08, 0.08, 0.03, 0.01, 0.0, 0.0, 0.0]
        cumulative: [0.7, 0.74, 0.77, 0.8, 0.88, 0.96, 0.99, 1.0, 1.0, 1.0, 1.0]
    Trading - Hold:
        min: 0.006 max: 0.976, mean: 0.721
        signals > 0.500: 54722 (79.1%)
        counts: [12, 64, 924, 3678, 9752, 12773, 5363, 3613, 5703, 27270, 0]
        percentages: [0.0, 0.0, 0.01, 0.05, 0.14, 0.18, 0.08, 0.05, 0.08, 0.39, 0.0]
        cumulative: [0.0, 0.0, 0.01, 0.07, 0.21, 0.39, 0.47, 0.52, 0.61, 1.0, 1.0]
    Trading - Buy:
        min: 0.000 max: 0.994, mean: 0.132
        signals > 0.500: 5491 (7.9%)
        counts: [48810, 3214, 2154, 3139, 6344, 3710, 1405, 345, 20, 11, 0]
        percentages: [0.71, 0.05, 0.03, 0.05, 0.09, 0.05, 0.02, 0.0, 0.0, 0.0, 0.0]
        cumulative: [0.71, 0.75, 0.78, 0.83, 0.92, 0.97, 0.99, 1.0, 1.0, 1.0, 1.0]

DASH/USDT
    Comparing actual vs predicted signals

================================================================================
CLASSIFICATION PERFORMANCE ASSESSMENT (Tri-State)
================================================================================
--- Detailed Classification Report ---
              precision    recall  f1-score   support

         0.0      0.488     0.659     0.561      6180
         1.0      0.918     0.876     0.896     57983
         2.0      0.458     0.504     0.480      4989

    accuracy                          0.829     69152
   macro avg      0.621     0.680     0.646     69152
weighted avg      0.846     0.829     0.836     69152


--- Confusion Matrix ---
Rows = True, Columns = Predicted
             Sell     Hold      Buy
    Sell     4072     2091       17
    Hold     4257    50768     2958
     Buy       20     2453     2516

--- Qualitative Assessment of Key Metrics ---
Metric                    Score   Assessment                               Trading Context
-------------------------   -------   ----------------------------------------   ------------------------------
Precision (Sell)          0.488   Okay. Acceptable, but needs improvement. Avoid false sell signals (support: 6180.0)
Recall (Sell)             0.659   Good. Reliable performance.              Find all sell opportunities (support: 6180.0)
F1-Score (Sell)           0.561   Okay. Acceptable, but needs improvement. Balanced performance on Sell signal (support: 6180.0)
Precision (Hold)          0.918   Excellent. Very strong performance.      Correctly identify neutral periods (support: 57983.0)
Recall (Hold)             0.876   Excellent. Very strong performance.      Find all neutral periods (support: 57983.0)
F1-Score (Hold)           0.896   Excellent. Very strong performance.      Balanced performance on Hold signal (support: 57983.0)
Precision (Buy)           0.458   Okay. Acceptable, but needs improvement. Avoid false buy signals (support: 4989.0)
Recall (Buy)              0.504   Okay. Acceptable, but needs improvement. Find all buy opportunities (support: 4989.0)
F1-Score (Buy)            0.480   Okay. Acceptable, but needs improvement. Balanced performance on Buy signal (support: 4989.0)

--- Overall Performance Metrics ---

--- Qualitative Assessment of Key Metrics ---
Metric                    Score   Assessment                               Trading Context
-------------------------   -------   ----------------------------------------   ------------------------------
Macro Avg Precision       0.621   Good. Reliable performance.              Average precision across all classes
Macro Avg Recall          0.680   Good. Reliable performance.              Average recall across all classes
Macro Avg F1-Score        0.646   Good. Reliable performance.              Average F1-score across all classes
Weighted Avg Precision    0.846   Excellent. Very strong performance.      Support-weighted average precision
Weighted Avg Recall       0.829   Excellent. Very strong performance.      Support-weighted average recall
Weighted Avg F1-Score     0.836   Excellent. Very strong performance.      Support-weighted average F1-score
MCC                       0.458   Good. Reliable positive correlation.     Correlation between prediction and reality
Cohen's Kappa             0.455   Moderate. Meaningful agreement.          Agreement better than random chance

--- Summary and Recommendation ---
🌟 GOOD PERFORMANCE: The model shows strong balance (Macro F1-Score 0.646, Weighted F1-Score 0.836) and reliable correlation (MCC 0.458). All classes performing reasonably well.
================================================================================
    Trading - Sell:
        min: 0.000 max: 0.989, mean: 0.151
        signals > 0.500: 10959 (15.8%)
        counts: [47520, 4098, 2206, 1889, 2480, 6041, 4469, 430, 16, 3, 0]
        percentages: [0.69, 0.06, 0.03, 0.03, 0.04, 0.09, 0.06, 0.01, 0.0, 0.0, 0.0]
        cumulative: [0.69, 0.75, 0.78, 0.81, 0.84, 0.93, 0.99, 1.0, 1.0, 1.0, 1.0]
    Trading - Hold:
        min: 0.003 max: 0.973, mean: 0.704
        signals > 0.500: 48529 (70.2%)
        counts: [21, 55, 1105, 8260, 11182, 6192, 4394, 4523, 8501, 24919, 0]
        percentages: [0.0, 0.0, 0.02, 0.12, 0.16, 0.09, 0.06, 0.07, 0.12, 0.36, 0.0]
        cumulative: [0.0, 0.0, 0.02, 0.14, 0.3, 0.39, 0.45, 0.52, 0.64, 1.0, 1.0]
    Trading - Buy:
        min: 0.000 max: 0.997, mean: 0.145
        signals > 0.500: 9170 (13.3%)
        counts: [47512, 4541, 2615, 2124, 3190, 4820, 3649, 648, 36, 17, 0]
        percentages: [0.69, 0.07, 0.04, 0.03, 0.05, 0.07, 0.05, 0.01, 0.0, 0.0, 0.0]
        cumulative: [0.69, 0.75, 0.79, 0.82, 0.87, 0.94, 0.99, 1.0, 1.0, 1.0, 1.0]

SUI/USDT
    Comparing actual vs predicted signals

================================================================================
CLASSIFICATION PERFORMANCE ASSESSMENT (Tri-State)
================================================================================
--- Detailed Classification Report ---
              precision    recall  f1-score   support

         0.0      0.617     0.818     0.704      8272
         1.0      0.923     0.854     0.887     53008
         2.0      0.609     0.710     0.656      7872

    accuracy                          0.833     69152
   macro avg      0.717     0.794     0.749     69152
weighted avg      0.851     0.833     0.839     69152


--- Confusion Matrix ---
Rows = True, Columns = Predicted
             Sell     Hold      Buy
    Sell     6766     1496       10
    Hold     4180    45254     3574
     Buy       13     2273     5586

--- Qualitative Assessment of Key Metrics ---
Metric                    Score   Assessment                               Trading Context
-------------------------   -------   ----------------------------------------   ------------------------------
Precision (Sell)          0.617   Good. Reliable performance.              Avoid false sell signals (support: 8272.0)
Recall (Sell)             0.818   Excellent. Very strong performance.      Find all sell opportunities (support: 8272.0)
F1-Score (Sell)           0.704   Good. Reliable performance.              Balanced performance on Sell signal (support: 8272.0)
Precision (Hold)          0.923   Excellent. Very strong performance.      Correctly identify neutral periods (support: 53008.0)
Recall (Hold)             0.854   Excellent. Very strong performance.      Find all neutral periods (support: 53008.0)
F1-Score (Hold)           0.887   Excellent. Very strong performance.      Balanced performance on Hold signal (support: 53008.0)
Precision (Buy)           0.609   Good. Reliable performance.              Avoid false buy signals (support: 7872.0)
Recall (Buy)              0.710   Good. Reliable performance.              Find all buy opportunities (support: 7872.0)
F1-Score (Buy)            0.656   Good. Reliable performance.              Balanced performance on Buy signal (support: 7872.0)

--- Overall Performance Metrics ---

--- Qualitative Assessment of Key Metrics ---
Metric                    Score   Assessment                               Trading Context
-------------------------   -------   ----------------------------------------   ------------------------------
Macro Avg Precision       0.717   Good. Reliable performance.              Average precision across all classes
Macro Avg Recall          0.794   Good. Reliable performance.              Average recall across all classes
Macro Avg F1-Score        0.749   Good. Reliable performance.              Average F1-score across all classes
Weighted Avg Precision    0.851   Excellent. Very strong performance.      Support-weighted average precision
Weighted Avg Recall       0.833   Excellent. Very strong performance.      Support-weighted average recall
Weighted Avg F1-Score     0.839   Excellent. Very strong performance.      Support-weighted average F1-score
MCC                       0.611   Excellent. Strong positive correlation.  Correlation between prediction and reality
Cohen's Kappa             0.605   Moderate. Meaningful agreement.          Agreement better than random chance

--- Summary and Recommendation ---
🌟 GOOD PERFORMANCE: The model shows strong balance (Macro F1-Score 0.749, Weighted F1-Score 0.839) and reliable correlation (MCC 0.611). All classes performing reasonably well.
================================================================================
    Trading - Sell:
        min: 0.000 max: 0.926, mean: 0.115
        signals > 0.500: 7393 (10.7%)
        counts: [52450, 3919, 1899, 1540, 1951, 4553, 2690, 148, 1, 1, 0]
        percentages: [0.76, 0.06, 0.03, 0.02, 0.03, 0.07, 0.04, 0.0, 0.0, 0.0, 0.0]
        cumulative: [0.76, 0.82, 0.84, 0.86, 0.89, 0.96, 1.0, 1.0, 1.0, 1.0, 1.0]
    Trading - Hold:
        min: 0.003 max: 0.974, mean: 0.778
        signals > 0.500: 55524 (80.3%)
        counts: [5, 13, 458, 5134, 8018, 4510, 3451, 3815, 8508, 35240, 0]
        percentages: [0.0, 0.0, 0.01, 0.07, 0.12, 0.07, 0.05, 0.06, 0.12, 0.51, 0.0]
        cumulative: [0.0, 0.0, 0.01, 0.08, 0.2, 0.26, 0.31, 0.37, 0.49, 1.0, 1.0]
    Trading - Buy:
        min: 0.000 max: 0.995, mean: 0.108
        signals > 0.500: 5983 (8.7%)
        counts: [53178, 4065, 1985, 1696, 2245, 3301, 2366, 301, 12, 3, 0]
        percentages: [0.77, 0.06, 0.03, 0.02, 0.03, 0.05, 0.03, 0.0, 0.0, 0.0, 0.0]
        cumulative: [0.77, 0.83, 0.86, 0.88, 0.91, 0.96, 1.0, 1.0, 1.0, 1.0, 1.0]

AVAX/USDT
    Comparing actual vs predicted signals

================================================================================
CLASSIFICATION PERFORMANCE ASSESSMENT (Tri-State)
================================================================================
--- Detailed Classification Report ---
              precision    recall  f1-score   support

         0.0      0.566     0.815     0.668      5133
         1.0      0.956     0.907     0.931     58766
         2.0      0.622     0.709     0.663      5253

    accuracy                          0.885     69152
   macro avg      0.715     0.810     0.754     69152
weighted avg      0.902     0.885     0.891     69152


--- Confusion Matrix ---
Rows = True, Columns = Predicted
             Sell     Hold      Buy
    Sell     4184      943        6
    Hold     3204    53309     2253
     Buy        5     1524     3724

--- Qualitative Assessment of Key Metrics ---
Metric                    Score   Assessment                               Trading Context
-------------------------   -------   ----------------------------------------   ------------------------------
Precision (Sell)          0.566   Okay. Acceptable, but needs improvement. Avoid false sell signals (support: 5133.0)
Recall (Sell)             0.815   Excellent. Very strong performance.      Find all sell opportunities (support: 5133.0)
F1-Score (Sell)           0.668   Good. Reliable performance.              Balanced performance on Sell signal (support: 5133.0)
Precision (Hold)          0.956   Excellent. Very strong performance.      Correctly identify neutral periods (support: 58766.0)
Recall (Hold)             0.907   Excellent. Very strong performance.      Find all neutral periods (support: 58766.0)
F1-Score (Hold)           0.931   Excellent. Very strong performance.      Balanced performance on Hold signal (support: 58766.0)
Precision (Buy)           0.622   Good. Reliable performance.              Avoid false buy signals (support: 5253.0)
Recall (Buy)              0.709   Good. Reliable performance.              Find all buy opportunities (support: 5253.0)
F1-Score (Buy)            0.663   Good. Reliable performance.              Balanced performance on Buy signal (support: 5253.0)

--- Overall Performance Metrics ---

--- Qualitative Assessment of Key Metrics ---
Metric                    Score   Assessment                               Trading Context
-------------------------   -------   ----------------------------------------   ------------------------------
Macro Avg Precision       0.715   Good. Reliable performance.              Average precision across all classes
Macro Avg Recall          0.810   Excellent. Very strong performance.      Average recall across all classes
Macro Avg F1-Score        0.754   Good. Reliable performance.              Average F1-score across all classes
Weighted Avg Precision    0.902   Excellent. Very strong performance.      Support-weighted average precision
Weighted Avg Recall       0.885   Excellent. Very strong performance.      Support-weighted average recall
Weighted Avg F1-Score     0.891   Excellent. Very strong performance.      Support-weighted average F1-score
MCC                       0.624   Excellent. Strong positive correlation.  Correlation between prediction and reality
Cohen's Kappa             0.618   Substantial. Strong agreement.           Agreement better than random chance

--- Summary and Recommendation ---
🌟 GOOD PERFORMANCE: The model shows strong balance (Macro F1-Score 0.754, Weighted F1-Score 0.891) and reliable correlation (MCC 0.624). All classes performing reasonably well.
================================================================================
    Trading - Sell:
        min: 0.000 max: 0.952, mean: 0.093
        signals > 0.500: 5366 (7.8%)
        counts: [55785, 3655, 1712, 1263, 1371, 2795, 2377, 177, 14, 3, 0]
        percentages: [0.81, 0.05, 0.02, 0.02, 0.02, 0.04, 0.03, 0.0, 0.0, 0.0, 0.0]
        cumulative: [0.81, 0.86, 0.88, 0.9, 0.92, 0.96, 1.0, 1.0, 1.0, 1.0, 1.0]
    Trading - Hold:
        min: 0.024 max: 0.973, mean: 0.816
        signals > 0.500: 58697 (84.9%)
        counts: [10, 30, 503, 4471, 5441, 3372, 2640, 3284, 7394, 42007, 0]
        percentages: [0.0, 0.0, 0.01, 0.06, 0.08, 0.05, 0.04, 0.05, 0.11, 0.61, 0.0]
        cumulative: [0.0, 0.0, 0.01, 0.07, 0.15, 0.2, 0.24, 0.29, 0.39, 1.0, 1.0]
    Trading - Buy:
        min: 0.000 max: 0.965, mean: 0.091
        signals > 0.500: 4865 (7.0%)
        counts: [56358, 3420, 1613, 1245, 1651, 2513, 2013, 319, 14, 6, 0]
        percentages: [0.81, 0.05, 0.02, 0.02, 0.02, 0.04, 0.03, 0.0, 0.0, 0.0, 0.0]
        cumulative: [0.81, 0.86, 0.89, 0.91, 0.93, 0.97, 1.0, 1.0, 1.0, 1.0, 1.0]

LTC/USDT
    Comparing actual vs predicted signals

================================================================================
CLASSIFICATION PERFORMANCE ASSESSMENT (Tri-State)
================================================================================
--- Detailed Classification Report ---
              precision    recall  f1-score   support

         0.0      0.629     0.800     0.704      4221
         1.0      0.966     0.939     0.952     60630
         2.0      0.649     0.734     0.688      4301

    accuracy                          0.918     69152
   macro avg      0.748     0.824     0.782     69152
weighted avg      0.926     0.918     0.921     69152


--- Confusion Matrix ---
Rows = True, Columns = Predicted
             Sell     Hold      Buy
    Sell     3375      844        2
    Hold     1990    56932     1708
     Buy        1     1145     3155

--- Qualitative Assessment of Key Metrics ---
Metric                    Score   Assessment                               Trading Context
-------------------------   -------   ----------------------------------------   ------------------------------
Precision (Sell)          0.629   Good. Reliable performance.              Avoid false sell signals (support: 4221.0)
Recall (Sell)             0.800   Good. Reliable performance.              Find all sell opportunities (support: 4221.0)
F1-Score (Sell)           0.704   Good. Reliable performance.              Balanced performance on Sell signal (support: 4221.0)
Precision (Hold)          0.966   Excellent. Very strong performance.      Correctly identify neutral periods (support: 60630.0)
Recall (Hold)             0.939   Excellent. Very strong performance.      Find all neutral periods (support: 60630.0)
F1-Score (Hold)           0.952   Excellent. Very strong performance.      Balanced performance on Hold signal (support: 60630.0)
Precision (Buy)           0.649   Good. Reliable performance.              Avoid false buy signals (support: 4301.0)
Recall (Buy)              0.734   Good. Reliable performance.              Find all buy opportunities (support: 4301.0)
F1-Score (Buy)            0.688   Good. Reliable performance.              Balanced performance on Buy signal (support: 4301.0)

--- Overall Performance Metrics ---

--- Qualitative Assessment of Key Metrics ---
Metric                    Score   Assessment                               Trading Context
-------------------------   -------   ----------------------------------------   ------------------------------
Macro Avg Precision       0.748   Good. Reliable performance.              Average precision across all classes
Macro Avg Recall          0.824   Excellent. Very strong performance.      Average recall across all classes
Macro Avg F1-Score        0.782   Good. Reliable performance.              Average F1-score across all classes
Weighted Avg Precision    0.926   Excellent. Very strong performance.      Support-weighted average precision
Weighted Avg Recall       0.918   Excellent. Very strong performance.      Support-weighted average recall
Weighted Avg F1-Score     0.921   Excellent. Very strong performance.      Support-weighted average F1-score
MCC                       0.666   Excellent. Strong positive correlation.  Correlation between prediction and reality
Cohen's Kappa             0.663   Substantial. Strong agreement.           Agreement better than random chance

--- Summary and Recommendation ---
🌟 GOOD PERFORMANCE: The model shows strong balance (Macro F1-Score 0.782, Weighted F1-Score 0.921) and reliable correlation (MCC 0.666). All classes performing reasonably well.
================================================================================
    Trading - Sell:
        min: 0.000 max: 0.975, mean: 0.117
        signals > 0.500: 6733 (9.7%)
        counts: [51398, 4313, 2159, 1901, 2648, 4697, 1873, 149, 11, 3, 0]
        percentages: [0.74, 0.06, 0.03, 0.03, 0.04, 0.07, 0.03, 0.0, 0.0, 0.0, 0.0]
        cumulative: [0.74, 0.81, 0.84, 0.86, 0.9, 0.97, 1.0, 1.0, 1.0, 1.0, 1.0]
    Trading - Hold:
        min: 0.002 max: 0.972, mean: 0.778
        signals > 0.500: 57285 (82.8%)
        counts: [39, 34, 335, 3136, 8323, 6527, 4192, 4136, 8431, 33999, 0]
        percentages: [0.0, 0.0, 0.0, 0.05, 0.12, 0.09, 0.06, 0.06, 0.12, 0.49, 0.0]
        cumulative: [0.0, 0.0, 0.01, 0.05, 0.17, 0.27, 0.33, 0.39, 0.51, 1.0, 1.0]
    Trading - Buy:
        min: 0.000 max: 0.998, mean: 0.105
        signals > 0.500: 4741 (6.9%)
        counts: [52895, 4154, 2252, 1916, 3194, 3331, 1180, 176, 19, 35, 0]
        percentages: [0.76, 0.06, 0.03, 0.03, 0.05, 0.05, 0.02, 0.0, 0.0, 0.0, 0.0]
        cumulative: [0.76, 0.82, 0.86, 0.89, 0.93, 0.98, 1.0, 1.0, 1.0, 1.0, 1.0]

BCH/USDT
    Comparing actual vs predicted signals

================================================================================
CLASSIFICATION PERFORMANCE ASSESSMENT (Tri-State)
================================================================================
--- Detailed Classification Report ---
              precision    recall  f1-score   support

         0.0      0.544     0.701     0.612      5225
         1.0      0.935     0.911     0.923     59185
         2.0      0.536     0.536     0.536      4742

    accuracy                          0.870     69152
   macro avg      0.672     0.716     0.690     69152
weighted avg      0.878     0.870     0.873     69152


--- Confusion Matrix ---
Rows = True, Columns = Predicted
             Sell     Hold      Buy
    Sell     3662     1550       13
    Hold     3064    53934     2187
     Buy        7     2194     2541

--- Qualitative Assessment of Key Metrics ---
Metric                    Score   Assessment                               Trading Context
-------------------------   -------   ----------------------------------------   ------------------------------
Precision (Sell)          0.544   Okay. Acceptable, but needs improvement. Avoid false sell signals (support: 5225.0)
Recall (Sell)             0.701   Good. Reliable performance.              Find all sell opportunities (support: 5225.0)
F1-Score (Sell)           0.612   Good. Reliable performance.              Balanced performance on Sell signal (support: 5225.0)
Precision (Hold)          0.935   Excellent. Very strong performance.      Correctly identify neutral periods (support: 59185.0)
Recall (Hold)             0.911   Excellent. Very strong performance.      Find all neutral periods (support: 59185.0)
F1-Score (Hold)           0.923   Excellent. Very strong performance.      Balanced performance on Hold signal (support: 59185.0)
Precision (Buy)           0.536   Okay. Acceptable, but needs improvement. Avoid false buy signals (support: 4742.0)
Recall (Buy)              0.536   Okay. Acceptable, but needs improvement. Find all buy opportunities (support: 4742.0)
F1-Score (Buy)            0.536   Okay. Acceptable, but needs improvement. Balanced performance on Buy signal (support: 4742.0)

--- Overall Performance Metrics ---

--- Qualitative Assessment of Key Metrics ---
Metric                    Score   Assessment                               Trading Context
-------------------------   -------   ----------------------------------------   ------------------------------
Macro Avg Precision       0.672   Good. Reliable performance.              Average precision across all classes
Macro Avg Recall          0.716   Good. Reliable performance.              Average recall across all classes
Macro Avg F1-Score        0.690   Good. Reliable performance.              Average F1-score across all classes
Weighted Avg Precision    0.878   Excellent. Very strong performance.      Support-weighted average precision
Weighted Avg Recall       0.870   Excellent. Very strong performance.      Support-weighted average recall
Weighted Avg F1-Score     0.873   Excellent. Very strong performance.      Support-weighted average F1-score
MCC                       0.526   Good. Reliable positive correlation.     Correlation between prediction and reality
Cohen's Kappa             0.524   Moderate. Meaningful agreement.          Agreement better than random chance

--- Summary and Recommendation ---
🌟 GOOD PERFORMANCE: The model shows strong balance (Macro F1-Score 0.690, Weighted F1-Score 0.873) and reliable correlation (MCC 0.526). All classes performing reasonably well.
================================================================================
    Trading - Sell:
        min: 0.000 max: 0.971, mean: 0.117
        signals > 0.500: 6872 (9.9%)
        counts: [51541, 4320, 2202, 1729, 2488, 4440, 2230, 188, 12, 2, 0]
        percentages: [0.75, 0.06, 0.03, 0.03, 0.04, 0.06, 0.03, 0.0, 0.0, 0.0, 0.0]
        cumulative: [0.75, 0.81, 0.84, 0.86, 0.9, 0.96, 1.0, 1.0, 1.0, 1.0, 1.0]
    Trading - Hold:
        min: 0.001 max: 0.973, mean: 0.773
        signals > 0.500: 56488 (81.7%)
        counts: [13, 30, 536, 4045, 8040, 5866, 4002, 4408, 9114, 33098, 0]
        percentages: [0.0, 0.0, 0.01, 0.06, 0.12, 0.08, 0.06, 0.06, 0.13, 0.48, 0.0]
        cumulative: [0.0, 0.0, 0.01, 0.07, 0.18, 0.27, 0.33, 0.39, 0.52, 1.0, 1.0]
    Trading - Buy:
        min: 0.000 max: 0.999, mean: 0.110
        signals > 0.500: 5453 (7.9%)
        counts: [52083, 4423, 2297, 1944, 2952, 3323, 1765, 339, 15, 11, 0]
        percentages: [0.75, 0.06, 0.03, 0.03, 0.04, 0.05, 0.03, 0.0, 0.0, 0.0, 0.0]
        cumulative: [0.75, 0.82, 0.85, 0.88, 0.92, 0.97, 0.99, 1.0, 1.0, 1.0, 1.0]

DOT/USDT
    Comparing actual vs predicted signals

================================================================================
CLASSIFICATION PERFORMANCE ASSESSMENT (Tri-State)
================================================================================
--- Detailed Classification Report ---
              precision    recall  f1-score   support

         0.0      0.556     0.754     0.640      5066
         1.0      0.941     0.909     0.925     58812
         2.0      0.578     0.597     0.587      5274

    accuracy                          0.874     69152
   macro avg      0.691     0.753     0.717     69152
weighted avg      0.885     0.874     0.878     69152


--- Confusion Matrix ---
Rows = True, Columns = Predicted
             Sell     Hold      Buy
    Sell     3818     1240        8
    Hold     3048    53469     2295
     Buy        6     2118     3150

--- Qualitative Assessment of Key Metrics ---
Metric                    Score   Assessment                               Trading Context
-------------------------   -------   ----------------------------------------   ------------------------------
Precision (Sell)          0.556   Okay. Acceptable, but needs improvement. Avoid false sell signals (support: 5066.0)
Recall (Sell)             0.754   Good. Reliable performance.              Find all sell opportunities (support: 5066.0)
F1-Score (Sell)           0.640   Good. Reliable performance.              Balanced performance on Sell signal (support: 5066.0)
Precision (Hold)          0.941   Excellent. Very strong performance.      Correctly identify neutral periods (support: 58812.0)
Recall (Hold)             0.909   Excellent. Very strong performance.      Find all neutral periods (support: 58812.0)
F1-Score (Hold)           0.925   Excellent. Very strong performance.      Balanced performance on Hold signal (support: 58812.0)
Precision (Buy)           0.578   Okay. Acceptable, but needs improvement. Avoid false buy signals (support: 5274.0)
Recall (Buy)              0.597   Okay. Acceptable, but needs improvement. Find all buy opportunities (support: 5274.0)
F1-Score (Buy)            0.587   Okay. Acceptable, but needs improvement. Balanced performance on Buy signal (support: 5274.0)

--- Overall Performance Metrics ---

--- Qualitative Assessment of Key Metrics ---
Metric                    Score   Assessment                               Trading Context
-------------------------   -------   ----------------------------------------   ------------------------------
Macro Avg Precision       0.691   Good. Reliable performance.              Average precision across all classes
Macro Avg Recall          0.753   Good. Reliable performance.              Average recall across all classes
Macro Avg F1-Score        0.717   Good. Reliable performance.              Average F1-score across all classes
Weighted Avg Precision    0.885   Excellent. Very strong performance.      Support-weighted average precision
Weighted Avg Recall       0.874   Excellent. Very strong performance.      Support-weighted average recall
Weighted Avg F1-Score     0.878   Excellent. Very strong performance.      Support-weighted average F1-score
MCC                       0.565   Good. Reliable positive correlation.     Correlation between prediction and reality
Cohen's Kappa             0.562   Moderate. Meaningful agreement.          Agreement better than random chance

--- Summary and Recommendation ---
🌟 GOOD PERFORMANCE: The model shows strong balance (Macro F1-Score 0.717, Weighted F1-Score 0.878) and reliable correlation (MCC 0.565). All classes performing reasonably well.
================================================================================
    Trading - Sell:
        min: 0.000 max: 0.957, mean: 0.147
        signals > 0.500: 8157 (11.8%)
        counts: [47743, 3311, 1985, 2123, 5833, 6408, 1581, 160, 7, 1, 0]
        percentages: [0.69, 0.05, 0.03, 0.03, 0.08, 0.09, 0.02, 0.0, 0.0, 0.0, 0.0]
        cumulative: [0.69, 0.74, 0.77, 0.8, 0.88, 0.97, 1.0, 1.0, 1.0, 1.0, 1.0]
    Trading - Hold:
        min: 0.003 max: 0.975, mean: 0.728
        signals > 0.500: 56138 (81.2%)
        counts: [16, 27, 305, 2462, 10204, 13926, 5396, 3426, 5979, 27411, 0]
        percentages: [0.0, 0.0, 0.0, 0.04, 0.15, 0.2, 0.08, 0.05, 0.09, 0.4, 0.0]
        cumulative: [0.0, 0.0, 0.01, 0.04, 0.19, 0.39, 0.47, 0.52, 0.6, 1.0, 1.0]
    Trading - Buy:
        min: 0.000 max: 0.997, mean: 0.125
        signals > 0.500: 4326 (6.3%)
        counts: [49493, 3105, 2064, 2995, 7169, 3354, 803, 135, 19, 15, 0]
        percentages: [0.72, 0.04, 0.03, 0.04, 0.1, 0.05, 0.01, 0.0, 0.0, 0.0, 0.0]
        cumulative: [0.72, 0.76, 0.79, 0.83, 0.94, 0.99, 1.0, 1.0, 1.0, 1.0, 1.0]

NEO/USDT
    Comparing actual vs predicted signals

================================================================================
CLASSIFICATION PERFORMANCE ASSESSMENT (Tri-State)
================================================================================
--- Detailed Classification Report ---
              precision    recall  f1-score   support

         0.0      0.395     0.605     0.478      5318
         1.0      0.914     0.873     0.893     59289
         2.0      0.404     0.385     0.394      4545

    accuracy                          0.821     69152
   macro avg      0.571     0.621     0.588     69152
weighted avg      0.840     0.821     0.828     69152


--- Confusion Matrix ---
Rows = True, Columns = Predicted
             Sell     Hold      Buy
    Sell     3218     2093        7
    Hold     4933    51785     2571
     Buy        6     2791     1748

--- Qualitative Assessment of Key Metrics ---
Metric                    Score   Assessment                               Trading Context
-------------------------   -------   ----------------------------------------   ------------------------------
Precision (Sell)          0.395   Poor. Significant room for improvement.  Avoid false sell signals (support: 5318.0)
Recall (Sell)             0.605   Good. Reliable performance.              Find all sell opportunities (support: 5318.0)
F1-Score (Sell)           0.478   Okay. Acceptable, but needs improvement. Balanced performance on Sell signal (support: 5318.0)
Precision (Hold)          0.914   Excellent. Very strong performance.      Correctly identify neutral periods (support: 59289.0)
Recall (Hold)             0.873   Excellent. Very strong performance.      Find all neutral periods (support: 59289.0)
F1-Score (Hold)           0.893   Excellent. Very strong performance.      Balanced performance on Hold signal (support: 59289.0)
Precision (Buy)           0.404   Okay. Acceptable, but needs improvement. Avoid false buy signals (support: 4545.0)
Recall (Buy)              0.385   Poor. Significant room for improvement.  Find all buy opportunities (support: 4545.0)
F1-Score (Buy)            0.394   Poor. Significant room for improvement.  Balanced performance on Buy signal (support: 4545.0)

--- Overall Performance Metrics ---

--- Qualitative Assessment of Key Metrics ---
Metric                    Score   Assessment                               Trading Context
-------------------------   -------   ----------------------------------------   ------------------------------
Macro Avg Precision       0.571   Okay. Acceptable, but needs improvement. Average precision across all classes
Macro Avg Recall          0.621   Good. Reliable performance.              Average recall across all classes
Macro Avg F1-Score        0.588   Okay. Acceptable, but needs improvement. Average F1-score across all classes2026-05-29 09:55:51,929 - freqtrade.misc - INFO - dumping json to "/Users/philprice95/Documents/freqtrade/user_data/backtest_results/backtest-result-2026-05-29_09-55-51.meta.json"

Weighted Avg Precision    0.840   Excellent. Very strong performance.      Support-weighted average precision
Weighted Avg Recall       0.821   Excellent. Very strong performance.      Support-weighted average recall
Weighted Avg F1-Score     0.828   Excellent. Very strong performance.      Support-weighted average F1-score
MCC                       0.373   Okay. Weak but meaningful correlation.   Correlation between prediction and reality
Cohen's Kappa             0.369   Fair. Weak agreement.                    Agreement better than random chance

--- Summary and Recommendation ---
⚠️ CONCERN: Buy class recall is only 0.385. The model is missing over 61% of available 'Buy' signals. **Priority: Improve Buy Recall and overall F1.**
================================================================================
Result for strategy NNNC_DDPM_MLX_LSTM
                                              BACKTESTING REPORT                                              
┏━━━━━━━━━━━┳━━━━━━━━┳━━━━━━━━━━━━━━┳━━━━━━━━━━━━━━━━━┳━━━━━━━━━━━━━━┳━━━━━━━━━━━━━━┳━━━━━━━━━━━━━━━━━━━━━━━━┓
┃      Pair ┃ Trades ┃ Avg Profit % ┃ Tot Profit USDT ┃ Tot Profit % ┃ Avg Duration ┃  Win  Draw  Loss  Win% ┃
┡━━━━━━━━━━━╇━━━━━━━━╇━━━━━━━━━━━━━━╇━━━━━━━━━━━━━━━━━╇━━━━━━━━━━━━━━╇━━━━━━━━━━━━━━╇━━━━━━━━━━━━━━━━━━━━━━━━┩
│  XRP/USDT │    202 │         0.27 │         498.711 │         4.99 │      4:01:00 │  120     0    82  59.4 │
│  SUI/USDT │    147 │         0.27 │         358.818 │         3.59 │      3:35:00 │   78     0    69  53.1 │
│ DASH/USDT │      6 │         3.98 │         215.060 │         2.15 │      1:25:00 │    6     0     0   100 │
│  ZEC/USDT │    108 │         0.19 │         189.680 │          1.9 │      2:50:00 │   55     0    53  50.9 │
│  SOL/USDT │    183 │          0.1 │         172.712 │         1.73 │      4:57:00 │  102     0    81  55.7 │
│  DOT/USDT │     34 │         0.23 │          71.182 │         0.71 │      2:34:00 │   19     0    15  55.9 │
│ LINK/USDT │     85 │         0.06 │          43.524 │         0.44 │      3:07:00 │   40     0    45  47.1 │
│  BCH/USDT │      4 │         0.47 │          16.964 │         0.17 │      3:19:00 │    2     0     2  50.0 │
│  NEO/USDT │      2 │         -0.0 │          -0.086 │         -0.0 │      1:52:00 │    1     0     1  50.0 │
│  LTC/USDT │     83 │        -0.02 │         -15.363 │        -0.15 │      2:58:00 │   42     0    41  50.6 │
│ NEAR/USDT │     20 │        -0.27 │         -49.265 │        -0.49 │      2:13:00 │   12     0     8  60.0 │
│ AAVE/USDT │     18 │        -0.44 │         -71.090 │        -0.71 │      1:48:00 │   10     0     8  55.6 │
│ AVAX/USDT │     56 │        -0.51 │        -257.010 │        -2.57 │      2:24:00 │   24     0    32  42.9 │
│     TOTAL │    948 │         0.14 │        1173.837 │        11.74 │      3:35:00 │  511     0   437  53.9 │
└───────────┴────────┴──────────────┴─────────────────┴──────────────┴──────────────┴────────────────────────┘
                                         LEFT OPEN TRADES REPORT                                          
┏━━━━━━━┳━━━━━━━━┳━━━━━━━━━━━━━━┳━━━━━━━━━━━━━━━━━┳━━━━━━━━━━━━━━┳━━━━━━━━━━━━━━┳━━━━━━━━━━━━━━━━━━━━━━━━┓
┃  Pair ┃ Trades ┃ Avg Profit % ┃ Tot Profit USDT ┃ Tot Profit % ┃ Avg Duration ┃  Win  Draw  Loss  Win% ┃
┡━━━━━━━╇━━━━━━━━╇━━━━━━━━━━━━━━╇━━━━━━━━━━━━━━━━━╇━━━━━━━━━━━━━━╇━━━━━━━━━━━━━━╇━━━━━━━━━━━━━━━━━━━━━━━━┩
│ TOTAL │      0 │          0.0 │           0.000 │          0.0 │         0:00 │    0     0     0     0 │
└───────┴────────┴──────────────┴─────────────────┴──────────────┴──────────────┴────────────────────────┘
                                                 ENTER TAG STATS                                                  
┏━━━━━━━━━━━━━━┳━━━━━━━━━┳━━━━━━━━━━━━━━┳━━━━━━━━━━━━━━━━━┳━━━━━━━━━━━━━━┳━━━━━━━━━━━━━━┳━━━━━━━━━━━━━━━━━━━━━━━━┓
┃    Enter Tag ┃ Entries ┃ Avg Profit % ┃ Tot Profit USDT ┃ Tot Profit % ┃ Avg Duration ┃  Win  Draw  Loss  Win% ┃
┡━━━━━━━━━━━━━━╇━━━━━━━━━╇━━━━━━━━━━━━━━╇━━━━━━━━━━━━━━━━━╇━━━━━━━━━━━━━━╇━━━━━━━━━━━━━━╇━━━━━━━━━━━━━━━━━━━━━━━━┩
│  model_entry │     948 │         0.14 │        1173.837 │        11.74 │      3:35:00 │  511     0   437  53.9 │
│        TOTAL │     948 │         0.14 │        1173.837 │        11.74 │      3:35:00 │  511     0   437  53.9 │
└──────────────┴─────────┴──────────────┴─────────────────┴──────────────┴──────────────┴────────────────────────┘
                                               EXIT REASON STATS                                               
┏━━━━━━━━━━━━━┳━━━━━━━┳━━━━━━━━━━━━━━┳━━━━━━━━━━━━━━━━━┳━━━━━━━━━━━━━━┳━━━━━━━━━━━━━━┳━━━━━━━━━━━━━━━━━━━━━━━━┓
┃ Exit Reason ┃ Exits ┃ Avg Profit % ┃ Tot Profit USDT ┃ Tot Profit % ┃ Avg Duration ┃  Win  Draw  Loss  Win% ┃
┡━━━━━━━━━━━━━╇━━━━━━━╇━━━━━━━━━━━━━━╇━━━━━━━━━━━━━━━━━╇━━━━━━━━━━━━━━╇━━━━━━━━━━━━━━╇━━━━━━━━━━━━━━━━━━━━━━━━┩
│ take_profit │   365 │         2.91 │        9562.686 │        95.63 │      2:42:00 │  365     0     0   100 │
│         roi │    93 │          3.0 │        2513.107 │        25.13 │      3:06:00 │   93     0     0   100 │
│  model_exit │    23 │         1.88 │         389.753 │          3.9 │      7:14:00 │   23     0     0   100 │
│  unclog_12h │    30 │         0.91 │         247.175 │         2.47 │     13:24:00 │   30     0     0   100 │
│   stop_loss │   437 │        -2.93 │      -11538.885 │      -115.39 │      3:33:00 │    0     0   437     0 │
│       TOTAL │   948 │         0.14 │        1173.837 │        11.74 │      3:35:00 │  511     0   437  53.9 │
└─────────────┴───────┴──────────────┴─────────────────┴──────────────┴──────────────┴────────────────────────┘
                                                        MIXED TAG STATS                                                        
┏━━━━━━━━━━━━━━┳━━━━━━━━━━━━━┳━━━━━━━━┳━━━━━━━━━━━━━━┳━━━━━━━━━━━━━━━━━┳━━━━━━━━━━━━━━┳━━━━━━━━━━━━━━┳━━━━━━━━━━━━━━━━━━━━━━━━┓
┃    Enter Tag ┃ Exit Reason ┃ Trades ┃ Avg Profit % ┃ Tot Profit USDT ┃ Tot Profit % ┃ Avg Duration ┃  Win  Draw  Loss  Win% ┃
┡━━━━━━━━━━━━━━╇━━━━━━━━━━━━━╇━━━━━━━━╇━━━━━━━━━━━━━━╇━━━━━━━━━━━━━━━━━╇━━━━━━━━━━━━━━╇━━━━━━━━━━━━━━╇━━━━━━━━━━━━━━━━━━━━━━━━┩
│  model_entry │ take_profit │    365 │         2.91 │        9562.686 │        95.63 │      2:42:00 │  365     0     0   100 │
│  model_entry │         roi │     93 │          3.0 │        2513.107 │        25.13 │      3:06:00 │   93     0     0   100 │
│  model_entry │  model_exit │     23 │         1.88 │         389.753 │          3.9 │      7:14:00 │   23     0     0   100 │
│  model_entry │  unclog_12h │     30 │         0.91 │         247.175 │         2.47 │     13:24:00 │   30     0     0   100 │
│  model_entry │   stop_loss │    437 │        -2.93 │      -11538.885 │      -115.39 │      3:33:00 │    0     0   437     0 │
│        TOTAL │             │    948 │         0.14 │        1173.837 │        11.74 │      3:35:00 │  511     0   437  53.9 │
└──────────────┴─────────────┴────────┴──────────────┴─────────────────┴──────────────┴──────────────┴────────────────────────┘
                                 MONTH BREAKDOWN                                  
┏━━━━━━━━━━━━┳━━━━━━━━┳━━━━━━━━━━━━━━━━━┳━━━━━━━━━━━━━━━┳━━━━━━━━━━━━━━━━━━━━━━━━┓
┃      Month ┃ Trades ┃ Tot Profit USDT ┃ Profit Factor ┃  Win  Draw  Loss  Win% ┃
┡━━━━━━━━━━━━╇━━━━━━━━╇━━━━━━━━━━━━━━━━━╇━━━━━━━━━━━━━━━╇━━━━━━━━━━━━━━━━━━━━━━━━┩
│ 30/06/2024 │      8 │          36.553 │          1.56 │    5     0     3  62.5 │
│ 31/07/2024 │     14 │         -20.532 │          0.88 │    7     0     7  50.0 │
│ 31/08/2024 │     36 │        -181.403 │          0.73 │   15     0    21  41.7 │
│ 30/09/2024 │      6 │          36.426 │           1.9 │    4     0     2  66.7 │
│ 31/10/2024 │     23 │           3.666 │          1.01 │   13     0    10  56.5 │
│ 30/11/2024 │     99 │         685.654 │          1.84 │   65     0    34  65.7 │
│ 31/12/2024 │    175 │         279.374 │          1.14 │   97     0    78  55.4 │
│ 31/01/2025 │     83 │         483.708 │           1.7 │   52     0    31  62.7 │
│ 28/02/2025 │    107 │        -364.987 │          0.77 │   53     0    54  49.5 │
│ 31/03/2025 │     57 │         -85.566 │          0.89 │   27     0    30  47.4 │
│ 30/04/2025 │     27 │        -130.907 │          0.67 │   12     0    15  44.4 │
│ 31/05/2025 │     17 │         -51.929 │          0.74 │    8     0     9  47.1 │
│ 30/06/2025 │      3 │          67.843 │           0.0 │    3     0     0   100 │
│ 31/07/2025 │     30 │           -1.67 │          0.99 │   16     0    14  53.3 │
│ 31/08/2025 │     24 │         -40.486 │          0.83 │   12     0    12  50.0 │
│ 30/09/2025 │      3 │          18.258 │          1.93 │    2     0     1  66.7 │
│ 31/10/2025 │     58 │         237.399 │          1.29 │   29     0    29  50.0 │
│ 30/11/2025 │     94 │         381.282 │           1.3 │   50     0    44  53.2 │
│ 31/12/2025 │     18 │         -71.696 │          0.73 │    9     0     9  50.0 │
│ 31/01/2026 │     15 │          56.936 │          1.34 │   10     0     5  66.7 │
│ 28/02/2026 │     32 │         -28.552 │          0.94 │   15     0    17  46.9 │
│ 31/03/2026 │      2 │         -14.536 │          0.27 │    1     0     1  50.0 │
│ 30/04/2026 │      2 │          -7.069 │          0.64 │    1     0     1  50.0 │
│ 31/05/2026 │     15 │        -113.928 │           0.5 │    5     0    10  33.3 │
└────────────┴────────┴─────────────────┴───────────────┴────────────────────────┘
                                   SUMMARY METRICS                                    
┏━━━━━━━━━━━━━━━━━━━━━━━━━━━━━━━━━━━━━━━━┳━━━━━━━━━━━━━━━━━━━━━━━━━━━━━━━━━━━━━━━━━━━┓
┃ Metric                                 ┃ Value                                     ┃
┡━━━━━━━━━━━━━━━━━━━━━━━━━━━━━━━━━━━━━━━━╇━━━━━━━━━━━━━━━━━━━━━━━━━━━━━━━━━━━━━━━━━━━┩
│ Backtesting from                       │ 2024-06-08 00:00:00                       │
│ Backtesting to                         │ 2026-05-28 15:45:00                       │
│ Trading Mode                           │ Spot                                      │
│ Max open trades                        │ 10                                        │
│                                        │                                           │
│ Total/Daily Avg Trades                 │ 948 / 1.32                                │
│ Starting balance                       │ 10000 USDT                                │
│ Final balance                          │ 11173.837 USDT                            │
│ Absolute profit                        │ 1173.837 USDT                             │
│ Total profit %                         │ 11.74%                                    │
│ CAGR %                                 │ 5.80%                                     │
│ Sharpe (closed trades)                 │ 1.08                                      │
│ Sortino (closed trades)                │ 2.35                                      │
│ Calmar (closed trades)                 │ 4.64                                      │
│ SQN                                    │ 1.32                                      │
│ Profit factor                          │ 1.10                                      │
│ Expectancy (Ratio)                     │ 1.24 (0.05)                               │
│ Avg. daily profit                      │ 1.633 USDT                                │
│ Avg. stake amount                      │ 899.879 USDT                              │
│ Market change                          │ 138.98%                                   │
│ Total trade volume                     │ 1710761.714 USDT                          │
│                                        │                                           │
│ Best Pair                              │ XRP/USDT 4.99%                            │
│ Worst Pair                             │ AVAX/USDT -2.57%                          │
│ Best trade                             │ XRP/USDT 15.25%                           │
│ Worst trade                            │ LTC/USDT -17.45%                          │
│ Best day                               │ 286.655 USDT                              │
│ Worst day                              │ -347.96 USDT                              │
│ Days win/draw/lose                     │ 159 / 449 / 106                           │
│ Min/Max/Avg. Duration Winners          │ 0d 01:00 / 0d 23:15 / 0d 03:36            │
│ Min/Max/Avg. Duration Losers           │ 0d 01:00 / 1d 08:15 / 0d 03:33            │
│ Max Consecutive Wins / Loss            │ 12 / 12                                   │
│ Rejected Entry signals                 │ 1                                         │
│ Entry/Exit Timeouts                    │ 0 / 0                                     │
│                                        │                                           │
│ Min/Max balance (closed trades)        │ 9509.114 USDT / 11440.536 USDT            │
│ Max % of account underwater            │ 6.72%                                     │
│ Absolute drawdown                      │ 765.065 USDT (6.72%)                      │
│ Drawdown duration                      │ 63 days 23:00:00                          │
│ Profit at drawdown start               │ 1387.87 USDT                              │
│ Profit at drawdown end                 │ 622.805 USDT                              │
│ Drawdown start                         │ 2025-02-02 08:30:00                       │
│ Drawdown end                           │ 2025-04-07 07:30:00                       │
│                                        │                                           │
│ Wallet based Metrics                   │                                           │
│ Min/Max balance (wallet balance)       │ 9479.106 USDT / 11459.379 USDT            │
│ Min/Max balance dates (wallet balance) │ 2024-08-05 06:45:00 / 2026-02-04 22:30:00 │
│ Max % of account underwater (balance)  │ 6.96%                                     │
│ Absolute drawdown (wallet balance)     │ 793.834 USDT (6.96%)                      │
│ Drawdown duration                      │ 63 days 21:00:00                          │
│ Profit at drawdown start               │ 1403.764 USDT                             │
│ Profit at drawdown end                 │ 609.931 USDT                              │
│ Drawdown start                         │ 2025-02-02 10:00:00                       │
│ Drawdown end                           │ 2025-04-07 07:00:00                       │
│ Sharpe (daily wallet balance)          │ 0.86                                      │
│ Sortino (daily wallet balance)         │ 0.61                                      │
│ Calmar (daily wallet balance)          │ 4.48                                      │
└────────────────────────────────────────┴───────────────────────────────────────────┘

Backtested 2024-06-08 00:00:00 -> 2026-05-28 15:45:00 | Max open trades : 10
                                                              STRATEGY SUMMARY                                                               
┏━━━━━━━━━━━━━━━━━━━━┳━━━━━━━━┳━━━━━━━━━━━━━━┳━━━━━━━━━━━━━━━━━┳━━━━━━━━━━━━━━┳━━━━━━━━━━━━━━┳━━━━━━━━━━━━━━━━━━━━━━━━┳━━━━━━━━━━━━━━━━━━━━━┓
┃           Strategy ┃ Trades ┃ Avg Profit % ┃ Tot Profit USDT ┃ Tot Profit % ┃ Avg Duration ┃  Win  Draw  Loss  Win% ┃            Drawdown ┃
┡━━━━━━━━━━━━━━━━━━━━╇━━━━━━━━╇━━━━━━━━━━━━━━╇━━━━━━━━━━━━━━━━━╇━━━━━━━━━━━━━━╇━━━━━━━━━━━━━━╇━━━━━━━━━━━━━━━━━━━━━━━━╇━━━━━━━━━━━━━━━━━━━━━┩
│ NNNC_DDPM_MLX_LSTM │    948 │         0.14 │        1173.837 │        11.74 │      3:35:00 │  511     0   437  53.9 │ 765.065 USDT  6.72% │
└────────────────────┴────────┴──────────────┴─────────────────┴──────────────┴──────────────┴────────────────────────┴─────────────────────┘

