2026-05-30 08:12:22,885 - freqtrade - INFO - freqtrade 2026.4-dev-63819fa7e
2026-05-30 08:12:23,604 - numexpr.utils - INFO - NumExpr defaulting to 14 threads.

Using config file: user_data/strategies/config/config.json and Strategy dir: user_data/strategies/NNNC

Sat May 30 08:12:24 PDT 2026
Testing strategy:NNNC_DDPM_MLX for exchange:...
freqtrade backtesting --cache none  --breakdown month --timerange=20240609-20260530 -c user_data/strategies/config/config.json --strategy-path user_data/strategies/NNNC --strategy-list NNNC_DDPM_MLX
2026-05-30 08:12:24,644 - freqtrade - INFO - freqtrade 2026.4-dev-63819fa7e
2026-05-30 08:12:24,797 - numexpr.utils - INFO - NumExpr defaulting to 14 threads.
2026-05-30 08:12:25,361 - freqtrade.configuration.load_config - INFO - Using config: user_data/strategies/config/config.json ...
2026-05-30 08:12:25,362 - freqtrade.loggers - INFO - Enabling colorized output.
2026-05-30 08:12:25,363 - freqtrade.loggers - INFO - Logfile configured
2026-05-30 08:12:25,363 - freqtrade.loggers - INFO - Verbosity set to 0
2026-05-30 08:12:25,363 - freqtrade.configuration.configuration - INFO - Using additional Strategy lookup path: user_data/strategies/NNNC
2026-05-30 08:12:25,363 - freqtrade.configuration.configuration - INFO - Using max_open_trades: 10 ...
2026-05-30 08:12:25,363 - freqtrade.configuration.configuration - INFO - Parameter --timerange detected: 20240609-20260530 ...
2026-05-30 08:12:25,363 - freqtrade.configuration.configuration - INFO - Using user-data directory: /Users/philprice95/Documents/freqtrade/user_data ...
2026-05-30 08:12:25,363 - freqtrade.configuration.configuration - INFO - Using data directory: /Users/philprice95/Documents/freqtrade/user_data/data/binanceus ...
2026-05-30 08:12:25,363 - freqtrade.configuration.configuration - INFO - Using strategy list of 1 strategies
2026-05-30 08:12:25,363 - freqtrade.configuration.configuration - INFO - Parameter --breakdown detected ...
2026-05-30 08:12:25,364 - freqtrade.configuration.configuration - INFO - Parameter --cache=none detected ...
2026-05-30 08:12:25,364 - freqtrade.configuration.configuration - INFO - Filter trades by timerange: 20240609-20260530
2026-05-30 08:12:25,364 - freqtrade.exchange.check_exchange - INFO - Checking exchange...
2026-05-30 08:12:25,370 - freqtrade.exchange.check_exchange - INFO - Exchange "binanceus" is officially supported by the Freqtrade development team.
2026-05-30 08:12:25,370 - freqtrade.configuration.configuration - INFO - Using pairlist from configuration.
2026-05-30 08:12:25,370 - freqtrade.configuration.config_validation - INFO - Validating configuration ...
2026-05-30 08:12:25,371 - freqtrade.commands.optimize_commands - INFO - Starting freqtrade in Backtesting mode
2026-05-30 08:12:25,372 - freqtrade.exchange.exchange - INFO - Instance is running with dry_run enabled
2026-05-30 08:12:25,372 - freqtrade.exchange.exchange - INFO - Using CCXT 4.5.50
2026-05-30 08:12:25,380 - freqtrade.exchange.exchange - INFO - Using Exchange "Binance US"
2026-05-30 08:12:25,634 - freqtrade.resolvers.exchange_resolver - INFO - Using resolved exchange 'Binanceus'...
/Users/philprice95/Documents/freqtrade/.venv/lib/python3.12/site-packages/_distutils_hack/__init__.py:15: UserWarning: Distutils was imported before Setuptools, but importing Setuptools also replaces the `distutils` module in `sys.modules`. This may lead to undesirable behaviors or errors. To avoid these issues, avoid using distutils directly, ensure that setuptools is installed in the traditional way (e.g. not an editable install), and/or make sure that setuptools is always imported before distutils.
  warnings.warn(
/Users/philprice95/Documents/freqtrade/.venv/lib/python3.12/site-packages/_distutils_hack/__init__.py:30: UserWarning: Setuptools is replacing distutils. Support for replacing an already imported distutils is deprecated. In the future, this condition will fail. Register concerns at https://github.com/pypa/setuptools/issues/new?template=distutils-deprecation.yml
  warnings.warn(
2026-05-30 08:12:28,234 - freqtrade.resolvers.iresolver - INFO - Using resolved strategy NNNC_DDPM_MLX from '/Users/philprice95/Documents/freqtrade/user_data/strategies/NNNC/NNNC_DDPM_MLX.py'...
2026-05-30 08:12:28,235 - freqtrade.strategy.hyper - INFO - Found no parameter file.
2026-05-30 08:12:28,235 - freqtrade.resolvers.strategy_resolver - INFO - Override strategy 'timeframe' with value from the configuration: 15m.
2026-05-30 08:12:28,235 - freqtrade.resolvers.strategy_resolver - INFO - Override strategy 'order_types' with value from the configuration: {'entry': 'limit', 'exit': 'market', 'emergency_exit': 
'market', 'force_exit': 'market', 'force_entry': 'market', 'stoploss': 'market', 'stoploss_on_exchange': False, 'stoploss_price_type': 'last', 'stoploss_on_exchange_interval': 60, 
'stoploss_on_exchange_limit_ratio': 0.99}.
2026-05-30 08:12:28,235 - freqtrade.resolvers.strategy_resolver - INFO - Override strategy 'stake_currency' with value from the configuration: USDT.
2026-05-30 08:12:28,235 - freqtrade.resolvers.strategy_resolver - INFO - Override strategy 'stake_amount' with value from the configuration: 900.
2026-05-30 08:12:28,236 - freqtrade.resolvers.strategy_resolver - INFO - Override strategy 'unfilledtimeout' with value from the configuration: {'entry': 10, 'exit': 10, 'exit_timeout_count': 0, 
'unit': 'minutes'}.
2026-05-30 08:12:28,236 - freqtrade.resolvers.strategy_resolver - INFO - Override strategy 'max_open_trades' with value from the configuration: 10.
2026-05-30 08:12:28,236 - freqtrade.resolvers.strategy_resolver - INFO - Strategy using minimal_roi: {'0': 0.03}
2026-05-30 08:12:28,236 - freqtrade.resolvers.strategy_resolver - INFO - Strategy using timeframe: 15m
2026-05-30 08:12:28,236 - freqtrade.resolvers.strategy_resolver - INFO - Strategy using stoploss: -0.05
2026-05-30 08:12:28,236 - freqtrade.resolvers.strategy_resolver - INFO - Strategy using trailing_stop: False
2026-05-30 08:12:28,236 - freqtrade.resolvers.strategy_resolver - INFO - Strategy using trailing_stop_positive: 0.01
2026-05-30 08:12:28,236 - freqtrade.resolvers.strategy_resolver - INFO - Strategy using trailing_stop_positive_offset: 0.03
2026-05-30 08:12:28,236 - freqtrade.resolvers.strategy_resolver - INFO - Strategy using trailing_only_offset_is_reached: True
2026-05-30 08:12:28,236 - freqtrade.resolvers.strategy_resolver - INFO - Strategy using use_custom_stoploss: True
2026-05-30 08:12:28,236 - freqtrade.resolvers.strategy_resolver - INFO - Strategy using process_only_new_candles: True
2026-05-30 08:12:28,237 - freqtrade.resolvers.strategy_resolver - INFO - Strategy using order_types: {'entry': 'limit', 'exit': 'market', 'emergency_exit': 'market', 'force_exit': 'market', 
'force_entry': 'market', 'stoploss': 'market', 'stoploss_on_exchange': False, 'stoploss_price_type': 'last', 'stoploss_on_exchange_interval': 60, 'stoploss_on_exchange_limit_ratio': 0.99}
2026-05-30 08:12:28,237 - freqtrade.resolvers.strategy_resolver - INFO - Strategy using order_time_in_force: {'entry': 'GTC', 'exit': 'GTC'}
2026-05-30 08:12:28,237 - freqtrade.resolvers.strategy_resolver - INFO - Strategy using stake_currency: USDT
2026-05-30 08:12:28,237 - freqtrade.resolvers.strategy_resolver - INFO - Strategy using stake_amount: 900
2026-05-30 08:12:28,237 - freqtrade.resolvers.strategy_resolver - INFO - Strategy using startup_candle_count: 64
2026-05-30 08:12:28,237 - freqtrade.resolvers.strategy_resolver - INFO - Strategy using unfilledtimeout: {'entry': 10, 'exit': 10, 'exit_timeout_count': 0, 'unit': 'minutes'}
2026-05-30 08:12:28,237 - freqtrade.resolvers.strategy_resolver - INFO - Strategy using use_exit_signal: True
2026-05-30 08:12:28,237 - freqtrade.resolvers.strategy_resolver - INFO - Strategy using exit_profit_only: True
2026-05-30 08:12:28,237 - freqtrade.resolvers.strategy_resolver - INFO - Strategy using ignore_roi_if_entry_signal: True
2026-05-30 08:12:28,237 - freqtrade.resolvers.strategy_resolver - INFO - Strategy using exit_profit_offset: 0.0
2026-05-30 08:12:28,237 - freqtrade.resolvers.strategy_resolver - INFO - Strategy using disable_dataframe_checks: False
2026-05-30 08:12:28,238 - freqtrade.resolvers.strategy_resolver - INFO - Strategy using ignore_buying_expired_candle_after: 0
2026-05-30 08:12:28,238 - freqtrade.resolvers.strategy_resolver - INFO - Strategy using position_adjustment_enable: False
2026-05-30 08:12:28,238 - freqtrade.resolvers.strategy_resolver - INFO - Strategy using max_entry_position_adjustment: -1
2026-05-30 08:12:28,238 - freqtrade.resolvers.strategy_resolver - INFO - Strategy using max_open_trades: 10
2026-05-30 08:12:28,238 - freqtrade.configuration.config_validation - INFO - Validating configuration ...
2026-05-30 08:12:28,241 - freqtrade.resolvers.iresolver - INFO - Using resolved pairlist StaticPairList from '/Users/philprice95/Documents/freqtrade/freqtrade/plugins/pairlist/StaticPairList.py'...
2026-05-30 08:12:28,244 - freqtrade.optimize.backtesting - INFO - Using fee 0.1000% - worst case fee from exchange (lowest tier).
2026-05-30 08:12:28,348 - freqtrade.data.history.datahandlers.idatahandler - INFO - Price jump in ZEC/USDT, 15m, spot between two candles of 33.14% detected.
2026-05-30 08:12:28,489 - freqtrade.optimize.backtesting - INFO - Loading data from 2024-06-08 08:00:00 up to 2026-05-30 00:00:00 (720 days).
2026-05-30 08:12:30,629 - freqtrade.optimize.backtesting - INFO - Dataload complete. Calculating indicators
2026-05-30 08:12:30,630 - freqtrade.optimize.backtesting - INFO - Running backtesting for Strategy NNNC_DDPM_MLX
2026-05-30 08:12:30,650 - freqtrade.strategy.hyper - INFO - Strategy Parameter: cexit_enable_profit_checks = True
2026-05-30 08:12:30,650 - freqtrade.strategy.hyper - INFO - Strategy Parameter: cexit_max_days = 5
2026-05-30 08:12:30,650 - freqtrade.strategy.hyper - INFO - Strategy Parameter: cexit_take_profit = 0.02
2026-05-30 08:12:30,650 - freqtrade.strategy.hyper - INFO - Strategy Parameter: enable_exit_signal = True
2026-05-30 08:12:30,650 - freqtrade.strategy.hyper - INFO - Strategy Parameter: exit_close_norm_threshold = 0.0
2026-05-30 08:12:30,650 - freqtrade.strategy.hyper - INFO - Strategy Parameter: exit_guard_threshold = 0.5
2026-05-30 08:12:30,651 - freqtrade.strategy.hyper - INFO - Strategy Parameter: entry_adx_threshold = 20.0
2026-05-30 08:12:30,651 - freqtrade.strategy.hyper - INFO - Strategy Parameter: entry_atr_pct = 0.006
2026-05-30 08:12:30,651 - freqtrade.strategy.hyper - INFO - Strategy Parameter: entry_bb_width_threshold = 0.014
2026-05-30 08:12:30,651 - freqtrade.strategy.hyper - INFO - Strategy Parameter: entry_close_norm_threshold = 0.0
2026-05-30 08:12:30,651 - freqtrade.strategy.hyper - INFO - Strategy Parameter: entry_enable_guards = True
2026-05-30 08:12:30,651 - freqtrade.strategy.hyper - INFO - Strategy Parameter: entry_guard_threshold = -0.5
2026-05-30 08:12:30,651 - freqtrade.strategy.hyper - INFO - Strategy Parameter: entry_rvol_threshold = 1.0
2026-05-30 08:12:30,651 - freqtrade.strategy.hyper - INFO - Strategy Parameter: prediction_threshold = 0.75

----------------------
NNNC_DDPM_MLX
----------------------


Software Environment:

    freqtrade:  2026.4-dev-63819fa7e
    OS Type:    darwin (MacOS), Version: macOS-26.4.1-arm64-arm-64bit
    python:     ['3.12.13 (main, Mar  3 2026, 12:39:30) [Clang 21.0.0 (clang-2100.0.123.102)]']
    sklearn:    1.8.0
    tensorflow: 2.17.0, devices:[PhysicalDevice(name='/physical_device:CPU:0', device_type='CPU'), PhysicalDevice(name='/physical_device:GPU:0', device_type='GPU')]
    keras:      3.14.0
    pytorch:    (not installed)
    lightning:  (not installed)
    darts:      (not installed)


    Current Hyperopt Parameters:
      Buy Parameters:
        entry_adx_threshold: 20.0
        entry_atr_pct: 0.006
        entry_bb_width_threshold: 0.014
        entry_close_norm_threshold: 0.0
        entry_enable_guards: True
        entry_guard_threshold: -0.5
        entry_rvol_threshold: 1.0
        prediction_threshold: 0.75
        cexit_enable_profit_checks: True
        cexit_max_days: 2
        cexit_take_profit: 0.002
        profit_prediction_threshold: 0.3
        apply_task_filters: True

      Sell Parameters:
        cexit_enable_profit_checks: True
        cexit_max_days: 5
        cexit_take_profit: 0.02
        enable_exit_signal: True
        exit_close_norm_threshold: 0.0
        exit_guard_threshold: 0.5

Strategy Parameters/Flags

    refit_model:    False
    model_per_pair: False
    combine_models: False

    ZEC/USDT - adding indicators...
        Buy signals: found 4849 initial peaks, filtered to 4849 peaks with >=0.5% future gain
        Sell signals: found 5538 initial peaks, filtered to 5538 peaks with >=0.5% future loss
        Signal counts: buys=7131, sells=9495, conflicts=0
        Final trading_classes counts: buys=7131, sells=9495
        Trading distribution: [ 9495 52559  7131] [13.7%, 76.0%, 10.3%]
        %train_buy/%train_sell counts: buys=7131, sells=9495, holds=52559
    XRP/USDT - adding indicators...
        Buy signals: found 2371 initial peaks, filtered to 2371 peaks with >=0.5% future gain
        Sell signals: found 2420 initial peaks, filtered to 2420 peaks with >=0.5% future loss
        Signal counts: buys=3972, sells=4362, conflicts=0
        Final trading_classes counts: buys=3972, sells=4362
        Trading distribution: [ 4362 60851  3972] [6.3%, 88.0%, 5.7%]
        %train_buy/%train_sell counts: buys=3972, sells=4362, holds=60851
    SOL/USDT - adding indicators...
        Buy signals: found 2440 initial peaks, filtered to 2440 peaks with >=0.5% future gain
        Sell signals: found 2130 initial peaks, filtered to 2130 peaks with >=0.5% future loss
        Signal counts: buys=4194, sells=3878, conflicts=0
        Final trading_classes counts: buys=4194, sells=3878
        Trading distribution: [ 3878 61113  4194] [5.6%, 88.3%, 6.1%]
        %train_buy/%train_sell counts: buys=4194, sells=3878, holds=61113
    LINK/USDT - adding indicators...
        Buy signals: found 2924 initial peaks, filtered to 2924 peaks with >=0.5% future gain
        Sell signals: found 2806 initial peaks, filtered to 2806 peaks with >=0.5% future loss
        Signal counts: buys=4896, sells=5091, conflicts=0
        Final trading_classes counts: buys=4896, sells=5091
        Trading distribution: [ 5091 59198  4896] [7.4%, 85.6%, 7.1%]
        %train_buy/%train_sell counts: buys=4896, sells=5091, holds=59198
    NEAR/USDT - adding indicators...
        Buy signals: found 4686 initial peaks, filtered to 4683 peaks with >=0.5% future gain
        Sell signals: found 4452 initial peaks, filtered to 4452 peaks with >=0.5% future loss
        Signal counts: buys=7221, sells=7688, conflicts=0
        Final trading_classes counts: buys=7221, sells=7688
        Trading distribution: [ 7688 54276  7221] [11.1%, 78.5%, 10.4%]
        %train_buy/%train_sell counts: buys=7221, sells=7688, holds=54276
    AAVE/USDT - adding indicators...
        Buy signals: found 3785 initial peaks, filtered to 3785 peaks with >=0.5% future gain
        Sell signals: found 3810 initial peaks, filtered to 3810 peaks with >=0.5% future loss
        Signal counts: buys=5945, sells=6644, conflicts=0
        Final trading_classes counts: buys=5945, sells=6644
        Trading distribution: [ 6644 56596  5945] [9.6%, 81.8%, 8.6%]
        %train_buy/%train_sell counts: buys=5945, sells=6644, holds=56596
    SUI/USDT - adding indicators...
        Buy signals: found 4957 initial peaks, filtered to 4957 peaks with >=0.5% future gain
        Sell signals: found 4712 initial peaks, filtered to 4712 peaks with >=0.5% future loss
        Signal counts: buys=7865, sells=8273, conflicts=0
        Final trading_classes counts: buys=7865, sells=8273
        Trading distribution: [ 8273 53047  7865] [12.0%, 76.7%, 11.4%]
        %train_buy/%train_sell counts: buys=7865, sells=8273, holds=53047
    AVAX/USDT - adding indicators...
        Buy signals: found 3177 initial peaks, filtered to 3177 peaks with >=0.5% future gain
        Sell signals: found 2841 initial peaks, filtered to 2841 peaks with >=0.5% future loss
        Signal counts: buys=5245, sells=5144, conflicts=0
        Final trading_classes counts: buys=5245, sells=5144
        Trading distribution: [ 5144 58796  5245] [7.4%, 85.0%, 7.6%]
        %train_buy/%train_sell counts: buys=5245, sells=5144, holds=58796
    LTC/USDT - adding indicators...
        Buy signals: found 2618 initial peaks, filtered to 2618 peaks with >=0.5% future gain
        Sell signals: found 2327 initial peaks, filtered to 2327 peaks with >=0.5% future loss
        Signal counts: buys=4291, sells=4221, conflicts=0
        Final trading_classes counts: buys=4291, sells=4221
        Trading distribution: [ 4221 60673  4291] [6.1%, 87.7%, 6.2%]
        %train_buy/%train_sell counts: buys=4291, sells=4221, holds=60673
    BCH/USDT - adding indicators...
        Buy signals: found 3033 initial peaks, filtered to 3033 peaks with >=0.5% future gain
        Sell signals: found 2893 initial peaks, filtered to 2893 peaks with >=0.5% future loss
        Signal counts: buys=4745, sells=5241, conflicts=0
        Final trading_classes counts: buys=4745, sells=5241
        Trading distribution: [ 5241 59199  4745] [7.6%, 85.6%, 6.9%]
        %train_buy/%train_sell counts: buys=4745, sells=5241, holds=59199
    DOT/USDT - adding indicators...
        Buy signals: found 3208 initial peaks, filtered to 3206 peaks with >=0.5% future gain
        Sell signals: found 2863 initial peaks, filtered to 2863 peaks with >=0.5% future loss
        Signal counts: buys=5269, sells=5071, conflicts=0
        Final trading_classes counts: buys=5269, sells=5071
        Trading distribution: [ 5071 58845  5269] [7.3%, 85.1%, 7.6%]
        %train_buy/%train_sell counts: buys=5269, sells=5071, holds=58845
    Training model on 11 pairs
    Main scaler loaded from /Users/philprice95/Documents/freqtrade/user_data/strategies/saved_data/
    PCA data loaded: n_components=20
    Columns exceeding ±10 before clipping: [('bb_width', -1.0680694537894508, 20.080857580712188)]
    GAN scaler A loaded from /Users/philprice95/Documents/freqtrade/user_data/strategies/saved_data/
      columns: ['bb_width', 'atr_norm', 'rsi_scaled', 'mfi_scaled', 'guard_metric_pos', 'guard_metric_neg', 'gain_norm', 'macdhist_norm', 'ema_fast_norm', 'macd_pos', 'macd_neg', 'fastk_scaled', 'fast_diff', 'adx_scaled', 'aroonosc_scaled', 'bb_position', 'vwap_pos', 'vwap_neg', 'di_diff_scaled', 'sar_ratio', 'spread_ma', 'cci_scaled', 'fisher_ss', 'cg_ss']
    balance_single_task: class counts {0: 7520, 1: 42439, 2: 5374} (gan_type=TAB_DDPM)
    balance_single_task: per-class additions {0: 22187, 2: 24333}
      autoencoder threshold filter: kept 21000/22187 synth samples for class 0 (threshold=0.01, attempt 1)
      autoencoder threshold filter: kept 1187/1505 synth samples for class 0 (threshold=0.01, attempt 2)
      generated 22187 samples for class 0 (target 22187, 2 attempts, 23692 drawn)
      autoencoder threshold filter: kept 22780/24333 synth samples for class 2 (threshold=0.01, attempt 1)
      autoencoder threshold filter: kept 1553/1991 synth samples for class 2 (threshold=0.01, attempt 2)
      generated 24333 samples for class 2 (target 24333, 2 attempts, 26324 drawn)
    balance_single_task: rows 55333 -> 101853; counts {0: 7520, 1: 42439, 2: 5374} -> {0: 29707, 1: 42439, 2: 29707}
    === GAN fidelity diagnostic (real vs synthetic) — pair=ZEC/USDT ===
      real rows:      55333    synth rows:      46520    features: 24
      task        cls     N_real      N_syn    |Δμ|max    σ_syn/σ_real  flag
      ----------------------------------------------------------------------
      class         0       7520      22187      0.47σ   0.54/ 1.02  ok
      class         1      42439          0          -               -  no synth
      class         2       5374      24333      0.45σ   0.57/ 1.07  ok

      worst features per bucket (top 2 by severity):
        class==0:
          bb_width              real μ= -0.406 σ= 0.354    syn μ= -0.571 σ= 0.191    Δμ=-0.47σ  σ_ratio=0.54
          rsi_scaled            real μ= +0.305 σ= 0.255    syn μ= +0.232 σ= 0.230    Δμ=-0.29σ  σ_ratio=0.90
          guard_metric_pos      real μ= +0.613 σ= 0.261    syn μ= +0.549 σ= 0.277    Δμ=-0.25σ  σ_ratio=1.06
        class==2:
          bb_width              real μ= -0.439 σ= 0.320    syn μ= -0.582 σ= 0.182    Δμ=-0.45σ  σ_ratio=0.57
          di_diff_scaled        real μ= -0.593 σ= 0.488    syn μ= -0.438 σ= 0.572    Δμ=+0.32σ  σ_ratio=1.17
          vwap_pos              real μ= +0.393 σ= 0.771    syn μ= +0.166 σ= 0.827    Δμ=-0.30σ  σ_ratio=1.07

    === Joint-distribution diagnostic (correlation matrix) ===
      task        cls  used_real   used_syn   |Δρ|max   |Δρ|mean  flag
      ----------------------------------------------------------------------
      class         0       7520      22187     0.159      0.042  ok
      class         2       5374      24333     0.259      0.073  ok

      worst feature PAIRS per bucket (top 2 by |Δρ|):
        class==2:
          guard_metric_pos   × fastk_scaled        real ρ=+0.23  syn ρ=+0.49  Δρ=-0.26
          fastk_scaled       × cci_scaled          real ρ=+0.52  syn ρ=+0.75  Δρ=-0.23
          guard_metric_pos   × bb_position         real ρ=+0.36  syn ρ=+0.58  Δρ=-0.22
        class==0:
          guard_metric_pos   × cci_scaled          real ρ=+0.47  syn ρ=+0.63  Δρ=-0.16
          guard_metric_neg   × cci_scaled          real ρ=-0.39  syn ρ=-0.54  Δρ=+0.16
          guard_metric_pos   × bb_position         real ρ=+0.49  syn ρ=+0.64  Δρ=-0.15
    Columns exceeding ±10 before clipping: [('bb_width', -1.0680694537894508, 18.213930545629577)]
    balance_single_task: class counts {0: 3865, 1: 47923, 2: 3545} (gan_type=TAB_DDPM)
    balance_single_task: per-class additions {0: 29681, 2: 30001}
      autoencoder threshold filter: kept 28145/29681 synth samples for class 0 (threshold=0.01, attempt 1)
      autoencoder threshold filter: kept 1536/1944 synth samples for class 0 (threshold=0.01, attempt 2)
      generated 29681 samples for class 0 (target 29681, 2 attempts, 31625 drawn)
      autoencoder threshold filter: kept 28060/30001 synth samples for class 2 (threshold=0.01, attempt 1)
      autoencoder threshold filter: kept 1941/2491 synth samples for class 2 (threshold=0.01, attempt 2)
      generated 30001 samples for class 2 (target 30001, 2 attempts, 32492 drawn)
    balance_single_task: rows 55333 -> 115015; counts {0: 3865, 1: 47923, 2: 3545} -> {0: 33546, 1: 47923, 2: 33546}
    === GAN fidelity diagnostic (real vs synthetic) — pair=XRP/USDT ===
      real rows:      55333    synth rows:      59682    features: 24
      task        cls     N_real      N_syn    |Δμ|max    σ_syn/σ_real  flag
      ----------------------------------------------------------------------
      class         0       3865      29681      0.84σ   0.67/ 1.23  ok
      class         1      47923          0          -               -  no synth
      class         2       3545      30001      0.68σ   0.77/ 1.30  joint_drift

      worst features per bucket (top 2 by severity):
        class==0:
          guard_metric_neg      real μ= +0.019 σ= 0.038    syn μ= +0.051 σ= 0.104    Δμ=+0.84σ  σ_ratio=2.73
          guard_metric_pos      real μ= +0.661 σ= 0.240    syn μ= +0.545 σ= 0.277    Δμ=-0.49σ  σ_ratio=1.16
          vwap_pos              real μ= -0.927 σ= 0.270    syn μ= -0.804 σ= 0.465    Δμ=+0.46σ  σ_ratio=1.72
        class==2:
          guard_metric_pos      real μ= +0.018 σ= 0.038    syn μ= +0.043 σ= 0.092    Δμ=+0.68σ  σ_ratio=2.43
          vwap_neg              real μ= -0.944 σ= 0.238    syn μ= -0.785 σ= 0.495    Δμ=+0.67σ  σ_ratio=2.08
          vwap_pos              real μ= +0.532 σ= 0.659    syn μ= +0.177 σ= 0.827    Δμ=-0.54σ  σ_ratio=1.26

    === Joint-distribution diagnostic (correlation matrix) ===
      task        cls  used_real   used_syn   |Δρ|max   |Δρ|mean  flag
      ----------------------------------------------------------------------
      class         0       3865      29681     0.216      0.053  ok
      class         2       3545      30001     0.337      0.079  joint_drift

      worst feature PAIRS per bucket (top 2 by |Δρ|):
        class==2:
          fastk_scaled       × vwap_neg            real ρ=+0.07  syn ρ=+0.41  Δρ=-0.34
          macd_pos           × fastk_scaled        real ρ=+0.01  syn ρ=+0.33  Δρ=-0.32
          guard_metric_pos   × fastk_scaled        real ρ=+0.18  syn ρ=+0.48  Δρ=-0.30
        class==0:
          macd_neg           × sar_ratio           real ρ=-0.05  syn ρ=+0.17  Δρ=-0.22
          guard_metric_neg   × fastk_scaled        real ρ=-0.25  syn ρ=-0.44  Δρ=+0.20
          adx_scaled         × sar_ratio           real ρ=+0.23  syn ρ=+0.04  Δρ=+0.19
    Columns exceeding ±10 before clipping: [('bb_width', -1.0680694537894508, 14.391531789097137)]
    balance_single_task: class counts {0: 3325, 1: 48337, 2: 3671} (gan_type=TAB_DDPM)
    balance_single_task: per-class additions {0: 30510, 2: 30164}
      autoencoder threshold filter: kept 28899/30510 synth samples for class 0 (threshold=0.01, attempt 1)
      autoencoder threshold filter: kept 1611/2041 synth samples for class 0 (threshold=0.01, attempt 2)
      generated 30510 samples for class 0 (target 30510, 2 attempts, 32551 drawn)
      autoencoder threshold filter: kept 28157/30164 synth samples for class 2 (threshold=0.01, attempt 1)
      autoencoder threshold filter: kept 2007/2581 synth samples for class 2 (threshold=0.01, attempt 2)
      generated 30164 samples for class 2 (target 30164, 2 attempts, 32745 drawn)
    balance_single_task: rows 55333 -> 116007; counts {0: 3325, 1: 48337, 2: 3671} -> {0: 33835, 1: 48337, 2: 33835}
    === GAN fidelity diagnostic (real vs synthetic) — pair=SOL/USDT ===
      real rows:      55333    synth rows:      60674    features: 24
      task        cls     N_real      N_syn    |Δμ|max    σ_syn/σ_real  flag
      ----------------------------------------------------------------------
      class         0       3325      30510      0.73σ   0.92/ 1.31  ok
      class         1      48337          0          -               -  no synth
      class         2       3671      30164      0.97σ   0.99/ 1.36  ok

      worst features per bucket (top 2 by severity):
        class==2:
          guard_metric_pos      real μ= +0.014 σ= 0.031    syn μ= +0.045 σ= 0.094    Δμ=+0.97σ  σ_ratio=3.00
          vwap_neg              real μ= -0.952 σ= 0.212    syn μ= -0.779 σ= 0.497    Δμ=+0.82σ  σ_ratio=2.34
          vwap_pos              real μ= +0.556 σ= 0.654    syn μ= +0.160 σ= 0.831    Δμ=-0.60σ  σ_ratio=1.27
        class==0:
          guard_metric_neg      real μ= +0.018 σ= 0.045    syn μ= +0.050 σ= 0.104    Δμ=+0.73σ  σ_ratio=2.29
          vwap_pos              real μ= -0.956 σ= 0.211    syn μ= -0.810 σ= 0.458    Δμ=+0.69σ  σ_ratio=2.17
          macd_neg              real μ= +0.025 σ= 0.103    syn μ= +0.092 σ= 0.214    Δμ=+0.66σ  σ_ratio=2.08

    === Joint-distribution diagnostic (correlation matrix) ===
      task        cls  used_real   used_syn   |Δρ|max   |Δρ|mean  flag
      ----------------------------------------------------------------------
      class         0       3325      30510     0.237      0.057  ok
      class         2       3671      30164     0.287      0.073  ok

      worst feature PAIRS per bucket (top 2 by |Δρ|):
        class==2:
          adx_scaled         × sar_ratio           real ρ=-0.34  syn ρ=-0.05  Δρ=-0.29
          sar_ratio          × fisher_ss           real ρ=-0.45  syn ρ=-0.18  Δρ=-0.27
          macdhist_norm      × adx_scaled          real ρ=+0.37  syn ρ=+0.10  Δρ=+0.26
        class==0:
          guard_metric_neg   × fastk_scaled        real ρ=-0.21  syn ρ=-0.44  Δρ=+0.24
          guard_metric_neg   × sar_ratio           real ρ=+0.01  syn ρ=+0.23  Δρ=-0.23
          macd_neg           × sar_ratio           real ρ=-0.05  syn ρ=+0.17  Δρ=-0.22
    Columns exceeding ±10 before clipping: [('bb_width', -1.0680694537894508, 10.954913368089288)]
    balance_single_task: class counts {0: 4594, 1: 46306, 2: 4433} (gan_type=TAB_DDPM)
    balance_single_task: per-class additions {0: 27820, 2: 27981}
      autoencoder threshold filter: kept 26376/27820 synth samples for class 0 (threshold=0.01, attempt 1)
      autoencoder threshold filter: kept 1444/1828 synth samples for class 0 (threshold=0.01, attempt 2)
      generated 27820 samples for class 0 (target 27820, 2 attempts, 29648 drawn)
      autoencoder threshold filter: kept 26157/27981 synth samples for class 2 (threshold=0.01, attempt 1)
      autoencoder threshold filter: kept 1824/2342 synth samples for class 2 (threshold=0.01, attempt 2)
      generated 27981 samples for class 2 (target 27981, 2 attempts, 30323 drawn)
    balance_single_task: rows 55333 -> 111134; counts {0: 4594, 1: 46306, 2: 4433} -> {0: 32414, 1: 46306, 2: 32414}
    === GAN fidelity diagnostic (real vs synthetic) — pair=LINK/USDT ===
      real rows:      55333    synth rows:      55801    features: 24
      task        cls     N_real      N_syn    |Δμ|max    σ_syn/σ_real  flag
      ----------------------------------------------------------------------
      class         0       4594      27820      0.80σ   0.83/ 1.24  ok
      class         1      46306          0          -               -  no synth
      class         2       4433      27981      0.91σ   0.80/ 1.29  ok

      worst features per bucket (top 2 by severity):
        class==2:
          guard_metric_pos      real μ= +0.015 σ= 0.033    syn μ= +0.045 σ= 0.096    Δμ=+0.91σ  σ_ratio=2.89
          vwap_neg              real μ= -0.937 σ= 0.251    syn μ= -0.776 σ= 0.501    Δμ=+0.64σ  σ_ratio=2.00
          vwap_pos              real μ= +0.536 σ= 0.676    syn μ= +0.157 σ= 0.831    Δμ=-0.56σ  σ_ratio=1.23
        class==0:
          guard_metric_neg      real μ= +0.019 σ= 0.041    syn μ= +0.051 σ= 0.106    Δμ=+0.80σ  σ_ratio=2.56
          guard_metric_pos      real μ= +0.673 σ= 0.235    syn μ= +0.544 σ= 0.277    Δμ=-0.55σ  σ_ratio=1.18
          bb_position           real μ= +0.621 σ= 0.299    syn μ= +0.476 σ= 0.375    Δμ=-0.49σ  σ_ratio=1.25

    === Joint-distribution diagnostic (correlation matrix) ===
      task        cls  used_real   used_syn   |Δρ|max   |Δρ|mean  flag
      ----------------------------------------------------------------------
      class         0       4594      27820     0.226      0.054  ok
      class         2       4433      27981     0.248      0.067  ok

      worst feature PAIRS per bucket (top 2 by |Δρ|):
        class==2:
          macd_pos           × sar_ratio           real ρ=+0.01  syn ρ=-0.24  Δρ=+0.25
          adx_scaled         × sar_ratio           real ρ=-0.30  syn ρ=-0.05  Δρ=-0.24
          guard_metric_pos   × sar_ratio           real ρ=-0.05  syn ρ=-0.30  Δρ=+0.24
        class==0:
          guard_metric_neg   × fastk_scaled        real ρ=-0.22  syn ρ=-0.44  Δρ=+0.23
          guard_metric_neg   × sar_ratio           real ρ=+0.03  syn ρ=+0.24  Δρ=-0.21
          cci_scaled         × fisher_ss           real ρ=+0.38  syn ρ=+0.18  Δρ=+0.20
    Columns exceeding ±10 before clipping: [('bb_width', -1.0680694537894508, 16.67909512941433)]
    balance_single_task: class counts {0: 6430, 1: 42950, 2: 5953} (gan_type=TAB_DDPM)
    balance_single_task: per-class additions {0: 23634, 2: 24111}
      autoencoder threshold filter: kept 22348/23634 synth samples for class 0 (threshold=0.01, attempt 1)
      autoencoder threshold filter: kept 1286/1633 synth samples for class 0 (threshold=0.01, attempt 2)
      generated 23634 samples for class 0 (target 23634, 2 attempts, 25267 drawn)
      autoencoder threshold filter: kept 22573/24111 synth samples for class 2 (threshold=0.01, attempt 1)
      autoencoder threshold filter: kept 1538/1972 synth samples for class 2 (threshold=0.01, attempt 2)
      generated 24111 samples for class 2 (target 24111, 2 attempts, 26083 drawn)
    balance_single_task: rows 55333 -> 103078; counts {0: 6430, 1: 42950, 2: 5953} -> {0: 30064, 1: 42950, 2: 30064}
    === GAN fidelity diagnostic (real vs synthetic) — pair=NEAR/USDT ===
      real rows:      55333    synth rows:      47745    features: 24
      task        cls     N_real      N_syn    |Δμ|max    σ_syn/σ_real  flag
      ----------------------------------------------------------------------
      class         0       6430      23634      0.49σ   0.99/ 1.16  ok
      class         1      42950          0          -               -  no synth
      class         2       5953      24111      0.60σ   0.81/ 1.19  ok

      worst features per bucket (top 2 by severity):
        class==2:
          vwap_neg              real μ= -0.933 σ= 0.249    syn μ= -0.783 σ= 0.494    Δμ=+0.60σ  σ_ratio=1.98
          guard_metric_pos      real μ= +0.022 σ= 0.045    syn μ= +0.044 σ= 0.092    Δμ=+0.49σ  σ_ratio=2.06
          fastk_scaled          real μ= -0.706 σ= 0.386    syn μ= -0.525 σ= 0.497    Δμ=+0.47σ  σ_ratio=1.29
        class==0:
          guard_metric_neg      real μ= +0.024 σ= 0.055    syn μ= +0.051 σ= 0.105    Δμ=+0.49σ  σ_ratio=1.90
          fastk_scaled          real μ= +0.693 σ= 0.404    syn μ= +0.530 σ= 0.479    Δμ=-0.40σ  σ_ratio=1.18
          macd_neg              real μ= +0.040 σ= 0.132    syn μ= +0.093 σ= 0.214    Δμ=+0.40σ  σ_ratio=1.63

    === Joint-distribution diagnostic (correlation matrix) ===
      task        cls  used_real   used_syn   |Δρ|max   |Δρ|mean  flag
      ----------------------------------------------------------------------
      class         0       6430      23634     0.183      0.048  ok
      class         2       5953      24111     0.298      0.064  ok

      worst feature PAIRS per bucket (top 2 by |Δρ|):
        class==2:
          guard_metric_pos   × fast_diff           real ρ=+0.38  syn ρ=+0.08  Δρ=+0.30
          guard_metric_pos   × fastk_scaled        real ρ=+0.24  syn ρ=+0.48  Δρ=-0.24
          guard_metric_neg   × fastk_scaled        real ρ=-0.29  syn ρ=-0.53  Δρ=+0.23
        class==0:
          guard_metric_neg   × bb_position         real ρ=-0.37  syn ρ=-0.55  Δρ=+0.18
          guard_metric_pos   × sar_ratio           real ρ=-0.07  syn ρ=-0.25  Δρ=+0.18
          guard_metric_neg   × cci_scaled          real ρ=-0.37  syn ρ=-0.55  Δρ=+0.18
    Columns exceeding ±10 before clipping: [('bb_width', -1.0680694537894508, 17.216480661271323)]
    balance_single_task: class counts {0: 6000, 1: 44096, 2: 5237} (gan_type=TAB_DDPM)
    balance_single_task: per-class additions {0: 24867, 2: 25630}
      autoencoder threshold filter: kept 23539/24867 synth samples for class 0 (threshold=0.01, attempt 1)
      autoencoder threshold filter: kept 1328/1684 synth samples for class 0 (threshold=0.01, attempt 2)
      generated 24867 samples for class 0 (target 24867, 2 attempts, 26551 drawn)
      autoencoder threshold filter: kept 24035/25630 synth samples for class 2 (threshold=0.01, attempt 1)
      autoencoder threshold filter: kept 1595/2042 synth samples for class 2 (threshold=0.01, attempt 2)
      generated 25630 samples for class 2 (target 25630, 2 attempts, 27672 drawn)
    balance_single_task: rows 55333 -> 105830; counts {0: 6000, 1: 44096, 2: 5237} -> {0: 30867, 1: 44096, 2: 30867}
    === GAN fidelity diagnostic (real vs synthetic) — pair=AAVE/USDT ===
      real rows:      55333    synth rows:      50497    features: 24
      task        cls     N_real      N_syn    |Δμ|max    σ_syn/σ_real  flag
      ----------------------------------------------------------------------
      class         0       6000      24867      0.49σ   0.87/ 1.15  ok
      class         1      44096          0          -               -  no synth
      class         2       5237      25630      0.54σ   0.86/ 1.18  ok

      worst features per bucket (top 2 by severity):
        class==2:
          vwap_neg              real μ= -0.924 σ= 0.274    syn μ= -0.777 σ= 0.502    Δμ=+0.54σ  σ_ratio=1.83
          guard_metric_pos      real μ= +0.023 σ= 0.046    syn μ= +0.045 σ= 0.096    Δμ=+0.49σ  σ_ratio=2.06
          fastk_scaled          real μ= -0.715 σ= 0.396    syn μ= -0.527 σ= 0.499    Δμ=+0.48σ  σ_ratio=1.26
        class==0:
          guard_metric_neg      real μ= +0.023 σ= 0.057    syn μ= +0.051 σ= 0.105    Δμ=+0.49σ  σ_ratio=1.84
          bb_position           real μ= +0.606 σ= 0.310    syn μ= +0.476 σ= 0.374    Δμ=-0.42σ  σ_ratio=1.21
          guard_metric_pos      real μ= +0.648 σ= 0.245    syn μ= +0.547 σ= 0.277    Δμ=-0.42σ  σ_ratio=1.13

    === Joint-distribution diagnostic (correlation matrix) ===
      task        cls  used_real   used_syn   |Δρ|max   |Δρ|mean  flag
      ----------------------------------------------------------------------
      class         0       6000      24867     0.185      0.048  ok
      class         2       5237      25630     0.228      0.067  ok

      worst feature PAIRS per bucket (top 2 by |Δρ|):
        class==2:
          guard_metric_pos   × fastk_scaled        real ρ=+0.26  syn ρ=+0.49  Δρ=-0.23
          guard_metric_pos   × bb_position         real ρ=+0.37  syn ρ=+0.59  Δρ=-0.22
          macd_pos           × bb_position         real ρ=+0.20  syn ρ=+0.42  Δρ=-0.22
        class==0:
          guard_metric_neg   × cci_scaled          real ρ=-0.36  syn ρ=-0.55  Δρ=+0.18
          guard_metric_neg   × bb_position         real ρ=-0.37  syn ρ=-0.55  Δρ=+0.18
          guard_metric_pos   × cci_scaled          real ρ=+0.46  syn ρ=+0.63  Δρ=-0.17
    Columns exceeding ±10 before clipping: [('bb_width', -1.0680694537894508, 14.51217557394414)]
    balance_single_task: class counts {0: 7201, 1: 41231, 2: 6901} (gan_type=TAB_DDPM)
    balance_single_task: per-class additions {0: 21660, 2: 21960}
      autoencoder threshold filter: kept 20552/21660 synth samples for class 0 (threshold=0.01, attempt 1)
      autoencoder threshold filter: kept 1108/1402 synth samples for class 0 (threshold=0.01, attempt 2)
      generated 21660 samples for class 0 (target 21660, 2 attempts, 23062 drawn)
      autoencoder threshold filter: kept 20537/21960 synth samples for class 2 (threshold=0.01, attempt 1)
      autoencoder threshold filter: kept 1423/1826 synth samples for class 2 (threshold=0.01, attempt 2)
      generated 21960 samples for class 2 (target 21960, 2 attempts, 23786 drawn)
    balance_single_task: rows 55333 -> 98953; counts {0: 7201, 1: 41231, 2: 6901} -> {0: 28861, 1: 41231, 2: 28861}
    === GAN fidelity diagnostic (real vs synthetic) — pair=SUI/USDT ===
      real rows:      55333    synth rows:      43620    features: 24
      task        cls     N_real      N_syn    |Δμ|max    σ_syn/σ_real  flag
      ----------------------------------------------------------------------
      class         0       7201      21660      0.56σ   0.79/ 1.15  ok
      class         1      41231          0          -               -  no synth
      class         2       6901      21960      0.51σ   0.87/ 1.20  ok

      worst features per bucket (top 2 by severity):
        class==0:
          guard_metric_neg      real μ= +0.023 σ= 0.050    syn μ= +0.052 σ= 0.106    Δμ=+0.56σ  σ_ratio=2.11
          bb_position           real μ= +0.597 σ= 0.309    syn μ= +0.475 σ= 0.374    Δμ=-0.40σ  σ_ratio=1.21
          cci_scaled            real μ= +0.520 σ= 0.283    syn μ= +0.411 σ= 0.331    Δμ=-0.39σ  σ_ratio=1.17
        class==2:
          vwap_neg              real μ= -0.922 σ= 0.278    syn μ= -0.782 σ= 0.498    Δμ=+0.51σ  σ_ratio=1.79
          guard_metric_pos      real μ= +0.022 σ= 0.045    syn μ= +0.044 σ= 0.094    Δμ=+0.50σ  σ_ratio=2.10
          bb_position           real μ= -0.630 σ= 0.293    syn μ= -0.515 σ= 0.382    Δμ=+0.39σ  σ_ratio=1.30

    === Joint-distribution diagnostic (correlation matrix) ===
      task        cls  used_real   used_syn   |Δρ|max   |Δρ|mean  flag
      ----------------------------------------------------------------------
      class         0       7201      21660     0.220      0.054  ok
      class         2       6901      21960     0.229      0.068  ok

      worst feature PAIRS per bucket (top 2 by |Δρ|):
        class==2:
          guard_metric_pos   × fastk_scaled        real ρ=+0.25  syn ρ=+0.48  Δρ=-0.23
          guard_metric_neg   × fastk_scaled        real ρ=-0.30  syn ρ=-0.53  Δρ=+0.23
          guard_metric_neg   × sar_ratio           real ρ=+0.10  syn ρ=+0.30  Δρ=-0.19
        class==0:
          macdhist_norm      × adx_scaled          real ρ=-0.28  syn ρ=-0.06  Δρ=-0.22
          guard_metric_neg   × fastk_scaled        real ρ=-0.23  syn ρ=-0.44  Δρ=+0.22
          adx_scaled         × sar_ratio           real ρ=+0.24  syn ρ=+0.04  Δρ=+0.21
    Columns exceeding ±10 before clipping: [('bb_width', -1.0680694537894508, 14.93599675328293)]
    balance_single_task: class counts {0: 4642, 1: 45909, 2: 4782} (gan_type=TAB_DDPM)
    balance_single_task: per-class additions {0: 27494, 2: 27354}
      autoencoder threshold filter: kept 26041/27494 synth samples for class 0 (threshold=0.01, attempt 1)
      autoencoder threshold filter: kept 1453/1841 synth samples for class 0 (threshold=0.01, attempt 2)
      generated 27494 samples for class 0 (target 27494, 2 attempts, 29335 drawn)
      autoencoder threshold filter: kept 25549/27354 synth samples for class 2 (threshold=0.01, attempt 1)
      autoencoder threshold filter: kept 1805/2320 synth samples for class 2 (threshold=0.01, attempt 2)
      generated 27354 samples for class 2 (target 27354, 2 attempts, 29674 drawn)
    balance_single_task: rows 55333 -> 110181; counts {0: 4642, 1: 45909, 2: 4782} -> {0: 32136, 1: 45909, 2: 32136}
    === GAN fidelity diagnostic (real vs synthetic) — pair=AVAX/USDT ===
      real rows:      55333    synth rows:      54848    features: 24
      task        cls     N_real      N_syn    |Δμ|max    σ_syn/σ_real  flag
      ----------------------------------------------------------------------
      class         0       4642      27494      0.69σ   0.99/ 1.26  ok
      class         1      45909          0          -               -  no synth
      class         2       4782      27354      0.89σ   0.83/ 1.31  ok

      worst features per bucket (top 2 by severity):
        class==2:
          guard_metric_pos      real μ= +0.015 σ= 0.034    syn μ= +0.045 σ= 0.095    Δμ=+0.89σ  σ_ratio=2.82
          vwap_neg              real μ= -0.951 σ= 0.224    syn μ= -0.779 σ= 0.496    Δμ=+0.77σ  σ_ratio=2.22
          bb_position           real μ= -0.666 σ= 0.279    syn μ= -0.507 σ= 0.384    Δμ=+0.57σ  σ_ratio=1.38
        class==0:
          guard_metric_neg      real μ= +0.019 σ= 0.045    syn μ= +0.050 σ= 0.102    Δμ=+0.69σ  σ_ratio=2.28
          vwap_pos              real μ= -0.947 σ= 0.236    syn μ= -0.814 σ= 0.454    Δμ=+0.56σ  σ_ratio=1.93
          macd_neg              real μ= +0.028 σ= 0.112    syn μ= +0.091 σ= 0.211    Δμ=+0.56σ  σ_ratio=1.89

    === Joint-distribution diagnostic (correlation matrix) ===
      task        cls  used_real   used_syn   |Δρ|max   |Δρ|mean  flag
      ----------------------------------------------------------------------
      class         0       4642      27494     0.207      0.052  ok
      class         2       4782      27354     0.245      0.072  ok

      worst feature PAIRS per bucket (top 2 by |Δρ|):
        class==2:
          vwap_neg           × cci_scaled          real ρ=+0.21  syn ρ=+0.46  Δρ=-0.25
          adx_scaled         × sar_ratio           real ρ=-0.30  syn ρ=-0.05  Δρ=-0.24
          macd_pos           × sar_ratio           real ρ=+0.02  syn ρ=-0.23  Δρ=+0.24
        class==0:
          sar_ratio          × fisher_ss           real ρ=-0.40  syn ρ=-0.20  Δρ=-0.21
          cci_scaled         × fisher_ss           real ρ=+0.39  syn ρ=+0.18  Δρ=+0.20
          guard_metric_neg   × fastk_scaled        real ρ=-0.23  syn ρ=-0.43  Δρ=+0.20
    Columns exceeding ±10 before clipping: [('bb_width', -1.0680694537894508, 20.956767751595606)]
    balance_single_task: class counts {0: 3691, 1: 47883, 2: 3759} (gan_type=TAB_DDPM)
    balance_single_task: per-class additions {0: 29827, 2: 29759}
      autoencoder threshold filter: kept 28249/29827 synth samples for class 0 (threshold=0.01, attempt 1)
      autoencoder threshold filter: kept 1578/2000 synth samples for class 0 (threshold=0.01, attempt 2)
      generated 29827 samples for class 0 (target 29827, 2 attempts, 31827 drawn)
      autoencoder threshold filter: kept 27798/29759 synth samples for class 2 (threshold=0.01, attempt 1)
      autoencoder threshold filter: kept 1961/2520 synth samples for class 2 (threshold=0.01, attempt 2)
      generated 29759 samples for class 2 (target 29759, 2 attempts, 32279 drawn)
    balance_single_task: rows 55333 -> 114919; counts {0: 3691, 1: 47883, 2: 3759} -> {0: 33518, 1: 47883, 2: 33518}
    === GAN fidelity diagnostic (real vs synthetic) — pair=LTC/USDT ===
      real rows:      55333    synth rows:      59586    features: 24
      task        cls     N_real      N_syn    |Δμ|max    σ_syn/σ_real  flag
      ----------------------------------------------------------------------
      class         0       3691      29827      0.58σ   0.86/ 1.21  ok
      class         1      47883          0          -               -  no synth
      class         2       3759      29759      0.80σ   0.78/ 1.28  ok

      worst features per bucket (top 2 by severity):
        class==2:
          guard_metric_pos      real μ= +0.017 σ= 0.034    syn μ= +0.044 σ= 0.095    Δμ=+0.80σ  σ_ratio=2.75
          vwap_neg              real μ= -0.945 σ= 0.238    syn μ= -0.779 σ= 0.498    Δμ=+0.70σ  σ_ratio=2.09
          vwap_pos              real μ= +0.529 σ= 0.672    syn μ= +0.168 σ= 0.830    Δμ=-0.54σ  σ_ratio=1.24
        class==0:
          guard_metric_neg      real μ= +0.022 σ= 0.048    syn μ= +0.050 σ= 0.103    Δμ=+0.58σ  σ_ratio=2.17
          vwap_pos              real μ= -0.941 σ= 0.236    syn μ= -0.810 σ= 0.456    Δμ=+0.55σ  σ_ratio=1.93
          vwap_neg              real μ= +0.476 σ= 0.690    syn μ= +0.187 σ= 0.810    Δμ=-0.42σ  σ_ratio=1.17

    === Joint-distribution diagnostic (correlation matrix) ===
      task        cls  used_real   used_syn   |Δρ|max   |Δρ|mean  flag
      ----------------------------------------------------------------------
      class         0       3691      29827     0.229      0.052  ok
      class         2       3759      29759     0.271      0.078  ok

      worst feature PAIRS per bucket (top 2 by |Δρ|):
        class==2:
          fastk_scaled       × di_diff_scaled      real ρ=+0.26  syn ρ=+0.53  Δρ=-0.27
          macd_pos           × fastk_scaled        real ρ=+0.06  syn ρ=+0.32  Δρ=-0.26
          guard_metric_pos   × fastk_scaled        real ρ=+0.22  syn ρ=+0.48  Δρ=-0.26
        class==0:
          adx_scaled         × sar_ratio           real ρ=+0.27  syn ρ=+0.04  Δρ=+0.23
          guard_metric_neg   × fastk_scaled        real ρ=-0.22  syn ρ=-0.43  Δρ=+0.22
          guard_metric_neg   × sar_ratio           real ρ=+0.04  syn ρ=+0.23  Δρ=-0.19
    Columns exceeding ±10 before clipping: [('bb_width', -1.0680694537894508, 11.479153038488292)]
    balance_single_task: class counts {0: 4578, 1: 46686, 2: 4069} (gan_type=TAB_DDPM)
    balance_single_task: per-class additions {0: 28102, 2: 28611}
      autoencoder threshold filter: kept 26626/28102 synth samples for class 0 (threshold=0.01, attempt 1)
      autoencoder threshold filter: kept 1476/1870 synth samples for class 0 (threshold=0.01, attempt 2)
      generated 28102 samples for class 0 (target 28102, 2 attempts, 29972 drawn)
      autoencoder threshold filter: kept 26725/28611 synth samples for class 2 (threshold=0.01, attempt 1)
      autoencoder threshold filter: kept 1886/2423 synth samples for class 2 (threshold=0.01, attempt 2)
      generated 28611 samples for class 2 (target 28611, 2 attempts, 31034 drawn)
    balance_single_task: rows 55333 -> 112046; counts {0: 4578, 1: 46686, 2: 4069} -> {0: 32680, 1: 46686, 2: 32680}
    === GAN fidelity diagnostic (real vs synthetic) — pair=BCH/USDT ===
      real rows:      55333    synth rows:      56713    features: 24
      task        cls     N_real      N_syn    |Δμ|max    σ_syn/σ_real  flag
      ----------------------------------------------------------------------
      class         0       4578      28102      0.38σ   0.88/ 1.12  ok
      class         1      46686          0          -               -  no synth
      class         2       4069      28611      0.50σ   0.87/ 1.16  ok

      worst features per bucket (top 2 by severity):
        class==2:
          vwap_neg              real μ= -0.926 σ= 0.286    syn μ= -0.782 σ= 0.496    Δμ=+0.50σ  σ_ratio=1.74
          macd_pos              real μ= +0.041 σ= 0.135    syn μ= +0.104 σ= 0.235    Δμ=+0.47σ  σ_ratio=1.74
          vwap_pos              real μ= +0.487 σ= 0.704    syn μ= +0.171 σ= 0.828    Δμ=-0.45σ  σ_ratio=1.18
        class==0:
          macd_neg              real μ= +0.041 σ= 0.135    syn μ= +0.093 σ= 0.214    Δμ=+0.38σ  σ_ratio=1.59
          vwap_neg              real μ= +0.446 σ= 0.722    syn μ= +0.188 σ= 0.808    Δμ=-0.36σ  σ_ratio=1.12
          vwap_pos              real μ= -0.916 σ= 0.306    syn μ= -0.811 σ= 0.458    Δμ=+0.34σ  σ_ratio=1.50

    === Joint-distribution diagnostic (correlation matrix) ===
      task        cls  used_real   used_syn   |Δρ|max   |Δρ|mean  flag
      ----------------------------------------------------------------------
      class         0       4578      28102     0.224      0.045  ok
      class         2       4069      28611     0.292      0.062  ok

      worst feature PAIRS per bucket (top 2 by |Δρ|):
        class==2:
          macd_pos           × di_diff_scaled      real ρ=+0.23  syn ρ=+0.52  Δρ=-0.29
          guard_metric_pos   × di_diff_scaled      real ρ=+0.20  syn ρ=+0.42  Δρ=-0.23
          fastk_scaled       × di_diff_scaled      real ρ=+0.32  syn ρ=+0.54  Δρ=-0.22
        class==0:
          macd_neg           × di_diff_scaled      real ρ=-0.20  syn ρ=-0.43  Δρ=+0.22
          macd_pos           × di_diff_scaled      real ρ=+0.31  syn ρ=+0.48  Δρ=-0.17
          guard_metric_neg   × cci_scaled          real ρ=-0.38  syn ρ=-0.55  Δρ=+0.17
    Columns exceeding ±10 before clipping: [('bb_width', -1.0680694537894508, 14.820651705433551)]
    balance_single_task: class counts {0: 4054, 1: 47036, 2: 4243} (gan_type=TAB_DDPM)
    balance_single_task: per-class additions {0: 28871, 2: 28682}
      autoencoder threshold filter: kept 27341/28871 synth samples for class 0 (threshold=0.01, attempt 1)
      autoencoder threshold filter: kept 1530/1939 synth samples for class 0 (threshold=0.01, attempt 2)
      generated 28871 samples for class 0 (target 28871, 2 attempts, 30810 drawn)
      autoencoder threshold filter: kept 26801/28682 synth samples for class 2 (threshold=0.01, attempt 1)
      autoencoder threshold filter: kept 1881/2416 synth samples for class 2 (threshold=0.01, attempt 2)
      generated 28682 samples for class 2 (target 28682, 2 attempts, 31098 drawn)
    balance_single_task: rows 55333 -> 112886; counts {0: 4054, 1: 47036, 2: 4243} -> {0: 32925, 1: 47036, 2: 32925}
    === GAN fidelity diagnostic (real vs synthetic) — pair=DOT/USDT ===
      real rows:      55333    synth rows:      57553    features: 24
      task        cls     N_real      N_syn    |Δμ|max    σ_syn/σ_real  flag
      ----------------------------------------------------------------------
      class         0       4054      28871      0.65σ   0.92/ 1.22  ok
      class         1      47036          0          -               -  no synth
      class         2       4243      28682      0.64σ   0.77/ 1.23  ok

      worst features per bucket (top 2 by severity):
        class==2:
          guard_metric_pos      real μ= +0.019 σ= 0.041    syn μ= +0.045 σ= 0.094    Δμ=+0.64σ  σ_ratio=2.27
          vwap_neg              real μ= -0.936 σ= 0.254    syn μ= -0.778 σ= 0.499    Δμ=+0.62σ  σ_ratio=1.96
          vwap_pos              real μ= +0.511 σ= 0.702    syn μ= +0.154 σ= 0.831    Δμ=-0.51σ  σ_ratio=1.18
        class==0:
          guard_metric_neg      real μ= +0.020 σ= 0.046    syn μ= +0.050 σ= 0.103    Δμ=+0.65σ  σ_ratio=2.23
          vwap_pos              real μ= -0.933 σ= 0.254    syn μ= -0.812 σ= 0.454    Δμ=+0.47σ  σ_ratio=1.79
          guard_metric_pos      real μ= +0.658 σ= 0.237    syn μ= +0.547 σ= 0.276    Δμ=-0.47σ  σ_ratio=1.16

    === Joint-distribution diagnostic (correlation matrix) ===
      task        cls  used_real   used_syn   |Δρ|max   |Δρ|mean  flag
      ----------------------------------------------------------------------
      class         0       4054      28871     0.185      0.051  ok
      class         2       4243      28682     0.227      0.059  ok

      worst feature PAIRS per bucket (top 2 by |Δρ|):
        class==2:
          guard_metric_pos   × fastk_scaled        real ρ=+0.25  syn ρ=+0.48  Δρ=-0.23
          guard_metric_pos   × vwap_neg            real ρ=+0.28  syn ρ=+0.50  Δρ=-0.22
          guard_metric_pos   × bb_position         real ρ=+0.37  syn ρ=+0.58  Δρ=-0.21
        class==0:
          macd_neg           × sar_ratio           real ρ=-0.02  syn ρ=+0.16  Δρ=-0.18
          guard_metric_neg   × fastk_scaled        real ρ=-0.24  syn ρ=-0.42  Δρ=+0.18
          guard_metric_neg   × sar_ratio           real ρ=+0.05  syn ρ=+0.23  Δρ=-0.17
    MLX model not found (/Users/philprice95/Documents/freqtrade/user_data/strategies/saved_data/NNNC_DDPM_MLX/NNNC_DDPM_MLX.safetensors)...
    MLX model created.  Parameters: 12,483

    Training MLX model: NNNC_DDPM_MLX
    train: (1201902, 16, 24)  test: (152372, 16, 24)
    batch_size: 2048  max_epochs: 100
    grad clip (global L2 norm): 1.0
    Epoch   1/100 — loss: 0.6062  val_loss: 0.5304  val_precision: 0.4638  val_f1_class_2: 0.5328  val_mcc: 0.5006  val_conf: 0.6388  val_conf_x_mcc: 0.3198  clips:90
    ✓ Best model saved  (val_mcc: 0.5006)
    Epoch   2/100 — loss: 0.3866  val_loss: 0.4946  val_precision: 0.4805  val_f1_class_2: 0.5455  val_mcc: 0.5251  val_conf: 0.6116  val_conf_x_mcc: 0.3212  clips:9
    ✓ Best model saved  (val_mcc: 0.5251)
    Epoch   3/100 — loss: 0.3625  val_loss: 0.4854  val_precision: 0.4806  val_f1_class_2: 0.5590  val_mcc: 0.5430  val_conf: 0.6139  val_conf_x_mcc: 0.3333  clips:1
    ✓ Best model saved  (val_mcc: 0.5430)
    Epoch   4/100 — loss: 0.3510  val_loss: 0.4780  val_precision: 0.4962  val_f1_class_2: 0.5585  val_mcc: 0.5398  val_conf: 0.6012  val_conf_x_mcc: 0.3245  clips:3
    Epoch   5/100 — loss: 0.3438  val_loss: 0.4733  val_precision: 0.5049  val_f1_class_2: 0.5610  val_mcc: 0.5438  val_conf: 0.6026  val_conf_x_mcc: 0.3277  clips:3
    ✓ Best model saved  (val_mcc: 0.5438)
    Epoch   6/100 — loss: 0.3382  val_loss: 0.4713  val_precision: 0.4901  val_f1_class_2: 0.5724  val_mcc: 0.5568  val_conf: 0.6108  val_conf_x_mcc: 0.3401  clips:2
    ✓ Best model saved  (val_mcc: 0.5568)
    Epoch   7/100 — loss: 0.3332  val_loss: 0.4672  val_precision: 0.5053  val_f1_class_2: 0.5721  val_mcc: 0.5578  val_conf: 0.6073  val_conf_x_mcc: 0.3387
    ✓ Best model saved  (val_mcc: 0.5578)
    Epoch   8/100 — loss: 0.3294  val_loss: 0.4659  val_precision: 0.5037  val_f1_class_2: 0.5734  val_mcc: 0.5521  val_conf: 0.6050  val_conf_x_mcc: 0.3341  clips:1
    Epoch   9/100 — loss: 0.3270  val_loss: 0.4646  val_precision: 0.5095  val_f1_class_2: 0.5742  val_mcc: 0.5537  val_conf: 0.6094  val_conf_x_mcc: 0.3374  clips:2
    Epoch  10/100 — loss: 0.3241  val_loss: 0.4600  val_precision: 0.5311  val_f1_class_2: 0.5631  val_mcc: 0.5545  val_conf: 0.6045  val_conf_x_mcc: 0.3352  clips:1
    Epoch  11/100 — loss: 0.3219  val_loss: 0.4607  val_precision: 0.5136  val_f1_class_2: 0.5751  val_mcc: 0.5520  val_conf: 0.6007  val_conf_x_mcc: 0.3316  clips:1
    Epoch  12/100 — loss: 0.3192  val_loss: 0.4599  val_precision: 0.5123  val_f1_class_2: 0.5751  val_mcc: 0.5497  val_conf: 0.6025  val_conf_x_mcc: 0.3312
    Epoch  13/100 — loss: 0.3175  val_loss: 0.4568  val_precision: 0.5213  val_f1_class_2: 0.5719  val_mcc: 0.5590  val_conf: 0.6080  val_conf_x_mcc: 0.3398  clips:4
    ✓ Best model saved  (val_mcc: 0.5590)
    Epoch  14/100 — loss: 0.3164  val_loss: 0.4571  val_precision: 0.5334  val_f1_class_2: 0.5652  val_mcc: 0.5439  val_conf: 0.5971  val_conf_x_mcc: 0.3248  clips:2
    Epoch  15/100 — loss: 0.3143  val_loss: 0.4551  val_precision: 0.5250  val_f1_class_2: 0.5739  val_mcc: 0.5555  val_conf: 0.6090  val_conf_x_mcc: 0.3383  clips:1
    Epoch  16/100 — loss: 0.3128  val_loss: 0.4547  val_precision: 0.5237  val_f1_class_2: 0.5739  val_mcc: 0.5490  val_conf: 0.6001  val_conf_x_mcc: 0.3294  clips:2
    Epoch  17/100 — loss: 0.3125  val_loss: 0.4534  val_precision: 0.5258  val_f1_class_2: 0.5735  val_mcc: 0.5533  val_conf: 0.6076  val_conf_x_mcc: 0.3362  clips:1
    Epoch  18/100 — loss: 0.3111  val_loss: 0.4538  val_precision: 0.5255  val_f1_class_2: 0.5762  val_mcc: 0.5557  val_conf: 0.6073  val_conf_x_mcc: 0.3375  clips:1
    Epoch  19/100 — loss: 0.3102  val_loss: 0.4519  val_precision: 0.5379  val_f1_class_2: 0.5656  val_mcc: 0.5566  val_conf: 0.6110  val_conf_x_mcc: 0.3401  clips:1
    Epoch  20/100 — loss: 0.3096  val_loss: 0.4524  val_precision: 0.5214  val_f1_class_2: 0.5778  val_mcc: 0.5575  val_conf: 0.6087  val_conf_x_mcc: 0.3394  clips:4
    Epoch  21/100 — loss: 0.3083  val_loss: 0.4516  val_precision: 0.5242  val_f1_class_2: 0.5775  val_mcc: 0.5650  val_conf: 0.6150  val_conf_x_mcc: 0.3475  clips:1
    ✓ Best model saved  (val_mcc: 0.5650)
    Epoch  22/100 — loss: 0.3077  val_loss: 0.4517  val_precision: 0.5230  val_f1_class_2: 0.5788  val_mcc: 0.5552  val_conf: 0.6075  val_conf_x_mcc: 0.3373
    Epoch  23/100 — loss: 0.3071  val_loss: 0.4493  val_precision: 0.5410  val_f1_class_2: 0.5681  val_mcc: 0.5594  val_conf: 0.6078  val_conf_x_mcc: 0.3400  clips:2
    Epoch  24/100 — loss: 0.3066  val_loss: 0.4506  val_precision: 0.5173  val_f1_class_2: 0.5808  val_mcc: 0.5675  val_conf: 0.6181  val_conf_x_mcc: 0.3508  clips:3
    ✓ Best model saved  (val_mcc: 0.5675)
    Epoch  25/100 — loss: 0.3059  val_loss: 0.4504  val_precision: 0.5271  val_f1_class_2: 0.5786  val_mcc: 0.5613  val_conf: 0.6134  val_conf_x_mcc: 0.3443  clips:2
    Epoch  26/100 — loss: 0.3054  val_loss: 0.4488  val_precision: 0.5361  val_f1_class_2: 0.5775  val_mcc: 0.5596  val_conf: 0.6123  val_conf_x_mcc: 0.3426  clips:1
    Epoch  27/100 — loss: 0.3049  val_loss: 0.4482  val_precision: 0.5350  val_f1_class_2: 0.5725  val_mcc: 0.5641  val_conf: 0.6158  val_conf_x_mcc: 0.3473  clips:5
    Epoch  28/100 — loss: 0.3045  val_loss: 0.4490  val_precision: 0.5262  val_f1_class_2: 0.5802  val_mcc: 0.5628  val_conf: 0.6142  val_conf_x_mcc: 0.3456  clips:4
    Epoch  29/100 — loss: 0.3041  val_loss: 0.4474  val_precision: 0.5485  val_f1_class_2: 0.5699  val_mcc: 0.5652  val_conf: 0.6178  val_conf_x_mcc: 0.3492  clips:5
    Epoch  30/100 — loss: 0.3036  val_loss: 0.4480  val_precision: 0.5411  val_f1_class_2: 0.5749  val_mcc: 0.5548  val_conf: 0.6116  val_conf_x_mcc: 0.3394  clips:2
    Epoch  31/100 — loss: 0.3027  val_loss: 0.4476  val_precision: 0.5339  val_f1_class_2: 0.5768  val_mcc: 0.5584  val_conf: 0.6107  val_conf_x_mcc: 0.3410  clips:52026-05-30 08:25:33,524 - freqtrade.optimize.backtesting - INFO - Backtesting with data from 2024-06-09 00:00:00 up to 2026-05-30 00:00:00 (720 days).

    Epoch  32/100 — loss: 0.3032  val_loss: 0.4467  val_precision: 0.5454  val_f1_class_2: 0.5698  val_mcc: 0.5617  val_conf: 0.6097  val_conf_x_mcc: 0.3425  clips:2
    ReduceLROnPlateau → lr=1.00e-05
    Epoch  33/100 — loss: 0.3014  val_loss: 0.4466  val_precision: 0.5401  val_f1_class_2: 0.5765  val_mcc: 0.5627  val_conf: 0.6156  val_conf_x_mcc: 0.3464  clips:1
    Epoch  34/100 — loss: 0.3020  val_loss: 0.4465  val_precision: 0.5430  val_f1_class_2: 0.5738  val_mcc: 0.5600  val_conf: 0.6148  val_conf_x_mcc: 0.3443  clips:2
    Epoch  35/100 — loss: 0.3020  val_loss: 0.4467  val_precision: 0.5421  val_f1_class_2: 0.5747  val_mcc: 0.5593  val_conf: 0.6143  val_conf_x_mcc: 0.3436  clips:3
    Epoch  36/100 — loss: 0.3016  val_loss: 0.4465  val_precision: 0.5420  val_f1_class_2: 0.5753  val_mcc: 0.5626  val_conf: 0.6163  val_conf_x_mcc: 0.3468  clips:3
    Epoch  37/100 — loss: 0.3016  val_loss: 0.4464  val_precision: 0.5419  val_f1_class_2: 0.5755  val_mcc: 0.5621  val_conf: 0.6151  val_conf_x_mcc: 0.3457  clips:1
    Epoch  38/100 — loss: 0.3013  val_loss: 0.4464  val_precision: 0.5417  val_f1_class_2: 0.5750  val_mcc: 0.5634  val_conf: 0.6178  val_conf_x_mcc: 0.3481
    Epoch  39/100 — loss: 0.3013  val_loss: 0.4467  val_precision: 0.5424  val_f1_class_2: 0.5741  val_mcc: 0.5577  val_conf: 0.6141  val_conf_x_mcc: 0.3424  clips:1
    Epoch  40/100 — loss: 0.3016  val_loss: 0.4466  val_precision: 0.5412  val_f1_class_2: 0.5746  val_mcc: 0.5582  val_conf: 0.6147  val_conf_x_mcc: 0.3432  clips:2
    ReduceLROnPlateau → lr=1.00e-06
    Epoch  41/100 — loss: 0.3015  val_loss: 0.4466  val_precision: 0.5403  val_f1_class_2: 0.5756  val_mcc: 0.5599  val_conf: 0.6154  val_conf_x_mcc: 0.3445  clips:2
    Epoch  42/100 — loss: 0.3014  val_loss: 0.4465  val_precision: 0.5406  val_f1_class_2: 0.5751  val_mcc: 0.5601  val_conf: 0.6156  val_conf_x_mcc: 0.3448
    Epoch  43/100 — loss: 0.3012  val_loss: 0.4465  val_precision: 0.5406  val_f1_class_2: 0.5751  val_mcc: 0.5608  val_conf: 0.6158  val_conf_x_mcc: 0.3453
    Epoch  44/100 — loss: 0.3012  val_loss: 0.4465  val_precision: 0.5413  val_f1_class_2: 0.5745  val_mcc: 0.5602  val_conf: 0.6156  val_conf_x_mcc: 0.3448  clips:1
    EarlyStopping at epoch 44 (no improvement for 20 epochs)
    Restoring best weights from /tmp/NNNC_DDPM_MLX/checkpoint.safetensors
    Saving MLX model to: /Users/philprice95/Documents/freqtrade/user_data/strategies/saved_data/NNNC_DDPM_MLX/NNNC_DDPM_MLX.safetensors
    Trading - Sell:
        min: 0.000 max: 0.999, mean: 0.163
        signals > 0.750: 3001 (4.3%)
        counts: [47404, 2303, 1698, 3169, 4418, 3234, 2584, 2586, 1067, 722, 0]
        percentages: [0.69, 0.03, 0.02, 0.05, 0.06, 0.05, 0.04, 0.04, 0.02, 0.01, 0.0]
        cumulative: [0.69, 0.72, 0.74, 0.79, 0.85, 0.9, 0.94, 0.97, 0.99, 1.0, 1.0]
    Trading - Hold:
        min: 0.000 max: 0.997, mean: 0.660
        signals > 0.750: 30267 (43.7%)
        counts: [2117, 2408, 5023, 5557, 7003, 8737, 6074, 3970, 3998, 24298, 0]
        percentages: [0.03, 0.03, 0.07, 0.08, 0.1, 0.13, 0.09, 0.06, 0.06, 0.35, 0.0]
        cumulative: [0.03, 0.07, 0.14, 0.22, 0.32, 0.45, 0.53, 0.59, 0.65, 1.0, 1.0]
    Trading - Buy:
        min: 0.000 max: 1.000, mean: 0.177
        signals > 0.750: 3779 (5.5%)
        counts: [46038, 2555, 2037, 2736, 4176, 3667, 2925, 2409, 1334, 1308, 0]
        percentages: [0.67, 0.04, 0.03, 0.04, 0.06, 0.05, 0.04, 0.03, 0.02, 0.02, 0.0]
        cumulative: [0.67, 0.7, 0.73, 0.77, 0.83, 0.88, 0.93, 0.96, 0.98, 1.0, 1.0]

ZEC/USDT
    Comparing actual vs predicted signals

================================================================================
CLASSIFICATION PERFORMANCE ASSESSMENT (Tri-State)
================================================================================
--- Detailed Classification Report ---
              precision    recall  f1-score   support

         0.0      0.716     0.226     0.344      9495
         1.0      0.805     0.956     0.874     52559
         2.0      0.589     0.312     0.408      7131

    accuracy                          0.789     69185
   macro avg      0.703     0.498     0.542     69185
weighted avg      0.770     0.789     0.753     69185


--- Confusion Matrix ---
Rows = True, Columns = Predicted
             Sell     Hold      Buy
    Sell     2148     7293       54
    Hold      829    50232     1498
     Buy       24     4880     2227

--- Qualitative Assessment of Key Metrics ---
Metric                    Score   Assessment                               Trading Context
-------------------------   -------   ----------------------------------------   ------------------------------
Precision (Sell)          0.716   Good. Reliable performance.              Avoid false sell signals (support: 9495.0)
Recall (Sell)             0.226   Poor. Significant room for improvement.  Find all sell opportunities (support: 9495.0)
F1-Score (Sell)           0.344   Poor. Significant room for improvement.  Balanced performance on Sell signal (support: 9495.0)
Precision (Hold)          0.805   Excellent. Very strong performance.      Correctly identify neutral periods (support: 52559.0)
Recall (Hold)             0.956   Excellent. Very strong performance.      Find all neutral periods (support: 52559.0)
F1-Score (Hold)           0.874   Excellent. Very strong performance.      Balanced performance on Hold signal (support: 52559.0)
Precision (Buy)           0.589   Okay. Acceptable, but needs improvement. Avoid false buy signals (support: 7131.0)
Recall (Buy)              0.312   Poor. Significant room for improvement.  Find all buy opportunities (support: 7131.0)
F1-Score (Buy)            0.408   Okay. Acceptable, but needs improvement. Balanced performance on Buy signal (support: 7131.0)

--- Overall Performance Metrics ---

--- Qualitative Assessment of Key Metrics ---
Metric                    Score   Assessment                               Trading Context
-------------------------   -------   ----------------------------------------   ------------------------------
Macro Avg Precision       0.703   Good. Reliable performance.              Average precision across all classes
Macro Avg Recall          0.498   Okay. Acceptable, but needs improvement. Average recall across all classes
Macro Avg F1-Score        0.542   Okay. Acceptable, but needs improvement. Average F1-score across all classes
Weighted Avg Precision    0.770   Good. Reliable performance.              Support-weighted average precision
Weighted Avg Recall       0.789   Good. Reliable performance.              Support-weighted average recall
Weighted Avg F1-Score     0.753   Good. Reliable performance.              Support-weighted average F1-score
MCC                       0.346   Okay. Weak but meaningful correlation.   Correlation between prediction and reality
Cohen's Kappa             0.305   Fair. Weak agreement.                    Agreement better than random chance

--- Summary and Recommendation ---
⚠️ CONCERN: Sell class recall is only 0.226. The model is missing over 77% of available 'Sell' signals. **Priority: Improve Sell Recall and overall F1.**
================================================================================
    Trading - Sell:
        min: 0.000 max: 0.999, mean: 0.075
        signals > 0.750: 1089 (1.6%)
        counts: [59708, 1387, 814, 719, 1162, 2076, 1612, 1063, 343, 301, 0]
        percentages: [0.86, 0.02, 0.01, 0.01, 0.02, 0.03, 0.02, 0.02, 0.0, 0.0, 0.0]
        cumulative: [0.86, 0.88, 0.89, 0.91, 0.92, 0.95, 0.98, 0.99, 1.0, 1.0, 1.0]
    Trading - Hold:
        min: 0.000 max: 0.997, mean: 0.836
        signals > 0.750: 52993 (76.6%)
        counts: [1145, 1084, 2543, 3688, 3386, 2029, 1500, 1758, 2758, 49294, 0]
        percentages: [0.02, 0.02, 0.04, 0.05, 0.05, 0.03, 0.02, 0.03, 0.04, 0.71, 0.0]
        cumulative: [0.02, 0.03, 0.07, 0.12, 0.17, 0.2, 0.22, 0.25, 0.29, 1.0, 1.0]
    Trading - Buy:
        min: 0.000 max: 1.000, mean: 0.089
        signals > 0.750: 2179 (3.1%)
        counts: [58758, 1616, 892, 698, 833, 1317, 2041, 1479, 731, 820, 0]
        percentages: [0.85, 0.02, 0.01, 0.01, 0.01, 0.02, 0.03, 0.02, 0.01, 0.01, 0.0]
        cumulative: [0.85, 0.87, 0.89, 0.9, 0.91, 0.93, 0.96, 0.98, 0.99, 1.0, 1.0]

XRP/USDT
    Comparing actual vs predicted signals

================================================================================
CLASSIFICATION PERFORMANCE ASSESSMENT (Tri-State)
================================================================================
--- Detailed Classification Report ---
              precision    recall  f1-score   support

         0.0      0.719     0.180     0.287      4362
         1.0      0.907     0.983     0.944     60851
         2.0      0.648     0.355     0.459      3972

    accuracy                          0.896     69185
   macro avg      0.758     0.506     0.563     69185
weighted avg      0.881     0.896     0.874     69185


--- Confusion Matrix ---
Rows = True, Columns = Predicted
             Sell     Hold      Buy
    Sell      783     3559       20
    Hold      296    59807      748
     Buy       10     2551     1411

--- Qualitative Assessment of Key Metrics ---
Metric                    Score   Assessment                               Trading Context
-------------------------   -------   ----------------------------------------   ------------------------------
Precision (Sell)          0.719   Good. Reliable performance.              Avoid false sell signals (support: 4362.0)
Recall (Sell)             0.180   Very Bad. Performance is extremely low.  Find all sell opportunities (support: 4362.0)
F1-Score (Sell)           0.287   Poor. Significant room for improvement.  Balanced performance on Sell signal (support: 4362.0)
Precision (Hold)          0.907   Excellent. Very strong performance.      Correctly identify neutral periods (support: 60851.0)
Recall (Hold)             0.983   Excellent. Very strong performance.      Find all neutral periods (support: 60851.0)
F1-Score (Hold)           0.944   Excellent. Very strong performance.      Balanced performance on Hold signal (support: 60851.0)
Precision (Buy)           0.648   Good. Reliable performance.              Avoid false buy signals (support: 3972.0)
Recall (Buy)              0.355   Poor. Significant room for improvement.  Find all buy opportunities (support: 3972.0)
F1-Score (Buy)            0.459   Okay. Acceptable, but needs improvement. Balanced performance on Buy signal (support: 3972.0)

--- Overall Performance Metrics ---

--- Qualitative Assessment of Key Metrics ---
Metric                    Score   Assessment                               Trading Context
-------------------------   -------   ----------------------------------------   ------------------------------
Macro Avg Precision       0.758   Good. Reliable performance.              Average precision across all classes
Macro Avg Recall          0.506   Okay. Acceptable, but needs improvement. Average recall across all classes
Macro Avg F1-Score        0.563   Okay. Acceptable, but needs improvement. Average F1-score across all classes
Weighted Avg Precision    0.881   Excellent. Very strong performance.      Support-weighted average precision
Weighted Avg Recall       0.896   Excellent. Very strong performance.      Support-weighted average recall
Weighted Avg F1-Score     0.874   Excellent. Very strong performance.      Support-weighted average F1-score
MCC                       0.392   Okay. Weak but meaningful correlation.   Correlation between prediction and reality
Cohen's Kappa             0.348   Fair. Weak agreement.                    Agreement better than random chance

--- Summary and Recommendation ---
⚠️ CONCERN: Sell class recall is only 0.180. The model is missing over 82% of available 'Sell' signals. **Priority: Improve Sell Recall and overall F1.**
================================================================================
    Trading - Sell:
        min: 0.000 max: 0.998, mean: 0.078
        signals > 0.750: 709 (1.0%)
        counts: [58502, 1937, 1100, 977, 1609, 2281, 1596, 752, 270, 161, 0]
        percentages: [0.85, 0.03, 0.02, 0.01, 0.02, 0.03, 0.02, 0.01, 0.0, 0.0, 0.0]
        cumulative: [0.85, 0.87, 0.89, 0.9, 0.93, 0.96, 0.98, 0.99, 1.0, 1.0, 1.0]
    Trading - Hold:
        min: 0.000 max: 0.997, mean: 0.821
        signals > 0.750: 50908 (73.6%)
        counts: [764, 903, 2564, 4252, 4045, 2695, 1918, 2377, 3669, 45998, 0]
        percentages: [0.01, 0.01, 0.04, 0.06, 0.06, 0.04, 0.03, 0.03, 0.05, 0.66, 0.0]
        cumulative: [0.01, 0.02, 0.06, 0.12, 0.18, 0.22, 0.25, 0.28, 0.34, 1.0, 1.0]
    Trading - Buy:
        min: 0.000 max: 1.000, mean: 0.101
        signals > 0.750: 1874 (2.7%)
        counts: [56736, 1928, 1174, 896, 1065, 1745, 2640, 1790, 623, 588, 0]
        percentages: [0.82, 0.03, 0.02, 0.01, 0.02, 0.03, 0.04, 0.03, 0.01, 0.01, 0.0]
        cumulative: [0.82, 0.85, 0.86, 0.88, 0.89, 0.92, 0.96, 0.98, 0.99, 1.0, 1.0]

SOL/USDT
    Comparing actual vs predicted signals

================================================================================
CLASSIFICATION PERFORMANCE ASSESSMENT (Tri-State)
================================================================================
--- Detailed Classification Report ---
              precision    recall  f1-score   support

         0.0      0.628     0.115     0.194      3878
         1.0      0.902     0.983     0.940     61113
         2.0      0.565     0.252     0.349      4194

    accuracy                          0.890     69185
   macro avg      0.698     0.450     0.494     69185
weighted avg      0.866     0.890     0.863     69185


--- Confusion Matrix ---
Rows = True, Columns = Predicted
             Sell     Hold      Buy
    Sell      445     3414       19
    Hold      259    60057      797
     Buy        5     3131     1058

--- Qualitative Assessment of Key Metrics ---
Metric                    Score   Assessment                               Trading Context
-------------------------   -------   ----------------------------------------   ------------------------------
Precision (Sell)          0.628   Good. Reliable performance.              Avoid false sell signals (support: 3878.0)
Recall (Sell)             0.115   Very Bad. Performance is extremely low.  Find all sell opportunities (support: 3878.0)
F1-Score (Sell)           0.194   Very Bad. Performance is extremely low.  Balanced performance on Sell signal (support: 3878.0)
Precision (Hold)          0.902   Excellent. Very strong performance.      Correctly identify neutral periods (support: 61113.0)
Recall (Hold)             0.983   Excellent. Very strong performance.      Find all neutral periods (support: 61113.0)
F1-Score (Hold)           0.940   Excellent. Very strong performance.      Balanced performance on Hold signal (support: 61113.0)
Precision (Buy)           0.565   Okay. Acceptable, but needs improvement. Avoid false buy signals (support: 4194.0)
Recall (Buy)              0.252   Poor. Significant room for improvement.  Find all buy opportunities (support: 4194.0)
F1-Score (Buy)            0.349   Poor. Significant room for improvement.  Balanced performance on Buy signal (support: 4194.0)

--- Overall Performance Metrics ---

--- Qualitative Assessment of Key Metrics ---
Metric                    Score   Assessment                               Trading Context
-------------------------   -------   ----------------------------------------   ------------------------------
Macro Avg Precision       0.698   Good. Reliable performance.              Average precision across all classes
Macro Avg Recall          0.450   Okay. Acceptable, but needs improvement. Average recall across all classes
Macro Avg F1-Score        0.494   Okay. Acceptable, but needs improvement. Average F1-score across all classes
Weighted Avg Precision    0.866   Excellent. Very strong performance.      Support-weighted average precision
Weighted Avg Recall       0.890   Excellent. Very strong performance.      Support-weighted average recall
Weighted Avg F1-Score     0.863   Excellent. Very strong performance.      Support-weighted average F1-score
MCC                       0.300   Okay. Weak but meaningful correlation.   Correlation between prediction and reality
Cohen's Kappa             0.252   Fair. Weak agreement.                    Agreement better than random chance

--- Summary and Recommendation ---
⚠️ CONCERN: Sell class recall is only 0.115. The model is missing over 88% of available 'Sell' signals. **Priority: Improve Sell Recall and overall F1.**
================================================================================
    Trading - Sell:
        min: 0.000 max: 0.998, mean: 0.093
        signals > 0.750: 1187 (1.7%)
        counts: [56766, 2029, 1182, 1126, 1828, 2503, 1903, 1071, 463, 314, 0]
        percentages: [0.82, 0.03, 0.02, 0.02, 0.03, 0.04, 0.03, 0.02, 0.01, 0.0, 0.0]
        cumulative: [0.82, 0.85, 0.87, 0.88, 0.91, 0.95, 0.97, 0.99, 1.0, 1.0, 1.0]
    Trading - Hold:
        min: 0.000 max: 0.998, mean: 0.795
        signals > 0.750: 48169 (69.6%)
        counts: [1160, 1230, 2967, 4577, 4419, 3212, 2269, 2556, 3900, 42895, 0]
        percentages: [0.02, 0.02, 0.04, 0.07, 0.06, 0.05, 0.03, 0.04, 0.06, 0.62, 0.0]
        cumulative: [0.02, 0.03, 0.08, 0.14, 0.21, 0.25, 0.29, 0.32, 0.38, 1.0, 1.0]
    Trading - Buy:
        min: 0.000 max: 1.000, mean: 0.112
        signals > 0.750: 2356 (3.4%)
        counts: [55392, 2092, 1282, 1051, 1361, 1890, 2655, 1872, 770, 820, 0]
        percentages: [0.8, 0.03, 0.02, 0.02, 0.02, 0.03, 0.04, 0.03, 0.01, 0.01, 0.0]
        cumulative: [0.8, 0.83, 0.85, 0.86, 0.88, 0.91, 0.95, 0.98, 0.99, 1.0, 1.0]

LINK/USDT
    Comparing actual vs predicted signals

================================================================================
CLASSIFICATION PERFORMANCE ASSESSMENT (Tri-State)
================================================================================
--- Detailed Classification Report ---
              precision    recall  f1-score   support

         0.0      0.655     0.153     0.248      5091
         1.0      0.882     0.978     0.927     59198
         2.0      0.599     0.288     0.389      4896

    accuracy                          0.868     69185
   macro avg      0.712     0.473     0.521     69185
weighted avg      0.845     0.868     0.839     69185


--- Confusion Matrix ---
Rows = True, Columns = Predicted
             Sell     Hold      Buy
    Sell      777     4287       27
    Hold      407    57874      917
     Buy        3     3481     1412

--- Qualitative Assessment of Key Metrics ---
Metric                    Score   Assessment                               Trading Context
-------------------------   -------   ----------------------------------------   ------------------------------
Precision (Sell)          0.655   Good. Reliable performance.              Avoid false sell signals (support: 5091.0)
Recall (Sell)             0.153   Very Bad. Performance is extremely low.  Find all sell opportunities (support: 5091.0)
F1-Score (Sell)           0.248   Poor. Significant room for improvement.  Balanced performance on Sell signal (support: 5091.0)
Precision (Hold)          0.882   Excellent. Very strong performance.      Correctly identify neutral periods (support: 59198.0)
Recall (Hold)             0.978   Excellent. Very strong performance.      Find all neutral periods (support: 59198.0)
F1-Score (Hold)           0.927   Excellent. Very strong performance.      Balanced performance on Hold signal (support: 59198.0)
Precision (Buy)           0.599   Okay. Acceptable, but needs improvement. Avoid false buy signals (support: 4896.0)
Recall (Buy)              0.288   Poor. Significant room for improvement.  Find all buy opportunities (support: 4896.0)
F1-Score (Buy)            0.389   Poor. Significant room for improvement.  Balanced performance on Buy signal (support: 4896.0)

--- Overall Performance Metrics ---

--- Qualitative Assessment of Key Metrics ---
Metric                    Score   Assessment                               Trading Context
-------------------------   -------   ----------------------------------------   ------------------------------
Macro Avg Precision       0.712   Good. Reliable performance.              Average precision across all classes
Macro Avg Recall          0.473   Okay. Acceptable, but needs improvement. Average recall across all classes
Macro Avg F1-Score        0.521   Okay. Acceptable, but needs improvement. Average F1-score across all classes
Weighted Avg Precision    0.845   Excellent. Very strong performance.      Support-weighted average precision
Weighted Avg Recall       0.868   Excellent. Very strong performance.      Support-weighted average recall
Weighted Avg F1-Score     0.839   Excellent. Very strong performance.      Support-weighted average F1-score
MCC                       0.331   Okay. Weak but meaningful correlation.   Correlation between prediction and reality
Cohen's Kappa             0.285   Fair. Weak agreement.                    Agreement better than random chance

--- Summary and Recommendation ---
⚠️ CONCERN: Sell class recall is only 0.153. The model is missing over 84% of available 'Sell' signals. **Priority: Improve Sell Recall and overall F1.**
================================================================================
    Trading - Sell:
        min: 0.000 max: 0.999, mean: 0.145
        signals > 0.750: 2006 (2.9%)
        counts: [48847, 2738, 1935, 2848, 4371, 3388, 2244, 1359, 616, 839, 0]
        percentages: [0.71, 0.04, 0.03, 0.04, 0.06, 0.05, 0.03, 0.02, 0.01, 0.01, 0.0]
        cumulative: [0.71, 0.75, 0.77, 0.81, 0.88, 0.93, 0.96, 0.98, 0.99, 1.0, 1.0]
    Trading - Hold:
        min: 0.000 max: 0.997, mean: 0.691
        signals > 0.750: 33853 (48.9%)
        counts: [2149, 1509, 3164, 5388, 7194, 8400, 5442, 4381, 4924, 26634, 0]
        percentages: [0.03, 0.02, 0.05, 0.08, 0.1, 0.12, 0.08, 0.06, 0.07, 0.38, 0.0]
        cumulative: [0.03, 0.05, 0.1, 0.18, 0.28, 0.4, 0.48, 0.54, 0.62, 1.0, 1.0]
    Trading - Buy:
        min: 0.000 max: 1.000, mean: 0.164
        signals > 0.750: 2836 (4.1%)
        counts: [47097, 2858, 2154, 2393, 3946, 3746, 3095, 1787, 906, 1203, 0]
        percentages: [0.68, 0.04, 0.03, 0.03, 0.06, 0.05, 0.04, 0.03, 0.01, 0.02, 0.0]
        cumulative: [0.68, 0.72, 0.75, 0.79, 0.84, 0.9, 0.94, 0.97, 0.98, 1.0, 1.0]

NEAR/USDT
    Comparing actual vs predicted signals

================================================================================
CLASSIFICATION PERFORMANCE ASSESSMENT (Tri-State)
================================================================================
--- Detailed Classification Report ---
              precision    recall  f1-score   support

         0.0      0.581     0.152     0.241      7688
         1.0      0.811     0.962     0.880     54276
         2.0      0.531     0.209     0.299      7221

    accuracy                          0.793     69185
   macro avg      0.641     0.441     0.473     69185
weighted avg      0.757     0.793     0.749     69185


--- Confusion Matrix ---
Rows = True, Columns = Predicted
             Sell     Hold      Buy
    Sell     1166     6458       64
    Hold      803    52207     1266
     Buy       37     5678     1506

--- Qualitative Assessment of Key Metrics ---
Metric                    Score   Assessment                               Trading Context
-------------------------   -------   ----------------------------------------   ------------------------------
Precision (Sell)          0.581   Okay. Acceptable, but needs improvement. Avoid false sell signals (support: 7688.0)
Recall (Sell)             0.152   Very Bad. Performance is extremely low.  Find all sell opportunities (support: 7688.0)
F1-Score (Sell)           0.241   Poor. Significant room for improvement.  Balanced performance on Sell signal (support: 7688.0)
Precision (Hold)          0.811   Excellent. Very strong performance.      Correctly identify neutral periods (support: 54276.0)
Recall (Hold)             0.962   Excellent. Very strong performance.      Find all neutral periods (support: 54276.0)
F1-Score (Hold)           0.880   Excellent. Very strong performance.      Balanced performance on Hold signal (support: 54276.0)
Precision (Buy)           0.531   Okay. Acceptable, but needs improvement. Avoid false buy signals (support: 7221.0)
Recall (Buy)              0.209   Poor. Significant room for improvement.  Find all buy opportunities (support: 7221.0)
F1-Score (Buy)            0.299   Poor. Significant room for improvement.  Balanced performance on Buy signal (support: 7221.0)

--- Overall Performance Metrics ---

--- Qualitative Assessment of Key Metrics ---
Metric                    Score   Assessment                               Trading Context
-------------------------   -------   ----------------------------------------   ------------------------------
Macro Avg Precision       0.641   Good. Reliable performance.              Average precision across all classes
Macro Avg Recall          0.441   Okay. Acceptable, but needs improvement. Average recall across all classes
Macro Avg F1-Score        0.473   Okay. Acceptable, but needs improvement. Average F1-score across all classes
Weighted Avg Precision    0.757   Good. Reliable performance.              Support-weighted average precision
Weighted Avg Recall       0.793   Good. Reliable performance.              Support-weighted average recall
Weighted Avg F1-Score     0.749   Good. Reliable performance.              Support-weighted average F1-score
MCC                       0.256   Okay. Weak but meaningful correlation.   Correlation between prediction and reality
Cohen's Kappa             0.213   Fair. Weak agreement.                    Agreement better than random chance

--- Summary and Recommendation ---
⚠️ CONCERN: Sell class recall is only 0.152. The model is missing over 84% of available 'Sell' signals. **Priority: Improve Sell Recall and overall F1.**
================================================================================
    Trading - Sell:
        min: 0.000 max: 0.999, mean: 0.128
        signals > 0.750: 1795 (2.6%)
        counts: [50974, 2732, 1935, 2575, 3821, 2721, 1881, 1318, 530, 698, 0]
        percentages: [0.74, 0.04, 0.03, 0.04, 0.06, 0.04, 0.03, 0.02, 0.01, 0.01, 0.0]
        cumulative: [0.74, 0.78, 0.8, 0.84, 0.9, 0.94, 0.96, 0.98, 0.99, 1.0, 1.0]
    Trading - Hold:
        min: 0.000 max: 0.997, mean: 0.727
        signals > 0.750: 38413 (55.5%)
        counts: [2079, 1300, 2861, 4136, 5838, 7629, 4944, 4029, 5066, 31303, 0]
        percentages: [0.03, 0.02, 0.04, 0.06, 0.08, 0.11, 0.07, 0.06, 0.07, 0.45, 0.0]
        cumulative: [0.03, 0.05, 0.09, 0.15, 0.23, 0.34, 0.42, 0.47, 0.55, 1.0, 1.0]
    Trading - Buy:
        min: 0.000 max: 1.000, mean: 0.145
        signals > 0.750: 2702 (3.9%)
        counts: [49691, 2757, 1884, 2272, 3703, 3058, 2229, 1536, 758, 1297, 0]
        percentages: [0.72, 0.04, 0.03, 0.03, 0.05, 0.04, 0.03, 0.02, 0.01, 0.02, 0.0]
        cumulative: [0.72, 0.76, 0.79, 0.82, 0.87, 0.92, 0.95, 0.97, 0.98, 1.0, 1.0]

AAVE/USDT
    Comparing actual vs predicted signals

================================================================================
CLASSIFICATION PERFORMANCE ASSESSMENT (Tri-State)
================================================================================
--- Detailed Classification Report ---
              precision    recall  f1-score   support

         0.0      0.580     0.157     0.247      6644
         1.0      0.844     0.964     0.900     56596
         2.0      0.499     0.227     0.312      5945

    accuracy                          0.823     69185
   macro avg      0.641     0.449     0.486     69185
weighted avg      0.789     0.823     0.787     69185


--- Confusion Matrix ---
Rows = True, Columns = Predicted
             Sell     Hold      Buy
    Sell     1041     5528       75
    Hold      733    54583     1280
     Buy       21     4577     1347

--- Qualitative Assessment of Key Metrics ---
Metric                    Score   Assessment                               Trading Context
-------------------------   -------   ----------------------------------------   ------------------------------
Precision (Sell)          0.580   Okay. Acceptable, but needs improvement. Avoid false sell signals (support: 6644.0)
Recall (Sell)             0.157   Very Bad. Performance is extremely low.  Find all sell opportunities (support: 6644.0)
F1-Score (Sell)           0.247   Poor. Significant room for improvement.  Balanced performance on Sell signal (support: 6644.0)
Precision (Hold)          0.844   Excellent. Very strong performance.      Correctly identify neutral periods (support: 56596.0)
Recall (Hold)             0.964   Excellent. Very strong performance.      Find all neutral periods (support: 56596.0)
F1-Score (Hold)           0.900   Excellent. Very strong performance.      Balanced performance on Hold signal (support: 56596.0)
Precision (Buy)           0.499   Okay. Acceptable, but needs improvement. Avoid false buy signals (support: 5945.0)
Recall (Buy)              0.227   Poor. Significant room for improvement.  Find all buy opportunities (support: 5945.0)
F1-Score (Buy)            0.312   Poor. Significant room for improvement.  Balanced performance on Buy signal (support: 5945.0)

--- Overall Performance Metrics ---

--- Qualitative Assessment of Key Metrics ---
Metric                    Score   Assessment                               Trading Context
-------------------------   -------   ----------------------------------------   ------------------------------
Macro Avg Precision       0.641   Good. Reliable performance.              Average precision across all classes
Macro Avg Recall          0.449   Okay. Acceptable, but needs improvement. Average recall across all classes
Macro Avg F1-Score        0.486   Okay. Acceptable, but needs improvement. Average F1-score across all classes
Weighted Avg Precision    0.789   Good. Reliable performance.              Support-weighted average precision
Weighted Avg Recall       0.823   Excellent. Very strong performance.      Support-weighted average recall
Weighted Avg F1-Score     0.787   Good. Reliable performance.              Support-weighted average F1-score
MCC                       0.268   Okay. Weak but meaningful correlation.   Correlation between prediction and reality
Cohen's Kappa             0.230   Fair. Weak agreement.                    Agreement better than random chance

--- Summary and Recommendation ---
⚠️ CONCERN: Sell class recall is only 0.157. The model is missing over 84% of available 'Sell' signals. **Priority: Improve Sell Recall and overall F1.**
================================================================================
    Trading - Sell:
        min: 0.000 max: 0.999, mean: 0.145
        signals > 0.750: 2905 (4.2%)
        counts: [50893, 2370, 1541, 1448, 2592, 3335, 2773, 2192, 1039, 1002, 0]
        percentages: [0.74, 0.03, 0.02, 0.02, 0.04, 0.05, 0.04, 0.03, 0.02, 0.01, 0.0]
        cumulative: [0.74, 0.77, 0.79, 0.81, 0.85, 0.9, 0.94, 0.97, 0.99, 1.0, 1.0]
    Trading - Hold:
        min: 0.000 max: 0.997, mean: 0.681
        signals > 0.750: 36185 (52.3%)
        counts: [3274, 2316, 4965, 6175, 6442, 4894, 3295, 3484, 4456, 29884, 0]
        percentages: [0.05, 0.03, 0.07, 0.09, 0.09, 0.07, 0.05, 0.05, 0.06, 0.43, 0.0]
        cumulative: [0.05, 0.08, 0.15, 0.24, 0.33, 0.41, 0.45, 0.5, 0.57, 1.0, 1.0]
    Trading - Buy:
        min: 0.000 max: 1.000, mean: 0.174
        signals > 0.750: 4603 (6.7%)
        counts: [48135, 2670, 1793, 1698, 2292, 3039, 3380, 2745, 1283, 2150, 0]
        percentages: [0.7, 0.04, 0.03, 0.02, 0.03, 0.04, 0.05, 0.04, 0.02, 0.03, 0.0]
        cumulative: [0.7, 0.73, 0.76, 0.78, 0.82, 0.86, 0.91, 0.95, 0.97, 1.0, 1.0]

SUI/USDT
    Comparing actual vs predicted signals

================================================================================
CLASSIFICATION PERFORMANCE ASSESSMENT (Tri-State)
================================================================================
--- Detailed Classification Report ---
              precision    recall  f1-score   support

         0.0      0.605     0.212     0.314      8273
         1.0      0.811     0.943     0.872     53047
         2.0      0.570     0.333     0.421      7865

    accuracy                          0.786     69185
   macro avg      0.662     0.496     0.536     69185
weighted avg      0.759     0.786     0.754     69185


--- Confusion Matrix ---
Rows = True, Columns = Predicted
             Sell     Hold      Buy
    Sell     1757     6427       89
    Hold     1123    50032     1892
     Buy       25     5218     2622

--- Qualitative Assessment of Key Metrics ---
Metric                    Score   Assessment                               Trading Context
-------------------------   -------   ----------------------------------------   ------------------------------
Precision (Sell)          0.605   Good. Reliable performance.              Avoid false sell signals (support: 8273.0)
Recall (Sell)             0.212   Poor. Significant room for improvement.  Find all sell opportunities (support: 8273.0)
F1-Score (Sell)           0.314   Poor. Significant room for improvement.  Balanced performance on Sell signal (support: 8273.0)
Precision (Hold)          0.811   Excellent. Very strong performance.      Correctly identify neutral periods (support: 53047.0)
Recall (Hold)             0.943   Excellent. Very strong performance.      Find all neutral periods (support: 53047.0)
F1-Score (Hold)           0.872   Excellent. Very strong performance.      Balanced performance on Hold signal (support: 53047.0)
Precision (Buy)           0.570   Okay. Acceptable, but needs improvement. Avoid false buy signals (support: 7865.0)
Recall (Buy)              0.333   Poor. Significant room for improvement.  Find all buy opportunities (support: 7865.0)
F1-Score (Buy)            0.421   Okay. Acceptable, but needs improvement. Balanced performance on Buy signal (support: 7865.0)

--- Overall Performance Metrics ---

--- Qualitative Assessment of Key Metrics ---
Metric                    Score   Assessment                               Trading Context
-------------------------   -------   ----------------------------------------   ------------------------------
Macro Avg Precision       0.662   Good. Reliable performance.              Average precision across all classes
Macro Avg Recall          0.496   Okay. Acceptable, but needs improvement. Average recall across all classes
Macro Avg F1-Score        0.536   Okay. Acceptable, but needs improvement. Average F1-score across all classes
Weighted Avg Precision    0.759   Good. Reliable performance.              Support-weighted average precision
Weighted Avg Recall       0.786   Good. Reliable performance.              Support-weighted average recall
Weighted Avg F1-Score     0.754   Good. Reliable performance.              Support-weighted average F1-score
MCC                       0.326   Okay. Weak but meaningful correlation.   Correlation between prediction and reality
Cohen's Kappa             0.297   Fair. Weak agreement.                    Agreement better than random chance

--- Summary and Recommendation ---
⚠️ CONCERN: Sell class recall is only 0.212. The model is missing over 78% of available 'Sell' signals. **Priority: Improve Sell Recall and overall F1.**
================================================================================
    Trading - Sell:
        min: 0.000 max: 0.999, mean: 0.097
        signals > 0.750: 998 (1.4%)
        counts: [55744, 2252, 1392, 1208, 2263, 2749, 1980, 942, 376, 279, 0]
        percentages: [0.81, 0.03, 0.02, 0.02, 0.03, 0.04, 0.03, 0.01, 0.01, 0.0, 0.0]
        cumulative: [0.81, 0.84, 0.86, 0.88, 0.91, 0.95, 0.98, 0.99, 1.0, 1.0, 1.0]
    Trading - Hold:
        min: 0.000 max: 0.998, mean: 0.783
        signals > 0.750: 46289 (66.9%)
        counts: [1243, 1157, 2724, 4544, 5068, 4049, 2671, 2990, 4283, 40456, 0]
        percentages: [0.02, 0.02, 0.04, 0.07, 0.07, 0.06, 0.04, 0.04, 0.06, 0.58, 0.0]
        cumulative: [0.02, 0.03, 0.07, 0.14, 0.21, 0.27, 0.31, 0.35, 0.42, 1.0, 1.0]
    Trading - Buy:
        min: 0.000 max: 1.000, mean: 0.120
        signals > 0.750: 2389 (3.5%)
        counts: [54022, 2274, 1467, 1354, 1770, 2287, 2530, 1777, 778, 926, 0]
        percentages: [0.78, 0.03, 0.02, 0.02, 0.03, 0.03, 0.04, 0.03, 0.01, 0.01, 0.0]
        cumulative: [0.78, 0.81, 0.83, 0.85, 0.88, 0.91, 0.95, 0.98, 0.99, 1.0, 1.0]

AVAX/USDT
    Comparing actual vs predicted signals

================================================================================
CLASSIFICATION PERFORMANCE ASSESSMENT (Tri-State)
================================================================================
--- Detailed Classification Report ---
              precision    recall  f1-score   support

         0.0      0.602     0.117     0.196      5144
         1.0      0.873     0.977     0.922     58796
         2.0      0.584     0.266     0.365      5245

    accuracy                          0.859     69185
   macro avg      0.686     0.453     0.494     69185
weighted avg      0.831     0.859     0.826     69185


--- Confusion Matrix ---
Rows = True, Columns = Predicted
             Sell     Hold      Buy
    Sell      601     4518       25
    Hold      391    57436      969
     Buy        6     3844     1395

--- Qualitative Assessment of Key Metrics ---
Metric                    Score   Assessment                               Trading Context
-------------------------   -------   ----------------------------------------   ------------------------------
Precision (Sell)          0.602   Good. Reliable performance.              Avoid false sell signals (support: 5144.0)
Recall (Sell)             0.117   Very Bad. Performance is extremely low.  Find all sell opportunities (support: 5144.0)
F1-Score (Sell)           0.196   Very Bad. Performance is extremely low.  Balanced performance on Sell signal (support: 5144.0)
Precision (Hold)          0.873   Excellent. Very strong performance.      Correctly identify neutral periods (support: 58796.0)
Recall (Hold)             0.977   Excellent. Very strong performance.      Find all neutral periods (support: 58796.0)
F1-Score (Hold)           0.922   Excellent. Very strong performance.      Balanced performance on Hold signal (support: 58796.0)
Precision (Buy)           0.584   Okay. Acceptable, but needs improvement. Avoid false buy signals (support: 5245.0)
Recall (Buy)              0.266   Poor. Significant room for improvement.  Find all buy opportunities (support: 5245.0)
F1-Score (Buy)            0.365   Poor. Significant room for improvement.  Balanced performance on Buy signal (support: 5245.0)

--- Overall Performance Metrics ---

--- Qualitative Assessment of Key Metrics ---
Metric                    Score   Assessment                               Trading Context
-------------------------   -------   ----------------------------------------   ------------------------------
Macro Avg Precision       0.686   Good. Reliable performance.              Average precision across all classes
Macro Avg Recall          0.453   Okay. Acceptable, but needs improvement. Average recall across all classes
Macro Avg F1-Score        0.494   Okay. Acceptable, but needs improvement. Average F1-score across all classes
Weighted Avg Precision    0.831   Excellent. Very strong performance.      Support-weighted average precision
Weighted Avg Recall       0.859   Excellent. Very strong performance.      Support-weighted average recall
Weighted Avg F1-Score     0.826   Excellent. Very strong performance.      Support-weighted average F1-score
MCC                       0.297   Okay. Weak but meaningful correlation.   Correlation between prediction and reality
Cohen's Kappa             0.250   Fair. Weak agreement.                    Agreement better than random chance

--- Summary and Recommendation ---
⚠️ CONCERN: Sell class recall is only 0.117. The model is missing over 88% of available 'Sell' signals. **Priority: Improve Sell Recall and overall F1.**
================================================================================
    Trading - Sell:
        min: 0.000 max: 0.999, mean: 0.080
        signals > 0.750: 1194 (1.7%)
        counts: [58901, 1791, 1042, 887, 1234, 1803, 1703, 1022, 401, 401, 0]
        percentages: [0.85, 0.03, 0.02, 0.01, 0.02, 0.03, 0.02, 0.01, 0.01, 0.01, 0.0]
        cumulative: [0.85, 0.88, 0.89, 0.91, 0.92, 0.95, 0.97, 0.99, 0.99, 1.0, 1.0]
    Trading - Hold:
        min: 0.000 max: 0.997, mean: 0.820
        signals > 0.750: 51393 (74.3%)
        counts: [1536, 1071, 2594, 3753, 3421, 2464, 1862, 2274, 3507, 46703, 0]
        percentages: [0.02, 0.02, 0.04, 0.05, 0.05, 0.04, 0.03, 0.03, 0.05, 0.68, 0.0]
        cumulative: [0.02, 0.04, 0.08, 0.13, 0.18, 0.21, 0.24, 0.27, 0.32, 1.0, 1.0]
    Trading - Buy:
        min: 0.000 max: 1.000, mean: 0.100
        signals > 0.750: 2371 (3.4%)
        counts: [57006, 1945, 1164, 933, 1185, 1634, 2022, 1562, 663, 1071, 0]
        percentages: [0.82, 0.03, 0.02, 0.01, 0.02, 0.02, 0.03, 0.02, 0.01, 0.02, 0.0]
        cumulative: [0.82, 0.85, 0.87, 0.88, 0.9, 0.92, 0.95, 0.97, 0.98, 1.0, 1.0]

LTC/USDT
    Comparing actual vs predicted signals

================================================================================
CLASSIFICATION PERFORMANCE ASSESSMENT (Tri-State)
================================================================================
--- Detailed Classification Report ---
              precision    recall  f1-score   support

         0.0      0.595     0.168     0.262      4221
         1.0      0.903     0.976     0.938     60673
         2.0      0.570     0.315     0.406      4291

    accuracy                          0.886     69185
   macro avg      0.689     0.486     0.535     69185
weighted avg      0.863     0.886     0.864     69185


--- Confusion Matrix ---
Rows = True, Columns = Predicted
             Sell     Hold      Buy
    Sell      710     3459       52
    Hold      477    59229      967
     Buy        7     2932     1352

--- Qualitative Assessment of Key Metrics ---
Metric                    Score   Assessment                               Trading Context
-------------------------   -------   ----------------------------------------   ------------------------------
Precision (Sell)          0.595   Okay. Acceptable, but needs improvement. Avoid false sell signals (support: 4221.0)
Recall (Sell)             0.168   Very Bad. Performance is extremely low.  Find all sell opportunities (support: 4221.0)
F1-Score (Sell)           0.262   Poor. Significant room for improvement.  Balanced performance on Sell signal (support: 4221.0)
Precision (Hold)          0.903   Excellent. Very strong performance.      Correctly identify neutral periods (support: 60673.0)
Recall (Hold)             0.976   Excellent. Very strong performance.      Find all neutral periods (support: 60673.0)
F1-Score (Hold)           0.938   Excellent. Very strong performance.      Balanced performance on Hold signal (support: 60673.0)
Precision (Buy)           0.570   Okay. Acceptable, but needs improvement. Avoid false buy signals (support: 4291.0)
Recall (Buy)              0.315   Poor. Significant room for improvement.  Find all buy opportunities (support: 4291.0)
F1-Score (Buy)            0.406   Okay. Acceptable, but needs improvement. Balanced performance on Buy signal (support: 4291.0)

--- Overall Performance Metrics ---

--- Qualitative Assessment of Key Metrics ---
Metric                    Score   Assessment                               Trading Context
-------------------------   -------   ----------------------------------------   ------------------------------
Macro Avg Precision       0.689   Good. Reliable performance.              Average precision across all classes
Macro Avg Recall          0.486   Okay. Acceptable, but needs improvement. Average recall across all classes
Macro Avg F1-Score        0.535   Okay. Acceptable, but needs improvement. Average F1-score across all classes
Weighted Avg Precision    0.863   Excellent. Very strong performance.      Support-weighted average precision
Weighted Avg Recall       0.886   Excellent. Very strong performance.      Support-weighted average recall
Weighted Avg F1-Score     0.864   Excellent. Very strong performance.      Support-weighted average F1-score
MCC                       0.343   Okay. Weak but meaningful correlation.   Correlation between prediction and reality
Cohen's Kappa             0.309   Fair. Weak agreement.                    Agreement better than random chance

--- Summary and Recommendation ---
⚠️ CONCERN: Sell class recall is only 0.168. The model is missing over 83% of available 'Sell' signals. **Priority: Improve Sell Recall and overall F1.**
================================================================================
    Trading - Sell:
        min: 0.000 max: 0.999, mean: 0.100
        signals > 0.750: 1385 (2.0%)
        counts: [55192, 2372, 1468, 1533, 2877, 2357, 1484, 912, 487, 503, 0]
        percentages: [0.8, 0.03, 0.02, 0.02, 0.04, 0.03, 0.02, 0.01, 0.01, 0.01, 0.0]
        cumulative: [0.8, 0.83, 0.85, 0.88, 0.92, 0.95, 0.97, 0.99, 0.99, 1.0, 1.0]
    Trading - Hold:
        min: 0.000 max: 0.997, mean: 0.784
        signals > 0.750: 45682 (66.0%)
        counts: [1621, 1116, 1972, 3325, 5237, 5242, 3298, 3412, 4284, 39678, 0]
        percentages: [0.02, 0.02, 0.03, 0.05, 0.08, 0.08, 0.05, 0.05, 0.06, 0.57, 0.0]
        cumulative: [0.02, 0.04, 0.07, 0.12, 0.19, 0.27, 0.32, 0.36, 0.43, 1.0, 1.0]
    Trading - Buy:
        min: 0.000 max: 1.000, mean: 0.115
        signals > 0.750: 2085 (3.0%)
        counts: [53758, 2469, 1668, 1646, 2306, 2795, 1826, 1050, 627, 1040, 0]
        percentages: [0.78, 0.04, 0.02, 0.02, 0.03, 0.04, 0.03, 0.02, 0.01, 0.02, 0.0]
        cumulative: [0.78, 0.81, 0.84, 0.86, 0.89, 0.93, 0.96, 0.98, 0.98, 1.0, 1.0]

BCH/USDT
    Comparing actual vs predicted signals

================================================================================
CLASSIFICATION PERFORMANCE ASSESSMENT (Tri-State)
================================================================================
--- Detailed Classification Report ---
              precision    recall  f1-score   support

         0.0      0.535     0.141     0.224      5241
         1.0      0.876     0.972     0.921     59199
         2.0      0.473     0.208     0.289      4745

    accuracy                          0.857     69185
   macro avg      0.628     0.441     0.478     69185
weighted avg      0.822     0.857     0.825     69185


--- Confusion Matrix ---
Rows = True, Columns = Predicted
             Sell     Hold      Buy
    Sell      741     4426       74
    Hold      627    57548     1024
     Buy       17     3741      987

--- Qualitative Assessment of Key Metrics ---
Metric                    Score   Assessment                               Trading Context
-------------------------   -------   ----------------------------------------   ------------------------------
Precision (Sell)          0.535   Okay. Acceptable, but needs improvement. Avoid false sell signals (support: 5241.0)
Recall (Sell)             0.141   Very Bad. Performance is extremely low.  Find all sell opportunities (support: 5241.0)
F1-Score (Sell)           0.224   Poor. Significant room for improvement.  Balanced performance on Sell signal (support: 5241.0)
Precision (Hold)          0.876   Excellent. Very strong performance.      Correctly identify neutral periods (support: 59199.0)
Recall (Hold)             0.972   Excellent. Very strong performance.      Find all neutral periods (support: 59199.0)
F1-Score (Hold)           0.921   Excellent. Very strong performance.      Balanced performance on Hold signal (support: 59199.0)
Precision (Buy)           0.473   Okay. Acceptable, but needs improvement. Avoid false buy signals (support: 4745.0)
Recall (Buy)              0.208   Poor. Significant room for improvement.  Find all buy opportunities (support: 4745.0)
F1-Score (Buy)            0.289   Poor. Significant room for improvement.  Balanced performance on Buy signal (support: 4745.0)

--- Overall Performance Metrics ---

--- Qualitative Assessment of Key Metrics ---
Metric                    Score   Assessment                               Trading Context
-------------------------   -------   ----------------------------------------   ------------------------------
Macro Avg Precision       0.628   Good. Reliable performance.              Average precision across all classes
Macro Avg Recall          0.441   Okay. Acceptable, but needs improvement. Average recall across all classes
Macro Avg F1-Score        0.478   Okay. Acceptable, but needs improvement. Average F1-score across all classes
Weighted Avg Precision    0.822   Excellent. Very strong performance.      Support-weighted average precision
Weighted Avg Recall       0.857   Excellent. Very strong performance.      Support-weighted average recall2026-05-30 08:25:40,807 - freqtrade.misc - INFO - dumping json to "/Users/philprice95/Documents/freqtrade/user_data/backtest_results/backtest-result-2026-05-30_08-25-40.meta.json"

Weighted Avg F1-Score     0.825   Excellent. Very strong performance.      Support-weighted average F1-score
MCC                       0.257   Okay. Weak but meaningful correlation.   Correlation between prediction and reality
Cohen's Kappa             0.220   Fair. Weak agreement.                    Agreement better than random chance

--- Summary and Recommendation ---
⚠️ CONCERN: Sell class recall is only 0.141. The model is missing over 85% of available 'Sell' signals. **Priority: Improve Sell Recall and overall F1.**
================================================================================
    Trading - Sell:
        min: 0.000 max: 0.999, mean: 0.099
        signals > 0.750: 1255 (1.8%)
        counts: [55197, 2522, 1502, 1596, 2539, 2332, 1619, 1022, 415, 441, 0]
        percentages: [0.8, 0.04, 0.02, 0.02, 0.04, 0.03, 0.02, 0.01, 0.01, 0.01, 0.0]
        cumulative: [0.8, 0.83, 0.86, 0.88, 0.92, 0.95, 0.97, 0.99, 0.99, 1.0, 1.0]
    Trading - Hold:
        min: 0.000 max: 0.996, mean: 0.780
        signals > 0.750: 45499 (65.8%)
        counts: [1372, 1119, 2533, 3770, 5050, 4888, 3385, 3346, 4795, 38927, 0]
        percentages: [0.02, 0.02, 0.04, 0.05, 0.07, 0.07, 0.05, 0.05, 0.07, 0.56, 0.0]
        cumulative: [0.02, 0.04, 0.07, 0.13, 0.2, 0.27, 0.32, 0.37, 0.44, 1.0, 1.0]
    Trading - Buy:
        min: 0.000 max: 1.000, mean: 0.121
        signals > 0.750: 2188 (3.2%)
        counts: [53071, 2585, 1706, 1649, 2316, 2659, 2124, 1475, 709, 891, 0]
        percentages: [0.77, 0.04, 0.02, 0.02, 0.03, 0.04, 0.03, 0.02, 0.01, 0.01, 0.0]
        cumulative: [0.77, 0.8, 0.83, 0.85, 0.89, 0.92, 0.96, 0.98, 0.99, 1.0, 1.0]

DOT/USDT
    Comparing actual vs predicted signals

================================================================================
CLASSIFICATION PERFORMANCE ASSESSMENT (Tri-State)
================================================================================
--- Detailed Classification Report ---
              precision    recall  f1-score   support

         0.0      0.571     0.141     0.227      5071
         1.0      0.872     0.974     0.920     58845
         2.0      0.516     0.214     0.303      5269

    accuracy                          0.855     69185
   macro avg      0.653     0.443     0.483     69185
weighted avg      0.823     0.855     0.822     69185


--- Confusion Matrix ---
Rows = True, Columns = Predicted
             Sell     Hold      Buy
    Sell      717     4310       44
    Hold      530    57301     1014
     Buy        8     4131     1130

--- Qualitative Assessment of Key Metrics ---
Metric                    Score   Assessment                               Trading Context
-------------------------   -------   ----------------------------------------   ------------------------------
Precision (Sell)          0.571   Okay. Acceptable, but needs improvement. Avoid false sell signals (support: 5071.0)
Recall (Sell)             0.141   Very Bad. Performance is extremely low.  Find all sell opportunities (support: 5071.0)
F1-Score (Sell)           0.227   Poor. Significant room for improvement.  Balanced performance on Sell signal (support: 5071.0)
Precision (Hold)          0.872   Excellent. Very strong performance.      Correctly identify neutral periods (support: 58845.0)
Recall (Hold)             0.974   Excellent. Very strong performance.      Find all neutral periods (support: 58845.0)
F1-Score (Hold)           0.920   Excellent. Very strong performance.      Balanced performance on Hold signal (support: 58845.0)
Precision (Buy)           0.516   Okay. Acceptable, but needs improvement. Avoid false buy signals (support: 5269.0)
Recall (Buy)              0.214   Poor. Significant room for improvement.  Find all buy opportunities (support: 5269.0)
F1-Score (Buy)            0.303   Poor. Significant room for improvement.  Balanced performance on Buy signal (support: 5269.0)

--- Overall Performance Metrics ---

--- Qualitative Assessment of Key Metrics ---
Metric                    Score   Assessment                               Trading Context
-------------------------   -------   ----------------------------------------   ------------------------------
Macro Avg Precision       0.653   Good. Reliable performance.              Average precision across all classes
Macro Avg Recall          0.443   Okay. Acceptable, but needs improvement. Average recall across all classes
Macro Avg F1-Score        0.483   Okay. Acceptable, but needs improvement. Average F1-score across all classes
Weighted Avg Precision    0.823   Excellent. Very strong performance.      Support-weighted average precision
Weighted Avg Recall       0.855   Excellent. Very strong performance.      Support-weighted average recall
Weighted Avg F1-Score     0.822   Excellent. Very strong performance.      Support-weighted average F1-score
MCC                       0.270   Okay. Weak but meaningful correlation.   Correlation between prediction and reality
Cohen's Kappa             0.229   Fair. Weak agreement.                    Agreement better than random chance

--- Summary and Recommendation ---
⚠️ CONCERN: Sell class recall is only 0.141. The model is missing over 85% of available 'Sell' signals. **Priority: Improve Sell Recall and overall F1.**
================================================================================
Result for strategy NNNC_DDPM_MLX
                                              BACKTESTING REPORT                                              
┏━━━━━━━━━━━┳━━━━━━━━┳━━━━━━━━━━━━━━┳━━━━━━━━━━━━━━━━━┳━━━━━━━━━━━━━━┳━━━━━━━━━━━━━━┳━━━━━━━━━━━━━━━━━━━━━━━━┓
┃      Pair ┃ Trades ┃ Avg Profit % ┃ Tot Profit USDT ┃ Tot Profit % ┃ Avg Duration ┃  Win  Draw  Loss  Win% ┃
┡━━━━━━━━━━━╇━━━━━━━━╇━━━━━━━━━━━━━━╇━━━━━━━━━━━━━━━━━╇━━━━━━━━━━━━━━╇━━━━━━━━━━━━━━╇━━━━━━━━━━━━━━━━━━━━━━━━┩
│  SUI/USDT │    121 │         0.56 │         609.236 │         6.09 │      3:27:00 │   70     0    51  57.9 │
│  XRP/USDT │    144 │         0.32 │         411.061 │         4.11 │      3:39:00 │   85     0    59  59.0 │
│  ZEC/USDT │     90 │         0.41 │         335.236 │         3.35 │      2:27:00 │   49     0    41  54.4 │
│  SOL/USDT │    123 │         0.16 │         173.914 │         1.74 │      5:10:00 │   68     0    55  55.3 │
│  DOT/USDT │     28 │         0.28 │          70.028 │          0.7 │      2:30:00 │   16     0    12  57.1 │
│ NEAR/USDT │     17 │         0.27 │          40.893 │         0.41 │      2:24:00 │   10     0     7  58.8 │
│  BCH/USDT │      5 │        -0.06 │          -2.706 │        -0.03 │      2:57:00 │    2     0     3  40.0 │
│ LINK/USDT │     68 │        -0.15 │         -90.245 │         -0.9 │      3:17:00 │   29     0    39  42.6 │
│ AAVE/USDT │     14 │        -0.91 │        -114.611 │        -1.15 │      1:14:00 │    7     0     7  50.0 │
│ AVAX/USDT │     46 │        -0.42 │        -174.919 │        -1.75 │      2:18:00 │   21     0    25  45.7 │
│  LTC/USDT │     57 │        -0.44 │        -226.939 │        -2.27 │      2:37:00 │   25     0    32  43.9 │
│     TOTAL │    713 │         0.16 │        1030.950 │        10.31 │      3:24:00 │  382     0   331  53.6 │
└───────────┴────────┴──────────────┴─────────────────┴──────────────┴──────────────┴────────────────────────┘
                                         LEFT OPEN TRADES REPORT                                          
┏━━━━━━━┳━━━━━━━━┳━━━━━━━━━━━━━━┳━━━━━━━━━━━━━━━━━┳━━━━━━━━━━━━━━┳━━━━━━━━━━━━━━┳━━━━━━━━━━━━━━━━━━━━━━━━┓
┃  Pair ┃ Trades ┃ Avg Profit % ┃ Tot Profit USDT ┃ Tot Profit % ┃ Avg Duration ┃  Win  Draw  Loss  Win% ┃
┡━━━━━━━╇━━━━━━━━╇━━━━━━━━━━━━━━╇━━━━━━━━━━━━━━━━━╇━━━━━━━━━━━━━━╇━━━━━━━━━━━━━━╇━━━━━━━━━━━━━━━━━━━━━━━━┩
│ TOTAL │      0 │          0.0 │           0.000 │          0.0 │         0:00 │    0     0     0     0 │
└───────┴────────┴──────────────┴─────────────────┴──────────────┴──────────────┴────────────────────────┘
                                                 ENTER TAG STATS                                                  
┏━━━━━━━━━━━━━━┳━━━━━━━━━┳━━━━━━━━━━━━━━┳━━━━━━━━━━━━━━━━━┳━━━━━━━━━━━━━━┳━━━━━━━━━━━━━━┳━━━━━━━━━━━━━━━━━━━━━━━━┓
┃    Enter Tag ┃ Entries ┃ Avg Profit % ┃ Tot Profit USDT ┃ Tot Profit % ┃ Avg Duration ┃  Win  Draw  Loss  Win% ┃
┡━━━━━━━━━━━━━━╇━━━━━━━━━╇━━━━━━━━━━━━━━╇━━━━━━━━━━━━━━━━━╇━━━━━━━━━━━━━━╇━━━━━━━━━━━━━━╇━━━━━━━━━━━━━━━━━━━━━━━━┩
│  model_entry │     713 │         0.16 │        1030.950 │        10.31 │      3:24:00 │  382     0   331  53.6 │
│        TOTAL │     713 │         0.16 │        1030.950 │        10.31 │      3:24:00 │  382     0   331  53.6 │
└──────────────┴─────────┴──────────────┴─────────────────┴──────────────┴──────────────┴────────────────────────┘
                                               EXIT REASON STATS                                               
┏━━━━━━━━━━━━━┳━━━━━━━┳━━━━━━━━━━━━━━┳━━━━━━━━━━━━━━━━━┳━━━━━━━━━━━━━━┳━━━━━━━━━━━━━━┳━━━━━━━━━━━━━━━━━━━━━━━━┓
┃ Exit Reason ┃ Exits ┃ Avg Profit % ┃ Tot Profit USDT ┃ Tot Profit % ┃ Avg Duration ┃  Win  Draw  Loss  Win% ┃
┡━━━━━━━━━━━━━╇━━━━━━━╇━━━━━━━━━━━━━━╇━━━━━━━━━━━━━━━━━╇━━━━━━━━━━━━━━╇━━━━━━━━━━━━━━╇━━━━━━━━━━━━━━━━━━━━━━━━┩
│ take_profit │   289 │         2.98 │        7750.950 │        77.51 │      2:53:00 │  289     0     0   100 │
│         roi │    70 │          3.0 │        1891.845 │        18.92 │      2:47:00 │   70     0     0   100 │
│  unclog_12h │    20 │         0.85 │         153.272 │         1.53 │     13:04:00 │   20     0     0   100 │
│  model_exit │     3 │         1.92 │          51.842 │         0.52 │     11:20:00 │    3     0     0   100 │
│   stop_loss │   331 │        -2.96 │       -8816.959 │       -88.17 │      3:19:00 │    0     0   331     0 │
│       TOTAL │   713 │         0.16 │        1030.950 │        10.31 │      3:24:00 │  382     0   331  53.6 │
└─────────────┴───────┴──────────────┴─────────────────┴──────────────┴──────────────┴────────────────────────┘
                                                        MIXED TAG STATS                                                        
┏━━━━━━━━━━━━━━┳━━━━━━━━━━━━━┳━━━━━━━━┳━━━━━━━━━━━━━━┳━━━━━━━━━━━━━━━━━┳━━━━━━━━━━━━━━┳━━━━━━━━━━━━━━┳━━━━━━━━━━━━━━━━━━━━━━━━┓
┃    Enter Tag ┃ Exit Reason ┃ Trades ┃ Avg Profit % ┃ Tot Profit USDT ┃ Tot Profit % ┃ Avg Duration ┃  Win  Draw  Loss  Win% ┃
┡━━━━━━━━━━━━━━╇━━━━━━━━━━━━━╇━━━━━━━━╇━━━━━━━━━━━━━━╇━━━━━━━━━━━━━━━━━╇━━━━━━━━━━━━━━╇━━━━━━━━━━━━━━╇━━━━━━━━━━━━━━━━━━━━━━━━┩
│  model_entry │ take_profit │    289 │         2.98 │        7750.950 │        77.51 │      2:53:00 │  289     0     0   100 │
│  model_entry │         roi │     70 │          3.0 │        1891.845 │        18.92 │      2:47:00 │   70     0     0   100 │
│  model_entry │  unclog_12h │     20 │         0.85 │         153.272 │         1.53 │     13:04:00 │   20     0     0   100 │
│  model_entry │  model_exit │      3 │         1.92 │          51.842 │         0.52 │     11:20:00 │    3     0     0   100 │
│  model_entry │   stop_loss │    331 │        -2.96 │       -8816.959 │       -88.17 │      3:19:00 │    0     0   331     0 │
│        TOTAL │             │    713 │         0.16 │        1030.950 │        10.31 │      3:24:00 │  382     0   331  53.6 │
└──────────────┴─────────────┴────────┴──────────────┴─────────────────┴──────────────┴──────────────┴────────────────────────┘
                                 MONTH BREAKDOWN                                  
┏━━━━━━━━━━━━┳━━━━━━━━┳━━━━━━━━━━━━━━━━━┳━━━━━━━━━━━━━━━┳━━━━━━━━━━━━━━━━━━━━━━━━┓
┃      Month ┃ Trades ┃ Tot Profit USDT ┃ Profit Factor ┃  Win  Draw  Loss  Win% ┃
┡━━━━━━━━━━━━╇━━━━━━━━╇━━━━━━━━━━━━━━━━━╇━━━━━━━━━━━━━━━╇━━━━━━━━━━━━━━━━━━━━━━━━┩
│ 30/06/2024 │      8 │          41.271 │          1.68 │    5     0     3  62.5 │
│ 31/07/2024 │      8 │          27.733 │          1.42 │    5     0     3  62.5 │
│ 31/08/2024 │     28 │         125.364 │          1.26 │   15     0    13  53.6 │
│ 30/09/2024 │      6 │          39.807 │          1.98 │    4     0     2  66.7 │
│ 31/10/2024 │     15 │         124.019 │          2.17 │   11     0     4  73.3 │
│ 30/11/2024 │     84 │         554.152 │          1.79 │   54     0    30  64.3 │
│ 31/12/2024 │    143 │        -134.273 │          0.93 │   73     0    70  51.0 │
│ 31/01/2025 │     59 │         451.148 │          2.07 │   40     0    19  67.8 │
│ 28/02/2025 │     67 │         -263.95 │          0.74 │   31     0    36  46.3 │
│ 31/03/2025 │     45 │        -144.082 │          0.77 │   19     0    26  42.2 │
│ 30/04/2025 │     19 │         -81.933 │          0.69 │    8     0    11  42.1 │
│ 31/05/2025 │     12 │          32.581 │           1.3 │    7     0     5  58.3 │
│ 30/06/2025 │      2 │          37.908 │           0.0 │    2     0     0   100 │
│ 31/07/2025 │     23 │          32.763 │          1.14 │   13     0    10  56.5 │
│ 31/08/2025 │     18 │          -65.73 │          0.68 │    8     0    10  44.4 │
│ 30/09/2025 │      0 │               0 │           0.0 │    0     0     0     0 │
│ 31/10/2025 │     48 │         135.495 │          1.17 │   22     0    26  45.8 │
│ 30/11/2025 │     69 │         139.449 │          1.13 │   35     0    34  50.7 │
│ 31/12/2025 │     14 │          47.192 │          1.36 │    8     0     6  57.1 │
│ 31/01/2026 │      7 │         -23.154 │           0.8 │    4     0     3  57.1 │
│ 28/02/2026 │     26 │         -35.464 │          0.91 │   12     0    14  46.2 │
│ 31/03/2026 │      0 │               0 │           0.0 │    0     0     0     0 │
│ 30/04/2026 │      2 │          -0.595 │          0.97 │    1     0     1  50.0 │
│ 31/05/2026 │     10 │          -8.751 │          0.93 │    5     0     5  50.0 │
└────────────┴────────┴─────────────────┴───────────────┴────────────────────────┘
                                   SUMMARY METRICS                                    
┏━━━━━━━━━━━━━━━━━━━━━━━━━━━━━━━━━━━━━━━━┳━━━━━━━━━━━━━━━━━━━━━━━━━━━━━━━━━━━━━━━━━━━┓
┃ Metric                                 ┃ Value                                     ┃
┡━━━━━━━━━━━━━━━━━━━━━━━━━━━━━━━━━━━━━━━━╇━━━━━━━━━━━━━━━━━━━━━━━━━━━━━━━━━━━━━━━━━━━┩
│ Backtesting from                       │ 2024-06-09 00:00:00                       │
│ Backtesting to                         │ 2026-05-30 00:00:00                       │
│ Trading Mode                           │ Spot                                      │
│ Max open trades                        │ 10                                        │
│                                        │                                           │
│ Total/Daily Avg Trades                 │ 713 / 0.99                                │
│ Starting balance                       │ 10000 USDT                                │
│ Final balance                          │ 11030.95 USDT                             │
│ Absolute profit                        │ 1030.95 USDT                              │
│ Total profit %                         │ 10.31%                                    │
│ CAGR %                                 │ 5.10%                                     │
│ Sharpe (closed trades)                 │ 0.92                                      │
│ Sortino (closed trades)                │ 2.05                                      │
│ Calmar (closed trades)                 │ 4.58                                      │
│ SQN                                    │ 1.30                                      │
│ Profit factor                          │ 1.12                                      │
│ Expectancy (Ratio)                     │ 1.45 (0.05)                               │
│ Avg. daily profit                      │ 1.432 USDT                                │
│ Avg. stake amount                      │ 899.871 USDT                              │
│ Market change                          │ 180.30%                                   │
│ Total trade volume                     │ 1286817.653 USDT                          │
│                                        │                                           │
│ Best Pair                              │ SUI/USDT 6.09%                            │
│ Worst Pair                             │ LTC/USDT -2.27%                           │
│ Best trade                             │ XRP/USDT 15.25%                           │
│ Worst trade                            │ LTC/USDT -17.45%                          │
│ Best day                               │ 307.496 USDT                              │
│ Worst day                              │ -367.119 USDT                             │
│ Days win/draw/lose                     │ 132 / 495 / 88                            │
│ Min/Max/Avg. Duration Winners          │ 0d 01:00 / 0d 17:15 / 0d 03:28            │
│ Min/Max/Avg. Duration Losers           │ 0d 01:00 / 0d 21:15 / 0d 03:19            │
│ Max Consecutive Wins / Loss            │ 17 / 12                                   │
│ Rejected Entry signals                 │ 0                                         │
│ Entry/Exit Timeouts                    │ 0 / 0                                     │
│                                        │                                           │
│ Min/Max balance (closed trades)        │ 9652.803 USDT / 11348.073 USDT            │
│ Max % of account underwater            │ 5.97%                                     │
│ Absolute drawdown                      │ 677.369 USDT (5.97%)                      │
│ Drawdown duration                      │ 155 days 04:15:00                         │
│ Profit at drawdown start               │ 1348.073 USDT                             │
│ Profit at drawdown end                 │ 670.704 USDT                              │
│ Drawdown start                         │ 2024-12-08 23:45:00                       │
│ Drawdown end                           │ 2025-05-13 04:00:00                       │
│                                        │                                           │
│ Wallet based Metrics                   │                                           │
│ Min/Max balance (wallet balance)       │ 9622.795 USDT / 11353.715 USDT            │
│ Min/Max balance dates (wallet balance) │ 2024-08-05 06:45:00 / 2024-12-09 06:00:00 │
│ Max % of account underwater (balance)  │ 6.30%                                     │
│ Absolute drawdown (wallet balance)     │ 715.012 USDT (6.30%)                      │
│ Drawdown duration                      │ 11 days 05:45:00                          │
│ Profit at drawdown start               │ 1353.715 USDT                             │
│ Profit at drawdown end                 │ 638.702 USDT                              │
│ Drawdown start                         │ 2024-12-09 06:00:00                       │
│ Drawdown end                           │ 2024-12-20 11:45:00                       │
│ Sharpe (daily wallet balance)          │ 0.89                                      │
│ Sortino (daily wallet balance)         │ 0.62                                      │
│ Calmar (daily wallet balance)          │ 4.35                                      │
└────────────────────────────────────────┴───────────────────────────────────────────┘

Backtested 2024-06-09 00:00:00 -> 2026-05-30 00:00:00 | Max open trades : 10
                                                            STRATEGY SUMMARY                                                            
┏━━━━━━━━━━━━━━━┳━━━━━━━━┳━━━━━━━━━━━━━━┳━━━━━━━━━━━━━━━━━┳━━━━━━━━━━━━━━┳━━━━━━━━━━━━━━┳━━━━━━━━━━━━━━━━━━━━━━━━┳━━━━━━━━━━━━━━━━━━━━━┓
┃      Strategy ┃ Trades ┃ Avg Profit % ┃ Tot Profit USDT ┃ Tot Profit % ┃ Avg Duration ┃  Win  Draw  Loss  Win% ┃            Drawdown ┃
┡━━━━━━━━━━━━━━━╇━━━━━━━━╇━━━━━━━━━━━━━━╇━━━━━━━━━━━━━━━━━╇━━━━━━━━━━━━━━╇━━━━━━━━━━━━━━╇━━━━━━━━━━━━━━━━━━━━━━━━╇━━━━━━━━━━━━━━━━━━━━━┩
│ NNNC_DDPM_MLX │    713 │         0.16 │        1030.950 │        10.31 │      3:24:00 │  382     0   331  53.6 │ 677.369 USDT  5.97% │
└───────────────┴────────┴──────────────┴─────────────────┴──────────────┴──────────────┴────────────────────────┴─────────────────────┘

