2026-05-29 08:30:58,838 - freqtrade - INFO - freqtrade 2026.4-dev-63819fa7e
2026-05-29 08:30:59,171 - numexpr.utils - INFO - NumExpr defaulting to 14 threads.

Using config file: user_data/strategies/config/config.json and Strategy dir: user_data/strategies/NNNC

Fri May 29 08:30:59 PDT 2026
Testing strategy:NNNC_DDPM_MLX_LSTM for exchange:...
freqtrade backtesting --cache none  --breakdown month --timerange=20240608-20260529 -c user_data/strategies/config/config.json --strategy-path user_data/strategies/NNNC --strategy-list NNNC_DDPM_MLX_LSTM
2026-05-29 08:30:59,986 - freqtrade - INFO - freqtrade 2026.4-dev-63819fa7e
2026-05-29 08:31:00,131 - numexpr.utils - INFO - NumExpr defaulting to 14 threads.
2026-05-29 08:31:00,692 - freqtrade.configuration.load_config - INFO - Using config: user_data/strategies/config/config.json ...
2026-05-29 08:31:00,693 - freqtrade.loggers - INFO - Enabling colorized output.
2026-05-29 08:31:00,693 - freqtrade.loggers - INFO - Logfile configured
2026-05-29 08:31:00,693 - freqtrade.loggers - INFO - Verbosity set to 0
2026-05-29 08:31:00,694 - freqtrade.configuration.configuration - INFO - Using additional Strategy lookup path: user_data/strategies/NNNC
2026-05-29 08:31:00,694 - freqtrade.configuration.configuration - INFO - Using max_open_trades: 10 ...
2026-05-29 08:31:00,694 - freqtrade.configuration.configuration - INFO - Parameter --timerange detected: 20240608-20260529 ...
2026-05-29 08:31:00,694 - freqtrade.configuration.configuration - INFO - Using user-data directory: /Users/philprice95/projects/freqtrade/user_data ...
2026-05-29 08:31:00,694 - freqtrade.configuration.configuration - INFO - Using data directory: /Users/philprice95/projects/freqtrade/user_data/data/binanceus ...
2026-05-29 08:31:00,694 - freqtrade.configuration.configuration - INFO - Using strategy list of 1 strategies
2026-05-29 08:31:00,694 - freqtrade.configuration.configuration - INFO - Parameter --breakdown detected ...
2026-05-29 08:31:00,694 - freqtrade.configuration.configuration - INFO - Parameter --cache=none detected ...
2026-05-29 08:31:00,694 - freqtrade.configuration.configuration - INFO - Filter trades by timerange: 20240608-20260529
2026-05-29 08:31:00,695 - freqtrade.exchange.check_exchange - INFO - Checking exchange...
2026-05-29 08:31:00,701 - freqtrade.exchange.check_exchange - INFO - Exchange "binanceus" is officially supported by the Freqtrade development team.
2026-05-29 08:31:00,701 - freqtrade.configuration.configuration - INFO - Using pairlist from configuration.
2026-05-29 08:31:00,701 - freqtrade.configuration.config_validation - INFO - Validating configuration ...
2026-05-29 08:31:00,702 - freqtrade.commands.optimize_commands - INFO - Starting freqtrade in Backtesting mode
2026-05-29 08:31:00,702 - freqtrade.exchange.exchange - INFO - Instance is running with dry_run enabled
2026-05-29 08:31:00,702 - freqtrade.exchange.exchange - INFO - Using CCXT 4.5.50
2026-05-29 08:31:00,711 - freqtrade.exchange.exchange - INFO - Using Exchange "Binance US"
2026-05-29 08:31:00,905 - freqtrade.resolvers.exchange_resolver - INFO - Using resolved exchange 'Binanceus'...
/Users/philprice95/projects/freqtrade/.venv/lib/python3.12/site-packages/_distutils_hack/__init__.py:15: UserWarning: Distutils was imported before Setuptools, but importing Setuptools also replaces the `distutils` module in `sys.modules`. This may lead to undesirable behaviors or errors. To avoid these issues, avoid using distutils directly, ensure that setuptools is installed in the traditional way (e.g. not an editable install), and/or make sure that setuptools is always imported before distutils.
  warnings.warn(
/Users/philprice95/projects/freqtrade/.venv/lib/python3.12/site-packages/_distutils_hack/__init__.py:30: UserWarning: Setuptools is replacing distutils. Support for replacing an already imported distutils is deprecated. In the future, this condition will fail. Register concerns at https://github.com/pypa/setuptools/issues/new?template=distutils-deprecation.yml
  warnings.warn(
2026-05-29 08:31:03,023 - freqtrade.resolvers.iresolver - INFO - Using resolved strategy NNNC_DDPM_MLX_LSTM from 
'/Users/philprice95/projects/freqtrade/user_data/strategies/NNNC/NNNC_DDPM_MLX_LSTM.py'...
2026-05-29 08:31:03,024 - freqtrade.strategy.hyper - INFO - Found no parameter file.
2026-05-29 08:31:03,024 - freqtrade.resolvers.strategy_resolver - INFO - Override strategy 'timeframe' with value from the configuration: 15m.
2026-05-29 08:31:03,024 - freqtrade.resolvers.strategy_resolver - INFO - Override strategy 'order_types' with value from the configuration: {'entry': 'limit', 'exit': 'market', 'emergency_exit': 
'market', 'force_exit': 'market', 'force_entry': 'market', 'stoploss': 'market', 'stoploss_on_exchange': False, 'stoploss_price_type': 'last', 'stoploss_on_exchange_interval': 60, 
'stoploss_on_exchange_limit_ratio': 0.99}.
2026-05-29 08:31:03,024 - freqtrade.resolvers.strategy_resolver - INFO - Override strategy 'stake_currency' with value from the configuration: USDT.
2026-05-29 08:31:03,024 - freqtrade.resolvers.strategy_resolver - INFO - Override strategy 'stake_amount' with value from the configuration: 900.
2026-05-29 08:31:03,024 - freqtrade.resolvers.strategy_resolver - INFO - Override strategy 'unfilledtimeout' with value from the configuration: {'entry': 10, 'exit': 10, 'exit_timeout_count': 0, 
'unit': 'minutes'}.
2026-05-29 08:31:03,025 - freqtrade.resolvers.strategy_resolver - INFO - Override strategy 'max_open_trades' with value from the configuration: 10.
2026-05-29 08:31:03,025 - freqtrade.resolvers.strategy_resolver - INFO - Strategy using minimal_roi: {'0': 0.03}
2026-05-29 08:31:03,025 - freqtrade.resolvers.strategy_resolver - INFO - Strategy using timeframe: 15m
2026-05-29 08:31:03,025 - freqtrade.resolvers.strategy_resolver - INFO - Strategy using stoploss: -0.05
2026-05-29 08:31:03,025 - freqtrade.resolvers.strategy_resolver - INFO - Strategy using trailing_stop: False
2026-05-29 08:31:03,025 - freqtrade.resolvers.strategy_resolver - INFO - Strategy using trailing_stop_positive: 0.01
2026-05-29 08:31:03,025 - freqtrade.resolvers.strategy_resolver - INFO - Strategy using trailing_stop_positive_offset: 0.03
2026-05-29 08:31:03,025 - freqtrade.resolvers.strategy_resolver - INFO - Strategy using trailing_only_offset_is_reached: True
2026-05-29 08:31:03,025 - freqtrade.resolvers.strategy_resolver - INFO - Strategy using use_custom_stoploss: True
2026-05-29 08:31:03,025 - freqtrade.resolvers.strategy_resolver - INFO - Strategy using process_only_new_candles: True
2026-05-29 08:31:03,025 - freqtrade.resolvers.strategy_resolver - INFO - Strategy using order_types: {'entry': 'limit', 'exit': 'market', 'emergency_exit': 'market', 'force_exit': 'market', 
'force_entry': 'market', 'stoploss': 'market', 'stoploss_on_exchange': False, 'stoploss_price_type': 'last', 'stoploss_on_exchange_interval': 60, 'stoploss_on_exchange_limit_ratio': 0.99}
2026-05-29 08:31:03,026 - freqtrade.resolvers.strategy_resolver - INFO - Strategy using order_time_in_force: {'entry': 'GTC', 'exit': 'GTC'}
2026-05-29 08:31:03,026 - freqtrade.resolvers.strategy_resolver - INFO - Strategy using stake_currency: USDT
2026-05-29 08:31:03,026 - freqtrade.resolvers.strategy_resolver - INFO - Strategy using stake_amount: 900
2026-05-29 08:31:03,026 - freqtrade.resolvers.strategy_resolver - INFO - Strategy using startup_candle_count: 64
2026-05-29 08:31:03,026 - freqtrade.resolvers.strategy_resolver - INFO - Strategy using unfilledtimeout: {'entry': 10, 'exit': 10, 'exit_timeout_count': 0, 'unit': 'minutes'}
2026-05-29 08:31:03,026 - freqtrade.resolvers.strategy_resolver - INFO - Strategy using use_exit_signal: True
2026-05-29 08:31:03,026 - freqtrade.resolvers.strategy_resolver - INFO - Strategy using exit_profit_only: True
2026-05-29 08:31:03,026 - freqtrade.resolvers.strategy_resolver - INFO - Strategy using ignore_roi_if_entry_signal: True
2026-05-29 08:31:03,026 - freqtrade.resolvers.strategy_resolver - INFO - Strategy using exit_profit_offset: 0.0
2026-05-29 08:31:03,026 - freqtrade.resolvers.strategy_resolver - INFO - Strategy using disable_dataframe_checks: False
2026-05-29 08:31:03,026 - freqtrade.resolvers.strategy_resolver - INFO - Strategy using ignore_buying_expired_candle_after: 0
2026-05-29 08:31:03,026 - freqtrade.resolvers.strategy_resolver - INFO - Strategy using position_adjustment_enable: False
2026-05-29 08:31:03,027 - freqtrade.resolvers.strategy_resolver - INFO - Strategy using max_entry_position_adjustment: -1
2026-05-29 08:31:03,027 - freqtrade.resolvers.strategy_resolver - INFO - Strategy using max_open_trades: 10
2026-05-29 08:31:03,027 - freqtrade.configuration.config_validation - INFO - Validating configuration ...
2026-05-29 08:31:03,029 - freqtrade.resolvers.iresolver - INFO - Using resolved pairlist StaticPairList from '/Users/philprice95/projects/freqtrade/freqtrade/plugins/pairlist/StaticPairList.py'...
2026-05-29 08:31:03,032 - freqtrade.optimize.backtesting - INFO - Using fee 0.1000% - worst case fee from exchange (lowest tier).
2026-05-29 08:31:03,222 - freqtrade.data.history.datahandlers.idatahandler - WARNING - ZEC/USDT, spot, 15m, data ends at 2026-05-27 17:15:00
2026-05-29 08:31:03,226 - freqtrade.data.history.datahandlers.idatahandler - INFO - Price jump in ZEC/USDT, 15m, spot between two candles of 33.14% detected.
2026-05-29 08:31:03,237 - freqtrade.data.history.datahandlers.idatahandler - WARNING - XRP/USDT, spot, 15m, data ends at 2026-05-27 17:15:00
2026-05-29 08:31:03,250 - freqtrade.data.history.datahandlers.idatahandler - WARNING - SOL/USDT, spot, 15m, data ends at 2026-05-27 17:15:00
2026-05-29 08:31:03,262 - freqtrade.data.history.datahandlers.idatahandler - WARNING - LINK/USDT, spot, 15m, data ends at 2026-05-27 17:15:00
2026-05-29 08:31:03,274 - freqtrade.data.history.datahandlers.idatahandler - WARNING - NEAR/USDT, spot, 15m, data ends at 2026-05-27 17:15:00
2026-05-29 08:31:03,285 - freqtrade.data.history.datahandlers.idatahandler - WARNING - AAVE/USDT, spot, 15m, data ends at 2026-05-27 17:15:00
2026-05-29 08:31:03,297 - freqtrade.data.history.datahandlers.idatahandler - WARNING - DASH/USDT, spot, 15m, data ends at 2026-05-28 15:45:00
2026-05-29 08:31:03,301 - freqtrade.data.history.datahandlers.idatahandler - INFO - Price jump in DASH/USDT, 15m, spot between two candles of 61.49% detected.
2026-05-29 08:31:03,308 - freqtrade.data.history.datahandlers.idatahandler - WARNING - SUI/USDT, spot, 15m, data ends at 2026-05-28 15:45:00
2026-05-29 08:31:03,319 - freqtrade.data.history.datahandlers.idatahandler - WARNING - AVAX/USDT, spot, 15m, data ends at 2026-05-28 15:45:00
2026-05-29 08:31:03,331 - freqtrade.data.history.datahandlers.idatahandler - WARNING - LTC/USDT, spot, 15m, data ends at 2026-05-28 15:45:00
2026-05-29 08:31:03,344 - freqtrade.data.history.datahandlers.idatahandler - WARNING - BCH/USDT, spot, 15m, data ends at 2026-05-28 15:45:00
2026-05-29 08:31:03,355 - freqtrade.data.history.datahandlers.idatahandler - WARNING - DOT/USDT, spot, 15m, data ends at 2026-05-28 15:45:00
2026-05-29 08:31:03,366 - freqtrade.data.history.datahandlers.idatahandler - WARNING - NEO/USDT, spot, 15m, data ends at 2026-05-28 15:45:00
2026-05-29 08:31:03,369 - freqtrade.data.history.datahandlers.idatahandler - INFO - Price jump in NEO/USDT, 15m, spot between two candles of 221.60% detected.
2026-05-29 08:31:03,377 - freqtrade.optimize.backtesting - INFO - Loading data from 2024-06-07 08:00:00 up to 2026-05-28 15:45:00 (720 days).
2026-05-29 08:31:05,907 - freqtrade.optimize.backtesting - INFO - Dataload complete. Calculating indicators
2026-05-29 08:31:05,907 - freqtrade.optimize.backtesting - INFO - Running backtesting for Strategy NNNC_DDPM_MLX_LSTM
2026-05-29 08:31:05,928 - freqtrade.strategy.hyper - INFO - Strategy Parameter: cexit_enable_profit_checks = True
2026-05-29 08:31:05,928 - freqtrade.strategy.hyper - INFO - Strategy Parameter: cexit_max_days = 5
2026-05-29 08:31:05,928 - freqtrade.strategy.hyper - INFO - Strategy Parameter: cexit_take_profit = 0.02
2026-05-29 08:31:05,928 - freqtrade.strategy.hyper - INFO - Strategy Parameter: enable_exit_signal = True
2026-05-29 08:31:05,928 - freqtrade.strategy.hyper - INFO - Strategy Parameter: exit_close_norm_threshold = 0.0
2026-05-29 08:31:05,929 - freqtrade.strategy.hyper - INFO - Strategy Parameter: exit_guard_threshold = 0.5
2026-05-29 08:31:05,929 - freqtrade.strategy.hyper - INFO - Strategy Parameter: entry_adx_threshold = 20.0
2026-05-29 08:31:05,929 - freqtrade.strategy.hyper - INFO - Strategy Parameter: entry_atr_pct = 0.006
2026-05-29 08:31:05,929 - freqtrade.strategy.hyper - INFO - Strategy Parameter: entry_bb_width_threshold = 0.014
2026-05-29 08:31:05,929 - freqtrade.strategy.hyper - INFO - Strategy Parameter: entry_close_norm_threshold = 0.0
2026-05-29 08:31:05,929 - freqtrade.strategy.hyper - INFO - Strategy Parameter: entry_enable_guards = True
2026-05-29 08:31:05,929 - freqtrade.strategy.hyper - INFO - Strategy Parameter: entry_guard_threshold = -0.5
2026-05-29 08:31:05,929 - freqtrade.strategy.hyper - INFO - Strategy Parameter: entry_rvol_threshold = 1.0
2026-05-29 08:31:05,929 - freqtrade.strategy.hyper - INFO - Strategy Parameter: prediction_threshold = 0.5

----------------------
NNNC_DDPM_MLX_LSTM
----------------------


Software Environment:

    freqtrade:  2026.4-dev-63819fa7e
    OS Type:    darwin (MacOS), Version: macOS-26.4.1-arm64-arm-64bit
    python:     ['3.12.13 (main, Mar  3 2026, 12:39:30) [Clang 21.0.0 (clang-2100.0.123.102)]']
    sklearn:    1.8.0
    tensorflow: 2.17.0, devices:[PhysicalDevice(name='/physical_device:CPU:0', device_type='CPU'), PhysicalDevice(name='/physical_device:GPU:0', device_type='GPU')]
    keras:      3.14.0
    pytorch:    (not installed)
    lightning:  (not installed)
    darts:      (not installed)


    Current Hyperopt Parameters:
      Buy Parameters:
        entry_adx_threshold: 20.0
        entry_atr_pct: 0.006
        entry_bb_width_threshold: 0.014
        entry_close_norm_threshold: 0.0
        entry_enable_guards: True
        entry_guard_threshold: -0.5
        entry_rvol_threshold: 1.0
        prediction_threshold: 0.5
        cexit_enable_profit_checks: True
        cexit_max_days: 2
        cexit_take_profit: 0.002
        profit_prediction_threshold: 0.3
        apply_task_filters: True

      Sell Parameters:
        cexit_enable_profit_checks: True
        cexit_max_days: 5
        cexit_take_profit: 0.02
        enable_exit_signal: True
        exit_close_norm_threshold: 0.0
        exit_guard_threshold: 0.5

Strategy Parameters/Flags

    refit_model:    False
    model_per_pair: False
    combine_models: False

    ZEC/USDT - adding indicators...
        Buy signals: found 4829 initial peaks, filtered to 4829 peaks with >=0.5% future gain
        Sell signals: found 5517 initial peaks, filtered to 5517 peaks with >=0.5% future loss
        Signal counts: buys=7092, sells=9463, conflicts=0
        Final trading_classes counts: buys=7092, sells=9463
        Trading distribution: [ 9463 52507  7092] [13.7%, 76.0%, 10.3%]
        %train_buy/%train_sell counts: buys=7092, sells=9463, holds=52507
    XRP/USDT - adding indicators...
        Buy signals: found 2379 initial peaks, filtered to 2379 peaks with >=0.5% future gain
        Sell signals: found 2415 initial peaks, filtered to 2415 peaks with >=0.5% future loss
        Signal counts: buys=3982, sells=4355, conflicts=0
        Final trading_classes counts: buys=3982, sells=4355
        Trading distribution: [ 4355 60725  3982] [6.3%, 87.9%, 5.8%]
        %train_buy/%train_sell counts: buys=3982, sells=4355, holds=60725
    SOL/USDT - adding indicators...
        Buy signals: found 2446 initial peaks, filtered to 2446 peaks with >=0.5% future gain
        Sell signals: found 2126 initial peaks, filtered to 2126 peaks with >=0.5% future loss
        Signal counts: buys=4204, sells=3870, conflicts=0
        Final trading_classes counts: buys=4204, sells=3870
        Trading distribution: [ 3870 60988  4204] [5.6%, 88.3%, 6.1%]
        %train_buy/%train_sell counts: buys=4204, sells=3870, holds=60988
    LINK/USDT - adding indicators...
        Buy signals: found 2923 initial peaks, filtered to 2923 peaks with >=0.5% future gain
        Sell signals: found 2800 initial peaks, filtered to 2800 peaks with >=0.5% future loss
        Signal counts: buys=4895, sells=5081, conflicts=0
        Final trading_classes counts: buys=4895, sells=5081
        Trading distribution: [ 5081 59086  4895] [7.4%, 85.6%, 7.1%]
        %train_buy/%train_sell counts: buys=4895, sells=5081, holds=59086
    NEAR/USDT - adding indicators...
        Buy signals: found 4662 initial peaks, filtered to 4662 peaks with >=0.5% future gain
        Sell signals: found 4417 initial peaks, filtered to 4414 peaks with >=0.5% future loss
        Signal counts: buys=7179, sells=7632, conflicts=0
        Final trading_classes counts: buys=7179, sells=7632
        Trading distribution: [ 7632 54251  7179] [11.1%, 78.6%, 10.4%]
        %train_buy/%train_sell counts: buys=7179, sells=7632, holds=54251
    AAVE/USDT - adding indicators...
        Buy signals: found 3786 initial peaks, filtered to 3786 peaks with >=0.5% future gain
        Sell signals: found 3808 initial peaks, filtered to 3808 peaks with >=0.5% future loss
        Signal counts: buys=5945, sells=6640, conflicts=0
        Final trading_classes counts: buys=5945, sells=6640
        Trading distribution: [ 6640 56477  5945] [9.6%, 81.8%, 8.6%]
        %train_buy/%train_sell counts: buys=5945, sells=6640, holds=56477
    DASH/USDT - adding indicators...
        Buy signals: found 3426 initial peaks, filtered to 3426 peaks with >=0.5% future gain
        Sell signals: found 3642 initial peaks, filtered to 3642 peaks with >=0.5% future loss
        Signal counts: buys=4989, sells=6180, conflicts=0
        Final trading_classes counts: buys=4989, sells=6180
        Trading distribution: [ 6180 57983  4989] [8.9%, 83.8%, 7.2%]
        %train_buy/%train_sell counts: buys=4989, sells=6180, holds=57983
    SUI/USDT - adding indicators...
        Buy signals: found 4959 initial peaks, filtered to 4959 peaks with >=0.5% future gain
        Sell signals: found 4712 initial peaks, filtered to 4712 peaks with >=0.5% future loss
        Signal counts: buys=7872, sells=8272, conflicts=0
        Final trading_classes counts: buys=7872, sells=8272
        Trading distribution: [ 8272 53008  7872] [12.0%, 76.7%, 11.4%]
        %train_buy/%train_sell counts: buys=7872, sells=8272, holds=53008
    AVAX/USDT - adding indicators...
        Buy signals: found 3181 initial peaks, filtered to 3181 peaks with >=0.5% future gain
        Sell signals: found 2835 initial peaks, filtered to 2835 peaks with >=0.5% future loss
        Signal counts: buys=5253, sells=5133, conflicts=0
        Final trading_classes counts: buys=5253, sells=5133
        Trading distribution: [ 5133 58766  5253] [7.4%, 85.0%, 7.6%]
        %train_buy/%train_sell counts: buys=5253, sells=5133, holds=58766
    LTC/USDT - adding indicators...
        Buy signals: found 2624 initial peaks, filtered to 2624 peaks with >=0.5% future gain
        Sell signals: found 2327 initial peaks, filtered to 2327 peaks with >=0.5% future loss
        Signal counts: buys=4301, sells=4221, conflicts=0
        Final trading_classes counts: buys=4301, sells=4221
        Trading distribution: [ 4221 60630  4301] [6.1%, 87.7%, 6.2%]
        %train_buy/%train_sell counts: buys=4301, sells=4221, holds=60630
    BCH/USDT - adding indicators...
        Buy signals: found 3033 initial peaks, filtered to 3033 peaks with >=0.5% future gain
        Sell signals: found 2883 initial peaks, filtered to 2883 peaks with >=0.5% future loss
        Signal counts: buys=4742, sells=5225, conflicts=0
        Final trading_classes counts: buys=4742, sells=5225
        Trading distribution: [ 5225 59185  4742] [7.6%, 85.6%, 6.9%]
        %train_buy/%train_sell counts: buys=4742, sells=5225, holds=59185
    DOT/USDT - adding indicators...
        Buy signals: found 3212 initial peaks, filtered to 3212 peaks with >=0.5% future gain
        Sell signals: found 2860 initial peaks, filtered to 2860 peaks with >=0.5% future loss
        Signal counts: buys=5274, sells=5066, conflicts=0
        Final trading_classes counts: buys=5274, sells=5066
        Trading distribution: [ 5066 58812  5274] [7.3%, 85.0%, 7.6%]
        %train_buy/%train_sell counts: buys=5274, sells=5066, holds=58812
    NEO/USDT - adding indicators...
        Buy signals: found 3090 initial peaks, filtered to 3090 peaks with >=0.5% future gain
        Sell signals: found 3046 initial peaks, filtered to 3046 peaks with >=0.5% future loss
        Signal counts: buys=4545, sells=5318, conflicts=0
        Final trading_classes counts: buys=4545, sells=5318
        Trading distribution: [ 5318 59289  4545] [7.7%, 85.7%, 6.6%]
        %train_buy/%train_sell counts: buys=4545, sells=5318, holds=59289
    Training model on 13 pairs
    Main scaler loaded from /Users/philprice95/projects/freqtrade/user_data/strategies/saved_data/
    PCA data loaded: n_components=20
    Columns exceeding ±10 before clipping: [('bb_width', -1.0001307528502497, 18.387945839670714)]
    GAN scaler A loaded from /Users/philprice95/projects/freqtrade/user_data/strategies/saved_data/
      columns: ['bb_width', 'atr_norm', 'rsi_scaled', 'mfi_scaled', 'guard_metric_pos', 'guard_metric_neg', 'gain_norm', 'macdhist_norm', 'ema_fast_norm', 'macd_pos', 'macd_neg', 'fastk_scaled', 'fast_diff', 'adx_scaled', 'aroonosc_scaled', 'bb_position', 'vwap_pos', 'vwap_neg', 'di_diff_scaled', 'sar_ratio', 'spread_ma', 'cci_scaled', 'fisher_ss', 'cg_ss']
    balance_single_task: class counts {0: 7531, 1: 42312, 2: 5391} (gan_type=TAB_DDPM)
    balance_single_task: per-class additions {0: 9393, 2: 11533}
      density filter: kept 9393/11742 synth samples for class 0 (reject_pct=0.20)
      generated 9393 samples for class 0
      density filter: kept 11533/14417 synth samples for class 2 (reject_pct=0.20)
      generated 11533 samples for class 2
    balance_single_task: rows 55234 -> 76160; counts {0: 7531, 1: 42312, 2: 5391} -> {0: 16924, 1: 42312, 2: 16924}
    === GAN fidelity diagnostic (real vs synthetic) ===
      real rows:      55234    synth rows:      20926    features: 24
      task        cls     N_real      N_syn    |Δμ|max    σ_syn/σ_real  flag
      ----------------------------------------------------------------------
      class         0       7531       9393      0.43σ   0.20/ 0.90  MODE_COLLAPSE,joint_drift
      class         1      42312          0          -               -  no synth
      class         2       5391      11533      0.38σ   0.17/ 0.92  MODE_COLLAPSE

      worst features per bucket (top 2 by severity):
        class==0:
          bb_width              real μ= -0.450 σ= 0.333    syn μ= -0.592 σ= 0.186    Δμ=-0.43σ  σ_ratio=0.56
          guard_metric_neg      real μ= +0.012 σ= 0.084    syn μ= +0.001 σ= 0.017    Δμ=-0.14σ  σ_ratio=0.20
          atr_norm              real μ= +0.063 σ= 0.689    syn μ= -0.005 σ= 0.689    Δμ=-0.10σ  σ_ratio=1.00
        class==2:
          bb_width              real μ= -0.481 σ= 0.300    syn μ= -0.594 σ= 0.188    Δμ=-0.38σ  σ_ratio=0.63
          di_diff_scaled        real μ= -0.591 σ= 0.489    syn μ= -0.528 σ= 0.496    Δμ=+0.13σ  σ_ratio=1.01
          sar_ratio             real μ= +0.529 σ= 0.510    syn μ= +0.466 σ= 0.542    Δμ=-0.12σ  σ_ratio=1.06

    === Joint-distribution diagnostic (correlation matrix) ===
      task        cls  used_real   used_syn   |Δρ|max   |Δρ|mean  flag
      ----------------------------------------------------------------------
      class         0       7531       9393     0.302      0.048  joint_drift
      class         2       5391      11533     0.296      0.044  ok

      worst feature PAIRS per bucket (top 2 by |Δρ|):
        class==0:
          guard_metric_neg   × vwap_pos            real ρ=+0.39  syn ρ=+0.09  Δρ=+0.30
          rsi_scaled         × guard_metric_neg    real ρ=-0.34  syn ρ=-0.08  Δρ=-0.26
          guard_metric_neg   × fastk_scaled        real ρ=-0.34  syn ρ=-0.08  Δρ=-0.25
        class==2:
          guard_metric_pos   × vwap_neg            real ρ=+0.35  syn ρ=+0.05  Δρ=+0.30
          rsi_scaled         × guard_metric_pos    real ρ=+0.30  syn ρ=+0.07  Δρ=+0.23
          guard_metric_pos   × cci_scaled          real ρ=+0.24  syn ρ=+0.08  Δρ=+0.16
    Columns exceeding ±10 before clipping: [('bb_width', -1.0001307528502497, 16.676458335376665)]
    balance_single_task: class counts {0: 3852, 1: 47824, 2: 3558} (gan_type=TAB_DDPM)
    balance_single_task: per-class additions {0: 15277, 2: 15571}
      density filter: kept 15277/19097 synth samples for class 0 (reject_pct=0.20)
      generated 15277 samples for class 0
      density filter: kept 15571/19464 synth samples for class 2 (reject_pct=0.20)
      generated 15571 samples for class 2
    balance_single_task: rows 55234 -> 86082; counts {0: 3852, 1: 47824, 2: 3558} -> {0: 19129, 1: 47824, 2: 19129}
    === GAN fidelity diagnostic (real vs synthetic) ===
      real rows:      55234    synth rows:      30848    features: 24
      task        cls     N_real      N_syn    |Δμ|max    σ_syn/σ_real  flag
      ----------------------------------------------------------------------
      class         0       3852      15277      0.25σ   0.61/ 1.04  ok
      class         1      47824          0          -               -  no synth
      class         2       3558      15571      0.32σ   0.65/ 1.09  ok

      worst features per bucket (top 2 by severity):
        class==2:
          macd_neg              real μ= +0.741 σ= 0.355    syn μ= +0.626 σ= 0.391    Δμ=-0.32σ  σ_ratio=1.10
          guard_metric_neg      real μ= +0.661 σ= 0.250    syn μ= +0.584 σ= 0.278    Δμ=-0.31σ  σ_ratio=1.11
          aroonosc_scaled       real μ= -0.464 σ= 0.454    syn μ= -0.331 σ= 0.488    Δμ=+0.29σ  σ_ratio=1.07
        class==0:
          guard_metric_pos      real μ= +0.644 σ= 0.260    syn μ= +0.579 σ= 0.274    Δμ=-0.25σ  σ_ratio=1.05
          aroonosc_scaled       real μ= +0.445 σ= 0.481    syn μ= +0.332 σ= 0.497    Δμ=-0.24σ  σ_ratio=1.03
          macd_pos              real μ= +0.702 σ= 0.368    syn μ= +0.615 σ= 0.389    Δμ=-0.23σ  σ_ratio=1.06

    === Joint-distribution diagnostic (correlation matrix) ===
      task        cls  used_real   used_syn   |Δρ|max   |Δρ|mean  flag
      ----------------------------------------------------------------------
      class         0       3852      15277     0.208      0.050  ok
      class         2       3558      15571     0.227      0.056  ok

      worst feature PAIRS per bucket (top 2 by |Δρ|):
        class==2:
          adx_scaled         × sar_ratio           real ρ=-0.33  syn ρ=-0.11  Δρ=-0.23
          macd_pos           × vwap_neg            real ρ=+0.37  syn ρ=+0.15  Δρ=+0.22
          fastk_scaled       × adx_scaled          real ρ=+0.19  syn ρ=-0.03  Δρ=+0.22
        class==0:
          adx_scaled         × di_diff_scaled      real ρ=-0.09  syn ρ=+0.12  Δρ=-0.21
          adx_scaled         × sar_ratio           real ρ=+0.23  syn ρ=+0.02  Δρ=+0.21
          mfi_scaled         × guard_metric_pos    real ρ=+0.53  syn ρ=+0.33  Δρ=+0.20
    Columns exceeding ±10 before clipping: [('bb_width', -1.0001307528502497, 13.172310832388956)]
    balance_single_task: class counts {0: 3320, 1: 48233, 2: 3681} (gan_type=TAB_DDPM)
    balance_single_task: per-class additions {0: 15973, 2: 15612}
      density filter: kept 15973/19967 synth samples for class 0 (reject_pct=0.20)
      generated 15973 samples for class 0
      density filter: kept 15612/19516 synth samples for class 2 (reject_pct=0.20)
      generated 15612 samples for class 2
    balance_single_task: rows 55234 -> 86819; counts {0: 3320, 1: 48233, 2: 3681} -> {0: 19293, 1: 48233, 2: 19293}
    === GAN fidelity diagnostic (real vs synthetic) ===
      real rows:      55234    synth rows:      31585    features: 24
      task        cls     N_real      N_syn    |Δμ|max    σ_syn/σ_real  flag
      ----------------------------------------------------------------------
      class         0       3320      15973      0.41σ   0.91/ 1.14  ok
      class         1      48233          0          -               -  no synth
      class         2       3681      15612      0.44σ   0.88/ 1.14  ok

      worst features per bucket (top 2 by severity):
        class==2:
          guard_metric_neg      real μ= +0.695 σ= 0.239    syn μ= +0.589 σ= 0.275    Δμ=-0.44σ  σ_ratio=1.15
          aroonosc_scaled       real μ= -0.506 σ= 0.415    syn μ= -0.338 σ= 0.486    Δμ=+0.40σ  σ_ratio=1.17
          ema_fast_norm         real μ= -0.667 σ= 0.598    syn μ= -0.453 σ= 0.711    Δμ=+0.36σ  σ_ratio=1.19
        class==0:
          macd_pos              real μ= +0.757 σ= 0.338    syn μ= +0.618 σ= 0.384    Δμ=-0.41σ  σ_ratio=1.14
          vwap_neg              real μ= +0.558 σ= 0.649    syn μ= +0.309 σ= 0.764    Δμ=-0.38σ  σ_ratio=1.18
          guard_metric_pos      real μ= +0.672 σ= 0.248    syn μ= +0.577 σ= 0.281    Δμ=-0.38σ  σ_ratio=1.13

    === Joint-distribution diagnostic (correlation matrix) ===
      task        cls  used_real   used_syn   |Δρ|max   |Δρ|mean  flag
      ----------------------------------------------------------------------
      class         0       3320      15973     0.219      0.048  ok
      class         2       3681      15612     0.274      0.053  ok

      worst feature PAIRS per bucket (top 2 by |Δρ|):
        class==2:
          sar_ratio          × fisher_ss           real ρ=-0.45  syn ρ=-0.18  Δρ=-0.27
          cci_scaled         × fisher_ss           real ρ=+0.45  syn ρ=+0.21  Δρ=+0.24
          adx_scaled         × sar_ratio           real ρ=-0.34  syn ρ=-0.11  Δρ=-0.23
        class==0:
          sar_ratio          × fisher_ss           real ρ=-0.40  syn ρ=-0.18  Δρ=-0.22
          adx_scaled         × sar_ratio           real ρ=+0.24  syn ρ=+0.04  Δρ=+0.20
          mfi_scaled         × ema_fast_norm       real ρ=+0.35  syn ρ=+0.18  Δρ=+0.17
    Columns exceeding ±10 before clipping: [('bb_width', -1.0001307528502497, 10.021823762426383)]
    balance_single_task: class counts {0: 4584, 1: 46210, 2: 4440} (gan_type=TAB_DDPM)
    balance_single_task: per-class additions {0: 13900, 2: 14044}
      density filter: kept 13900/17376 synth samples for class 0 (reject_pct=0.20)
      generated 13900 samples for class 0
      density filter: kept 14044/17556 synth samples for class 2 (reject_pct=0.20)
      generated 14044 samples for class 2
    balance_single_task: rows 55234 -> 83178; counts {0: 4584, 1: 46210, 2: 4440} -> {0: 18484, 1: 46210, 2: 18484}
    === GAN fidelity diagnostic (real vs synthetic) ===
      real rows:      55234    synth rows:      27944    features: 24
      task        cls     N_real      N_syn    |Δμ|max    σ_syn/σ_real  flag
      ----------------------------------------------------------------------
      class         0       4584      13900      0.31σ   0.84/ 1.07  ok
      class         1      46210          0          -               -  no synth
      class         2       4440      14044      0.37σ   0.85/ 1.07  ok

      worst features per bucket (top 2 by severity):
        class==2:
          guard_metric_neg      real μ= +0.684 σ= 0.245    syn μ= +0.594 σ= 0.276    Δμ=-0.37σ  σ_ratio=1.12
          aroonosc_scaled       real μ= -0.469 σ= 0.446    syn μ= -0.330 σ= 0.487    Δμ=+0.31σ  σ_ratio=1.09
          vwap_pos              real μ= +0.534 σ= 0.678    syn μ= +0.331 σ= 0.762    Δμ=-0.30σ  σ_ratio=1.12
        class==0:
          guard_metric_pos      real μ= +0.657 σ= 0.255    syn μ= +0.578 σ= 0.278    Δμ=-0.31σ  σ_ratio=1.09
          aroonosc_scaled       real μ= +0.444 σ= 0.451    syn μ= +0.315 σ= 0.500    Δμ=-0.28σ  σ_ratio=1.11
          macd_pos              real μ= +0.718 σ= 0.358    syn μ= +0.623 σ= 0.386    Δμ=-0.26σ  σ_ratio=1.08

    === Joint-distribution diagnostic (correlation matrix) ===
      task        cls  used_real   used_syn   |Δρ|max   |Δρ|mean  flag
      ----------------------------------------------------------------------
      class         0       4584      13900     0.197      0.040  ok
      class         2       4440      14044     0.230      0.046  ok

      worst feature PAIRS per bucket (top 2 by |Δρ|):
        class==2:
          adx_scaled         × sar_ratio           real ρ=-0.30  syn ρ=-0.07  Δρ=-0.23
          sar_ratio          × fisher_ss           real ρ=-0.37  syn ρ=-0.18  Δρ=-0.19
          macdhist_norm      × adx_scaled          real ρ=+0.33  syn ρ=+0.14  Δρ=+0.18
        class==0:
          adx_scaled         × sar_ratio           real ρ=+0.23  syn ρ=+0.03  Δρ=+0.20
          sar_ratio          × fisher_ss           real ρ=-0.37  syn ρ=-0.19  Δρ=-0.19
          cci_scaled         × fisher_ss           real ρ=+0.38  syn ρ=+0.21  Δρ=+0.17
    Columns exceeding ±10 before clipping: [('bb_width', -1.0001307528502497, 15.26941264658338)]
    balance_single_task: class counts {0: 6416, 1: 42864, 2: 5954} (gan_type=TAB_DDPM)
    balance_single_task: per-class additions {0: 10729, 2: 11191}
      density filter: kept 10729/13412 synth samples for class 0 (reject_pct=0.20)
      generated 10729 samples for class 0
      density filter: kept 11191/13989 synth samples for class 2 (reject_pct=0.20)
      generated 11191 samples for class 2
    balance_single_task: rows 55234 -> 77154; counts {0: 6416, 1: 42864, 2: 5954} -> {0: 17145, 1: 42864, 2: 17145}
    === GAN fidelity diagnostic (real vs synthetic) ===
      real rows:      55234    synth rows:      21920    features: 24
      task        cls     N_real      N_syn    |Δμ|max    σ_syn/σ_real  flag
      ----------------------------------------------------------------------
      class         0       6416      10729      0.23σ   0.57/ 1.01  ok
      class         1      42864          0          -               -  no synth
      class         2       5954      11191      0.21σ   0.65/ 1.01  ok

      worst features per bucket (top 2 by severity):
        class==0:
          fastk_scaled          real μ= +0.694 σ= 0.404    syn μ= +0.600 σ= 0.428    Δμ=-0.23σ  σ_ratio=1.06
          vwap_neg              real μ= +0.427 σ= 0.736    syn μ= +0.298 σ= 0.771    Δμ=-0.17σ  σ_ratio=1.05
          di_diff_scaled        real μ= +0.587 σ= 0.465    syn μ= +0.506 σ= 0.516    Δμ=-0.17σ  σ_ratio=1.11
        class==2:
          fastk_scaled          real μ= -0.704 σ= 0.387    syn μ= -0.624 σ= 0.404    Δμ=+0.21σ  σ_ratio=1.04
          di_diff_scaled        real μ= -0.607 σ= 0.457    syn μ= -0.520 σ= 0.503    Δμ=+0.19σ  σ_ratio=1.10
          rsi_scaled            real μ= -0.335 σ= 0.206    syn μ= -0.299 σ= 0.223    Δμ=+0.18σ  σ_ratio=1.08

    === Joint-distribution diagnostic (correlation matrix) ===
      task        cls  used_real   used_syn   |Δρ|max   |Δρ|mean  flag
      ----------------------------------------------------------------------
      class         0       6416      10729     0.141      0.038  ok
      class         2       5954      11191     0.187      0.045  ok

      worst feature PAIRS per bucket (top 2 by |Δρ|):
        class==2:
          bb_width           × sar_ratio           real ρ=-0.20  syn ρ=-0.01  Δρ=-0.19
          guard_metric_pos   × fast_diff           real ρ=+0.23  syn ρ=+0.07  Δρ=+0.16
          bb_width           × atr_norm            real ρ=+0.32  syn ρ=+0.16  Δρ=+0.16
        class==0:
          fastk_scaled       × di_diff_scaled      real ρ=+0.49  syn ρ=+0.35  Δρ=+0.14
          bb_width           × atr_norm            real ρ=+0.25  syn ρ=+0.13  Δρ=+0.12
          adx_scaled         × sar_ratio           real ρ=+0.14  syn ρ=+0.02  Δρ=+0.12
    Columns exceeding ±10 before clipping: [('bb_width', -1.0001307528502497, 15.76205569340843)]
    balance_single_task: class counts {0: 5994, 1: 43993, 2: 5247} (gan_type=TAB_DDPM)
    balance_single_task: per-class additions {0: 11603, 2: 12350}
      density filter: kept 11603/14504 synth samples for class 0 (reject_pct=0.20)
      generated 11603 samples for class 0
      density filter: kept 12350/15438 synth samples for class 2 (reject_pct=0.20)
      generated 12350 samples for class 2
    balance_single_task: rows 55234 -> 79187; counts {0: 5994, 1: 43993, 2: 5247} -> {0: 17597, 1: 43993, 2: 17597}
    === GAN fidelity diagnostic (real vs synthetic) ===
      real rows:      55234    synth rows:      23953    features: 24
      task        cls     N_real      N_syn    |Δμ|max    σ_syn/σ_real  flag
      ----------------------------------------------------------------------
      class         0       5994      11603      0.23σ   0.52/ 1.00  ok
      class         1      43993          0          -               -  no synth
      class         2       5247      12350      0.28σ   0.32/ 0.99  ok

      worst features per bucket (top 2 by severity):
        class==2:
          fastk_scaled          real μ= -0.715 σ= 0.396    syn μ= -0.603 σ= 0.422    Δμ=+0.28σ  σ_ratio=1.06
          sar_ratio             real μ= +0.540 σ= 0.506    syn μ= +0.450 σ= 0.552    Δμ=-0.18σ  σ_ratio=1.09
          bb_position           real μ= -0.622 σ= 0.297    syn μ= -0.569 σ= 0.310    Δμ=+0.18σ  σ_ratio=1.04
        class==0:
          mfi_scaled            real μ= +0.433 σ= 0.498    syn μ= +0.316 σ= 0.575    Δμ=-0.23σ  σ_ratio=1.15
          fastk_scaled          real μ= +0.697 σ= 0.398    syn μ= +0.604 σ= 0.419    Δμ=-0.23σ  σ_ratio=1.05
          vwap_neg              real μ= +0.451 σ= 0.717    syn μ= +0.311 σ= 0.764    Δμ=-0.20σ  σ_ratio=1.07

    === Joint-distribution diagnostic (correlation matrix) ===
      task        cls  used_real   used_syn   |Δρ|max   |Δρ|mean  flag
      ----------------------------------------------------------------------
      class         0       5994      11603     0.151      0.036  ok
      class         2       5247      12350     0.176      0.037  ok

      worst feature PAIRS per bucket (top 2 by |Δρ|):
        class==2:
          guard_metric_pos   × vwap_neg            real ρ=+0.19  syn ρ=+0.01  Δρ=+0.18
          bb_width           × atr_norm            real ρ=+0.31  syn ρ=+0.14  Δρ=+0.17
          bb_width           × spread_ma           real ρ=+0.30  syn ρ=+0.15  Δρ=+0.15
        class==0:
          macd_neg           × vwap_pos            real ρ=+0.29  syn ρ=+0.14  Δρ=+0.15
          bb_width           × atr_norm            real ρ=+0.28  syn ρ=+0.15  Δρ=+0.13
          mfi_scaled         × adx_scaled          real ρ=+0.29  syn ρ=+0.17  Δρ=+0.12
    Columns exceeding ±10 before clipping: [('bb_width', -1.0001307528502497, 34.81767015448198)]
    balance_single_task: class counts {0: 4825, 1: 46803, 2: 3678} (gan_type=TAB_DDPM)
    balance_single_task: per-class additions {0: 13896, 2: 15043}
      density filter: kept 13896/17371 synth samples for class 0 (reject_pct=0.20)
      generated 13896 samples for class 0
      density filter: kept 15043/18804 synth samples for class 2 (reject_pct=0.20)
      generated 15043 samples for class 2
    balance_single_task: rows 55306 -> 84245; counts {0: 4825, 1: 46803, 2: 3678} -> {0: 18721, 1: 46803, 2: 18721}
    === GAN fidelity diagnostic (real vs synthetic) ===
      real rows:      55306    synth rows:      28939    features: 24
      task        cls     N_real      N_syn    |Δμ|max    σ_syn/σ_real  flag
      ----------------------------------------------------------------------
      class         0       4825      13896      0.43σ   0.04/ 0.85  MODE_COLLAPSE,joint_drift
      class         1      46803          0          -               -  no synth
      class         2       3678      15043      0.42σ   0.03/ 0.89  MODE_COLLAPSE,joint_drift

      worst features per bucket (top 2 by severity):
        class==2:
          bb_width              real μ= -0.458 σ= 0.324    syn μ= -0.595 σ= 0.186    Δμ=-0.42σ  σ_ratio=0.58
          rsi_scaled            real μ= -0.377 σ= 0.293    syn μ= -0.297 σ= 0.221    Δμ=+0.27σ  σ_ratio=0.76
          fastk_scaled          real μ= -0.741 σ= 0.415    syn μ= -0.630 σ= 0.403    Δμ=+0.27σ  σ_ratio=0.97
        class==0:
          bb_width              real μ= -0.426 σ= 0.380    syn μ= -0.588 σ= 0.189    Δμ=-0.43σ  σ_ratio=0.50
          adx_scaled            real μ= +0.305 σ= 0.510    syn μ= +0.144 σ= 0.443    Δμ=-0.32σ  σ_ratio=0.87
          rsi_scaled            real μ= +0.342 σ= 0.294    syn μ= +0.290 σ= 0.229    Δμ=-0.18σ  σ_ratio=0.78

    === Joint-distribution diagnostic (correlation matrix) ===
      task        cls  used_real   used_syn   |Δρ|max   |Δρ|mean  flag
      ----------------------------------------------------------------------
      class         0       4825      13896     0.365      0.065  joint_drift
      class         2       3678      15043     0.373      0.060  joint_drift

      worst feature PAIRS per bucket (top 2 by |Δρ|):
        class==2:
          bb_width           × adx_scaled          real ρ=-0.12  syn ρ=+0.25  Δρ=-0.37
          guard_metric_pos   × vwap_neg            real ρ=+0.30  syn ρ=+0.04  Δρ=+0.26
          rsi_scaled         × guard_metric_pos    real ρ=+0.35  syn ρ=+0.10  Δρ=+0.25
        class==0:
          guard_metric_neg   × vwap_pos            real ρ=+0.44  syn ρ=+0.08  Δρ=+0.37
          rsi_scaled         × guard_metric_neg    real ρ=-0.41  syn ρ=-0.07  Δρ=-0.35
          guard_metric_neg   × bb_position         real ρ=-0.40  syn ρ=-0.08  Δρ=-0.32
    Columns exceeding ±10 before clipping: [('bb_width', -1.0001307528502497, 13.282909868321585)]
    balance_single_task: class counts {0: 7206, 1: 41195, 2: 6905} (gan_type=TAB_DDPM)
    balance_single_task: per-class additions {0: 9272, 2: 9573}
      density filter: kept 9272/11591 synth samples for class 0 (reject_pct=0.20)
      generated 9272 samples for class 0
      density filter: kept 9573/11967 synth samples for class 2 (reject_pct=0.20)
      generated 9573 samples for class 2
    balance_single_task: rows 55306 -> 74151; counts {0: 7206, 1: 41195, 2: 6905} -> {0: 16478, 1: 41195, 2: 16478}
    === GAN fidelity diagnostic (real vs synthetic) ===
      real rows:      55306    synth rows:      18845    features: 24
      task        cls     N_real      N_syn    |Δμ|max    σ_syn/σ_real  flag
      ----------------------------------------------------------------------
      class         0       7206       9272      0.19σ   0.78/ 1.02  ok
      class         1      41195          0          -               -  no synth
      class         2       6905       9573      0.22σ   0.83/ 1.03  ok

      worst features per bucket (top 2 by severity):
        class==0:
          cci_scaled            real μ= +0.520 σ= 0.283    syn μ= +0.467 σ= 0.288    Δμ=-0.19σ  σ_ratio=1.02
          bb_position           real μ= +0.598 σ= 0.309    syn μ= +0.540 σ= 0.317    Δμ=-0.19σ  σ_ratio=1.02
          di_diff_scaled        real μ= +0.568 σ= 0.470    syn μ= +0.487 σ= 0.525    Δμ=-0.17σ  σ_ratio=1.12
        class==2:
          cci_scaled            real μ= -0.546 σ= 0.274    syn μ= -0.486 σ= 0.278    Δμ=+0.22σ  σ_ratio=1.02
          bb_position           real μ= -0.630 σ= 0.293    syn μ= -0.569 σ= 0.300    Δμ=+0.21σ  σ_ratio=1.02
          di_diff_scaled        real μ= -0.597 σ= 0.456    syn μ= -0.519 σ= 0.509    Δμ=+0.17σ  σ_ratio=1.11

    === Joint-distribution diagnostic (correlation matrix) ===
      task        cls  used_real   used_syn   |Δρ|max   |Δρ|mean  flag
      ----------------------------------------------------------------------
      class         0       7206       9272     0.218      0.037  ok
      class         2       6905       9573     0.161      0.040  ok

      worst feature PAIRS per bucket (top 2 by |Δρ|):
        class==0:
          adx_scaled         × sar_ratio           real ρ=+0.24  syn ρ=+0.03  Δρ=+0.22
          adx_scaled         × di_diff_scaled      real ρ=-0.07  syn ρ=+0.12  Δρ=-0.20
          macdhist_norm      × adx_scaled          real ρ=-0.28  syn ρ=-0.10  Δρ=-0.17
        class==2:
          sar_ratio          × fisher_ss           real ρ=-0.32  syn ρ=-0.16  Δρ=-0.16
          bb_width           × sar_ratio           real ρ=-0.19  syn ρ=-0.03  Δρ=-0.16
          bb_width           × atr_norm            real ρ=+0.34  syn ρ=+0.19  Δρ=+0.15
    Columns exceeding ±10 before clipping: [('bb_width', -1.0001307528502497, 13.671443881083967)]
    balance_single_task: class counts {0: 4637, 1: 45879, 2: 4790} (gan_type=TAB_DDPM)
    balance_single_task: per-class additions {0: 13714, 2: 13561}
      density filter: kept 13714/17143 synth samples for class 0 (reject_pct=0.20)
      generated 13714 samples for class 0
      density filter: kept 13561/16952 synth samples for class 2 (reject_pct=0.20)
      generated 13561 samples for class 2
    balance_single_task: rows 55306 -> 82581; counts {0: 4637, 1: 45879, 2: 4790} -> {0: 18351, 1: 45879, 2: 18351}
    === GAN fidelity diagnostic (real vs synthetic) ===
      real rows:      55306    synth rows:      27275    features: 24
      task        cls     N_real      N_syn    |Δμ|max    σ_syn/σ_real  flag
      ----------------------------------------------------------------------
      class         0       4637      13714      0.37σ   0.90/ 1.11  ok
      class         1      45879          0          -               -  no synth
      class         2       4790      13561      0.38σ   0.75/ 1.09  ok

      worst features per bucket (top 2 by severity):
        class==2:
          guard_metric_neg      real μ= +0.685 σ= 0.240    syn μ= +0.594 σ= 0.276    Δμ=-0.38σ  σ_ratio=1.15
          aroonosc_scaled       real μ= -0.496 σ= 0.441    syn μ= -0.339 σ= 0.486    Δμ=+0.35σ  σ_ratio=1.10
          bb_position           real μ= -0.666 σ= 0.279    syn μ= -0.576 σ= 0.297    Δμ=+0.32σ  σ_ratio=1.06
        class==0:
          vwap_neg              real μ= +0.532 σ= 0.662    syn μ= +0.288 σ= 0.777    Δμ=-0.37σ  σ_ratio=1.17
          macd_pos              real μ= +0.740 σ= 0.348    syn μ= +0.618 σ= 0.389    Δμ=-0.35σ  σ_ratio=1.12
          guard_metric_pos      real μ= +0.657 σ= 0.250    syn μ= +0.577 σ= 0.283    Δμ=-0.32σ  σ_ratio=1.13

    === Joint-distribution diagnostic (correlation matrix) ===
      task        cls  used_real   used_syn   |Δρ|max   |Δρ|mean  flag
      ----------------------------------------------------------------------
      class         0       4637      13714     0.215      0.045  ok
      class         2       4790      13561     0.216      0.047  ok

      worst feature PAIRS per bucket (top 2 by |Δρ|):
        class==2:
          sar_ratio          × fisher_ss           real ρ=-0.38  syn ρ=-0.16  Δρ=-0.22
          cci_scaled         × fisher_ss           real ρ=+0.40  syn ρ=+0.21  Δρ=+0.19
          adx_scaled         × sar_ratio           real ρ=-0.30  syn ρ=-0.11  Δρ=-0.19
        class==0:
          sar_ratio          × fisher_ss           real ρ=-0.40  syn ρ=-0.19  Δρ=-0.22
          adx_scaled         × sar_ratio           real ρ=+0.23  syn ρ=+0.03  Δρ=+0.21
          macdhist_norm      × fisher_ss           real ρ=+0.23  syn ρ=+0.05  Δρ=+0.18
    Columns exceeding ±10 before clipping: [('bb_width', -1.0001307528502497, 19.190928111705656)]
    balance_single_task: class counts {0: 3686, 1: 47862, 2: 3758} (gan_type=TAB_DDPM)
    balance_single_task: per-class additions {0: 15458, 2: 15386}
      density filter: kept 15458/19323 synth samples for class 0 (reject_pct=0.20)
      generated 15458 samples for class 0
      density filter: kept 15386/19233 synth samples for class 2 (reject_pct=0.20)
      generated 15386 samples for class 2
    balance_single_task: rows 55306 -> 86150; counts {0: 3686, 1: 47862, 2: 3758} -> {0: 19144, 1: 47862, 2: 19144}
    === GAN fidelity diagnostic (real vs synthetic) ===
      real rows:      55306    synth rows:      30844    features: 24
      task        cls     N_real      N_syn    |Δμ|max    σ_syn/σ_real  flag
      ----------------------------------------------------------------------
      class         0       3686      15458      0.29σ   0.83/ 1.07  ok
      class         1      47862          0          -               -  no synth
      class         2       3758      15386      0.30σ   0.79/ 1.08  ok

      worst features per bucket (top 2 by severity):
        class==2:
          guard_metric_neg      real μ= +0.660 σ= 0.242    syn μ= +0.587 σ= 0.277    Δμ=-0.30σ  σ_ratio=1.15
          macd_neg              real μ= +0.729 σ= 0.355    syn μ= +0.625 σ= 0.391    Δμ=-0.29σ  σ_ratio=1.10
          vwap_pos              real μ= +0.526 σ= 0.675    syn μ= +0.340 σ= 0.755    Δμ=-0.27σ  σ_ratio=1.12
        class==0:
          macd_pos              real μ= +0.711 σ= 0.365    syn μ= +0.606 σ= 0.393    Δμ=-0.29σ  σ_ratio=1.08
          adx_scaled            real μ= +0.011 σ= 0.370    syn μ= +0.116 σ= 0.432    Δμ=+0.28σ  σ_ratio=1.17
          vwap_neg              real μ= +0.475 σ= 0.691    syn μ= +0.286 σ= 0.774    Δμ=-0.27σ  σ_ratio=1.12

    === Joint-distribution diagnostic (correlation matrix) ===
      task        cls  used_real   used_syn   |Δρ|max   |Δρ|mean  flag
      ----------------------------------------------------------------------
      class         0       3686      15458     0.249      0.048  ok
      class         2       3758      15386     0.205      0.048  ok

      worst feature PAIRS per bucket (top 2 by |Δρ|):
        class==0:
          adx_scaled         × sar_ratio           real ρ=+0.27  syn ρ=+0.02  Δρ=+0.25
          fastk_scaled       × adx_scaled          real ρ=-0.09  syn ρ=+0.12  Δρ=-0.21
          macdhist_norm      × fisher_ss           real ρ=+0.21  syn ρ=+0.03  Δρ=+0.18
        class==2:
          fastk_scaled       × adx_scaled          real ρ=+0.14  syn ρ=-0.07  Δρ=+0.20
          cci_scaled         × fisher_ss           real ρ=+0.38  syn ρ=+0.20  Δρ=+0.18
          sar_ratio          × fisher_ss           real ρ=-0.34  syn ρ=-0.16  Δρ=-0.18
    Columns exceeding ±10 before clipping: [('bb_width', -1.0001307528502497, 10.502415466485646)]
    balance_single_task: class counts {0: 4565, 1: 46674, 2: 4067} (gan_type=TAB_DDPM)
    balance_single_task: per-class additions {0: 14104, 2: 14602}
      density filter: kept 14104/17631 synth samples for class 0 (reject_pct=0.20)
      generated 14104 samples for class 0
      density filter: kept 14602/18253 synth samples for class 2 (reject_pct=0.20)
      generated 14602 samples for class 2
    balance_single_task: rows 55306 -> 84012; counts {0: 4565, 1: 46674, 2: 4067} -> {0: 18669, 1: 46674, 2: 18669}
    === GAN fidelity diagnostic (real vs synthetic) ===
      real rows:      55306    synth rows:      28706    features: 24
      task        cls     N_real      N_syn    |Δμ|max    σ_syn/σ_real  flag
      ----------------------------------------------------------------------
      class         0       4565      14104      0.21σ   0.63/ 1.00  ok
      class         1      46674          0          -               -  no synth
      class         2       4067      14602      0.19σ   0.55/ 1.00  ok

      worst features per bucket (top 2 by severity):
        class==2:
          vwap_pos              real μ= +0.483 σ= 0.707    syn μ= +0.347 σ= 0.755    Δμ=-0.19σ  σ_ratio=1.07
          macd_neg              real μ= +0.702 σ= 0.369    syn μ= +0.638 σ= 0.386    Δμ=-0.17σ  σ_ratio=1.05
          sar_ratio             real μ= +0.551 σ= 0.511    syn μ= +0.464 σ= 0.542    Δμ=-0.17σ  σ_ratio=1.06
        class==0:
          vwap_neg              real μ= +0.445 σ= 0.722    syn μ= +0.293 σ= 0.777    Δμ=-0.21σ  σ_ratio=1.08
          macd_pos              real μ= +0.684 σ= 0.375    syn μ= +0.620 σ= 0.384    Δμ=-0.17σ  σ_ratio=1.02
          adx_scaled            real μ= +0.069 σ= 0.414    syn μ= +0.127 σ= 0.435    Δμ=+0.14σ  σ_ratio=1.05

    === Joint-distribution diagnostic (correlation matrix) ===
      task        cls  used_real   used_syn   |Δρ|max   |Δρ|mean  flag
      ----------------------------------------------------------------------
      class         0       4565      14104     0.127      0.038  ok
      class         2       4067      14602     0.171      0.044  ok

      worst feature PAIRS per bucket (top 2 by |Δρ|):
        class==2:
          bb_width           × atr_norm            real ρ=+0.29  syn ρ=+0.12  Δρ=+0.17
          macdhist_norm      × vwap_pos            real ρ=-0.15  syn ρ=+0.01  Δρ=-0.17
          gain_norm          × vwap_pos            real ρ=+0.35  syn ρ=+0.19  Δρ=+0.16
        class==0:
          gain_norm          × ema_fast_norm       real ρ=+0.12  syn ρ=+0.25  Δρ=-0.13
          guard_metric_neg   × macd_neg            real ρ=+0.40  syn ρ=+0.28  Δρ=+0.12
          macd_pos           × di_diff_scaled      real ρ=+0.31  syn ρ=+0.43  Δρ=-0.12
    Columns exceeding ±10 before clipping: [('bb_width', -1.0001307528502497, 13.56570241164032)]
    balance_single_task: class counts {0: 4049, 1: 47009, 2: 4248} (gan_type=TAB_DDPM)
    balance_single_task: per-class additions {0: 14754, 2: 14555}
      density filter: kept 14754/18443 synth samples for class 0 (reject_pct=0.20)
      generated 14754 samples for class 0
      density filter: kept 14555/18194 synth samples for class 2 (reject_pct=0.20)
      generated 14555 samples for class 2
    balance_single_task: rows 55306 -> 84615; counts {0: 4049, 1: 47009, 2: 4248} -> {0: 18803, 1: 47009, 2: 18803}
    === GAN fidelity diagnostic (real vs synthetic) ===
      real rows:      55306    synth rows:      29309    features: 24
      task        cls     N_real      N_syn    |Δμ|max    σ_syn/σ_real  flag
      ----------------------------------------------------------------------
      class         0       4049      14754      0.27σ   0.93/ 1.08  ok
      class         1      47009          0          -               -  no synth
      class         2       4248      14555      0.33σ   0.66/ 1.04  ok

      worst features per bucket (top 2 by severity):
        class==2:
          aroonosc_scaled       real μ= -0.486 σ= 0.445    syn μ= -0.339 σ= 0.481    Δμ=+0.33σ  σ_ratio=1.08
          guard_metric_neg      real μ= +0.659 σ= 0.255    syn μ= +0.593 σ= 0.276    Δμ=-0.26σ  σ_ratio=1.09
          vwap_pos              real μ= +0.506 σ= 0.706    syn μ= +0.329 σ= 0.761    Δμ=-0.25σ  σ_ratio=1.08
        class==0:
          macd_pos              real μ= +0.721 σ= 0.362    syn μ= +0.622 σ= 0.386    Δμ=-0.27σ  σ_ratio=1.07
          vwap_neg              real μ= +0.467 σ= 0.714    syn μ= +0.296 σ= 0.775    Δμ=-0.24σ  σ_ratio=1.08
          guard_metric_pos      real μ= +0.641 σ= 0.258    syn μ= +0.581 σ= 0.279    Δμ=-0.23σ  σ_ratio=1.08

    === Joint-distribution diagnostic (correlation matrix) ===
      task        cls  used_real   used_syn   |Δρ|max   |Δρ|mean  flag
      ----------------------------------------------------------------------
      class         0       4049      14754     0.159      0.036  ok
      class         2       4248      14555     0.205      0.048  ok

      worst feature PAIRS per bucket (top 2 by |Δρ|):
        class==2:
          macd_pos           × vwap_neg            real ρ=+0.39  syn ρ=+0.19  Δρ=+0.21
          guard_metric_pos   × vwap_neg            real ρ=+0.19  syn ρ=+0.02  Δρ=+0.17
          gain_norm          × vwap_pos            real ρ=+0.35  syn ρ=+0.18  Δρ=+0.17
        class==0:
          bb_width           × sar_ratio           real ρ=+0.18  syn ρ=+0.02  Δρ=+0.16
          adx_scaled         × sar_ratio           real ρ=+0.17  syn ρ=+0.02  Δρ=+0.15
          sar_ratio          × fisher_ss           real ρ=-0.31  syn ρ=-0.17  Δρ=-0.14
    Columns exceeding ±10 before clipping: [('bb_width', -1.0001307528502497, 98.36947836360874)]
    balance_single_task: class counts {0: 4827, 1: 46520, 2: 3959} (gan_type=TAB_DDPM)
    balance_single_task: per-class additions {0: 13781, 2: 14649}
      density filter: kept 13781/17227 synth samples for class 0 (reject_pct=0.20)
      generated 13781 samples for class 0
      density filter: kept 14649/18312 synth samples for class 2 (reject_pct=0.20)
      generated 14649 samples for class 2
    balance_single_task: rows 55306 -> 83736; counts {0: 4827, 1: 46520, 2: 3959} -> {0: 18608, 1: 46520, 2: 18608}
    === GAN fidelity diagnostic (real vs synthetic) ===
      real rows:      55306    synth rows:      28430    features: 24
      task        cls     N_real      N_syn    |Δμ|max    σ_syn/σ_real  flag
      ----------------------------------------------------------------------
      class         0       4827      13781      0.34σ   0.70/ 0.93  ok
      class         1      46520          0          -               -  no synth
      class         2       3959      14649      0.40σ   0.16/ 0.89  MODE_COLLAPSE

      worst features per bucket (top 2 by severity):
        class==2:
          adx_scaled            real μ= +0.359 σ= 0.476    syn μ= +0.170 σ= 0.453    Δμ=-0.40σ  σ_ratio=0.95
          rsi_scaled            real μ= -0.401 σ= 0.295    syn μ= -0.300 σ= 0.225    Δμ=+0.34σ  σ_ratio=0.76
          bb_width              real μ= -0.520 σ= 0.280    syn μ= -0.597 σ= 0.183    Δμ=-0.27σ  σ_ratio=0.65
        class==0:
          adx_scaled            real μ= +0.293 σ= 0.467    syn μ= +0.134 σ= 0.438    Δμ=-0.34σ  σ_ratio=0.94
          bb_width              real μ= -0.524 σ= 0.258    syn μ= -0.595 σ= 0.181    Δμ=-0.28σ  σ_ratio=0.70
          rsi_scaled            real μ= +0.347 σ= 0.277    syn μ= +0.275 σ= 0.235    Δμ=-0.26σ  σ_ratio=0.85

    === Joint-distribution diagnostic (correlation matrix) ===
      task        cls  used_real   used_syn   |Δρ|max   |Δρ|mean  flag
      ----------------------------------------------------------------------
      class         0       4827      13781     0.199      0.044  ok
      class         2       3959      14649     0.290      0.050  ok

      worst feature PAIRS per bucket (top 2 by |Δρ|):
        class==2:
          rsi_scaled         × guard_metric_pos    real ρ=+0.37  syn ρ=+0.08  Δρ=+0.29
          guard_metric_pos   × vwap_neg            real ρ=+0.33  syn ρ=+0.06  Δρ=+0.28
          bb_width           × atr_norm            real ρ=+0.32  syn ρ=+0.11  Δρ=+0.21
        class==0:
          adx_scaled         × aroonosc_scaled     real ρ=-0.04  syn ρ=+0.16  Δρ=-0.20
          macd_pos           × di_diff_scaled      real ρ=+0.27  syn ρ=+0.45  Δρ=-0.18
          ema_fast_norm      × adx_scaled          real ρ=-0.02  syn ρ=+0.16  Δρ=-0.17
    MLX model not found (/Users/philprice95/projects/freqtrade/user_data/strategies/saved_data/NNNC_DDPM_MLX_LSTM/NNNC_DDPM_MLX_LSTM.safetensors)...
    MLX model created.  Parameters: 12,483

    Training MLX model: NNNC_DDPM_MLX_LSTM
    train: (1068070, 16, 24)  test: (179890, 16, 24)
    batch_size: 2048  max_epochs: 100
    grad clip (global L2 norm): 1.0
    Epoch   1/100 — loss: 0.5164  val_loss: 0.3755  val_precision: 0.4141  val_f1_class_2: 0.5158  val_mcc: 0.5077  clips:34
    ✓ Best model saved  (val_mcc: 0.5077)
    Epoch   2/100 — loss: 0.3532  val_loss: 0.3454  val_precision: 0.4235  val_f1_class_2: 0.5372  val_mcc: 0.5311  clips:2
    ✓ Best model saved  (val_mcc: 0.5311)
    Epoch   3/100 — loss: 0.3272  val_loss: 0.3353  val_precision: 0.4303  val_f1_class_2: 0.5447  val_mcc: 0.5399
    ✓ Best model saved  (val_mcc: 0.5399)
    Epoch   4/100 — loss: 0.3155  val_loss: 0.3297  val_precision: 0.4297  val_f1_class_2: 0.5494  val_mcc: 0.5441
    ✓ Best model saved  (val_mcc: 0.5441)
    Epoch   5/100 — loss: 0.3073  val_loss: 0.3265  val_precision: 0.4379  val_f1_class_2: 0.5535  val_mcc: 0.5452  clips:1
    ✓ Best model saved  (val_mcc: 0.5452)
    Epoch   6/100 — loss: 0.3023  val_loss: 0.3239  val_precision: 0.4312  val_f1_class_2: 0.5560  val_mcc: 0.5528
    ✓ Best model saved  (val_mcc: 0.5528)
    Epoch   7/100 — loss: 0.2976  val_loss: 0.3217  val_precision: 0.4321  val_f1_class_2: 0.5574  val_mcc: 0.5531
    ✓ Best model saved  (val_mcc: 0.5531)
    Epoch   8/100 — loss: 0.2942  val_loss: 0.3204  val_precision: 0.4453  val_f1_class_2: 0.5590  val_mcc: 0.5522  clips:1
    Epoch   9/100 — loss: 0.2909  val_loss: 0.3193  val_precision: 0.4370  val_f1_class_2: 0.5596  val_mcc: 0.5545
    ✓ Best model saved  (val_mcc: 0.5545)
    Epoch  10/100 — loss: 0.2888  val_loss: 0.3177  val_precision: 0.4385  val_f1_class_2: 0.5611  val_mcc: 0.5562
    ✓ Best model saved  (val_mcc: 0.5562)
    Epoch  11/100 — loss: 0.2866  val_loss: 0.3173  val_precision: 0.4403  val_f1_class_2: 0.5603  val_mcc: 0.5564
    ✓ Best model saved  (val_mcc: 0.5564)
    Epoch  12/100 — loss: 0.2848  val_loss: 0.3159  val_precision: 0.4486  val_f1_class_2: 0.5635  val_mcc: 0.5574  clips:1
    ✓ Best model saved  (val_mcc: 0.5574)
    Epoch  13/100 — loss: 0.2830  val_loss: 0.3153  val_precision: 0.4528  val_f1_class_2: 0.5621  val_mcc: 0.5566
    Epoch  14/100 — loss: 0.2816  val_loss: 0.3147  val_precision: 0.4415  val_f1_class_2: 0.5635  val_mcc: 0.5595
    ✓ Best model saved  (val_mcc: 0.5595)
    Epoch  15/100 — loss: 0.2799  val_loss: 0.3142  val_precision: 0.4517  val_f1_class_2: 0.5638  val_mcc: 0.5584
    Epoch  16/100 — loss: 0.2792  val_loss: 0.3143  val_precision: 0.4368  val_f1_class_2: 0.5643  val_mcc: 0.5612
    ✓ Best model saved  (val_mcc: 0.5612)
    Epoch  17/100 — loss: 0.2781  val_loss: 0.3135  val_precision: 0.4435  val_f1_class_2: 0.5648  val_mcc: 0.5590
    Epoch  18/100 — loss: 0.2773  val_loss: 0.3125  val_precision: 0.4434  val_f1_class_2: 0.5651  val_mcc: 0.5610
    Epoch  19/100 — loss: 0.2760  val_loss: 0.3119  val_precision: 0.4530  val_f1_class_2: 0.5665  val_mcc: 0.56002026-05-29 08:49:29,219 - freqtrade.optimize.backtesting - INFO - Backtesting with data from 2024-06-08 00:00:00 up to 2026-05-28 15:45:00 (719 days).

    Epoch  20/100 — loss: 0.2748  val_loss: 0.3114  val_precision: 0.4589  val_f1_class_2: 0.5662  val_mcc: 0.5587
    Epoch  21/100 — loss: 0.2742  val_loss: 0.3115  val_precision: 0.4476  val_f1_class_2: 0.5662  val_mcc: 0.5610  clips:1
    Epoch  22/100 — loss: 0.2732  val_loss: 0.3107  val_precision: 0.4518  val_f1_class_2: 0.5664  val_mcc: 0.5602
    Epoch  23/100 — loss: 0.2726  val_loss: 0.3106  val_precision: 0.4494  val_f1_class_2: 0.5671  val_mcc: 0.5621  clips:1
    ✓ Best model saved  (val_mcc: 0.5621)
    Epoch  24/100 — loss: 0.2724  val_loss: 0.3098  val_precision: 0.4590  val_f1_class_2: 0.5683  val_mcc: 0.5618
    Epoch  25/100 — loss: 0.2718  val_loss: 0.3097  val_precision: 0.4618  val_f1_class_2: 0.5681  val_mcc: 0.5606  clips:1
    Epoch  26/100 — loss: 0.2712  val_loss: 0.3095  val_precision: 0.4544  val_f1_class_2: 0.5675  val_mcc: 0.5620
    Epoch  27/100 — loss: 0.2708  val_loss: 0.3088  val_precision: 0.4595  val_f1_class_2: 0.5688  val_mcc: 0.5633
    ✓ Best model saved  (val_mcc: 0.5633)
    Epoch  28/100 — loss: 0.2702  val_loss: 0.3093  val_precision: 0.4507  val_f1_class_2: 0.5678  val_mcc: 0.5620
    Epoch  29/100 — loss: 0.2696  val_loss: 0.3088  val_precision: 0.4493  val_f1_class_2: 0.5680  val_mcc: 0.5645
    ✓ Best model saved  (val_mcc: 0.5645)
    Epoch  30/100 — loss: 0.2694  val_loss: 0.3086  val_precision: 0.4633  val_f1_class_2: 0.5701  val_mcc: 0.5633
    Epoch  31/100 — loss: 0.2688  val_loss: 0.3080  val_precision: 0.4674  val_f1_class_2: 0.5698  val_mcc: 0.5620
    Epoch  32/100 — loss: 0.2685  val_loss: 0.3081  val_precision: 0.4661  val_f1_class_2: 0.5693  val_mcc: 0.5624
    Epoch  33/100 — loss: 0.2680  val_loss: 0.3075  val_precision: 0.4561  val_f1_class_2: 0.5705  val_mcc: 0.5652  clips:1
    ✓ Best model saved  (val_mcc: 0.5652)
    Epoch  34/100 — loss: 0.2674  val_loss: 0.3076  val_precision: 0.4585  val_f1_class_2: 0.5707  val_mcc: 0.5639
    Epoch  35/100 — loss: 0.2672  val_loss: 0.3072  val_precision: 0.4505  val_f1_class_2: 0.5708  val_mcc: 0.5672
    ✓ Best model saved  (val_mcc: 0.5672)
    Epoch  36/100 — loss: 0.2670  val_loss: 0.3072  val_precision: 0.4645  val_f1_class_2: 0.5710  val_mcc: 0.5643
    Epoch  37/100 — loss: 0.2662  val_loss: 0.3071  val_precision: 0.4607  val_f1_class_2: 0.5716  val_mcc: 0.5670
    Epoch  38/100 — loss: 0.2667  val_loss: 0.3066  val_precision: 0.4668  val_f1_class_2: 0.5710  val_mcc: 0.5647  clips:3
    Epoch  39/100 — loss: 0.2660  val_loss: 0.3066  val_precision: 0.4646  val_f1_class_2: 0.5711  val_mcc: 0.5646  clips:1
    Epoch  40/100 — loss: 0.2656  val_loss: 0.3067  val_precision: 0.4520  val_f1_class_2: 0.5708  val_mcc: 0.5679
    ✓ Best model saved  (val_mcc: 0.5679)
    Epoch  41/100 — loss: 0.2654  val_loss: 0.3061  val_precision: 0.4665  val_f1_class_2: 0.5724  val_mcc: 0.5655
    Epoch  42/100 — loss: 0.2653  val_loss: 0.3062  val_precision: 0.4643  val_f1_class_2: 0.5721  val_mcc: 0.5656
    Epoch  43/100 — loss: 0.2649  val_loss: 0.3057  val_precision: 0.4562  val_f1_class_2: 0.5712  val_mcc: 0.5662
    Epoch  44/100 — loss: 0.2647  val_loss: 0.3060  val_precision: 0.4597  val_f1_class_2: 0.5723  val_mcc: 0.5679  clips:1
    Epoch  45/100 — loss: 0.2651  val_loss: 0.3066  val_precision: 0.4557  val_f1_class_2: 0.5711  val_mcc: 0.5676  clips:1
    Epoch  46/100 — loss: 0.2644  val_loss: 0.3059  val_precision: 0.4739  val_f1_class_2: 0.5723  val_mcc: 0.5661  clips:1
    Epoch  47/100 — loss: 0.2638  val_loss: 0.3061  val_precision: 0.4715  val_f1_class_2: 0.5716  val_mcc: 0.5655  clips:1
    Epoch  48/100 — loss: 0.2639  val_loss: 0.3051  val_precision: 0.4677  val_f1_class_2: 0.5729  val_mcc: 0.5662  clips:1
    ReduceLROnPlateau → lr=1.00e-05
    Epoch  49/100 — loss: 0.2634  val_loss: 0.3051  val_precision: 0.4699  val_f1_class_2: 0.5730  val_mcc: 0.5671
    Epoch  50/100 — loss: 0.2627  val_loss: 0.3050  val_precision: 0.4654  val_f1_class_2: 0.5729  val_mcc: 0.5672
    Epoch  51/100 — loss: 0.2634  val_loss: 0.3050  val_precision: 0.4683  val_f1_class_2: 0.5734  val_mcc: 0.5676
    Epoch  52/100 — loss: 0.2625  val_loss: 0.3049  val_precision: 0.4681  val_f1_class_2: 0.5732  val_mcc: 0.5675
    Epoch  53/100 — loss: 0.2629  val_loss: 0.3050  val_precision: 0.4682  val_f1_class_2: 0.5733  val_mcc: 0.5670
    Epoch  54/100 — loss: 0.2625  val_loss: 0.3050  val_precision: 0.4643  val_f1_class_2: 0.5738  val_mcc: 0.5684
    ✓ Best model saved  (val_mcc: 0.5684)
    Epoch  55/100 — loss: 0.2631  val_loss: 0.3051  val_precision: 0.4667  val_f1_class_2: 0.5735  val_mcc: 0.5683
    Epoch  56/100 — loss: 0.2632  val_loss: 0.3052  val_precision: 0.4700  val_f1_class_2: 0.5723  val_mcc: 0.5666
    Epoch  57/100 — loss: 0.2627  val_loss: 0.3049  val_precision: 0.4686  val_f1_class_2: 0.5733  val_mcc: 0.5677
    Epoch  58/100 — loss: 0.2630  val_loss: 0.3049  val_precision: 0.4688  val_f1_class_2: 0.5732  val_mcc: 0.5674  clips:3
    Epoch  59/100 — loss: 0.2626  val_loss: 0.3049  val_precision: 0.4690  val_f1_class_2: 0.5728  val_mcc: 0.5673
    Epoch  60/100 — loss: 0.2626  val_loss: 0.3049  val_precision: 0.4647  val_f1_class_2: 0.5736  val_mcc: 0.5681  clips:1
    Epoch  61/100 — loss: 0.2626  val_loss: 0.3048  val_precision: 0.4655  val_f1_class_2: 0.5729  val_mcc: 0.5678
    Epoch  62/100 — loss: 0.2628  val_loss: 0.3050  val_precision: 0.4654  val_f1_class_2: 0.5729  val_mcc: 0.5680
    ReduceLROnPlateau → lr=1.00e-06
    Epoch  63/100 — loss: 0.2629  val_loss: 0.3049  val_precision: 0.4677  val_f1_class_2: 0.5733  val_mcc: 0.5676
    Epoch  64/100 — loss: 0.2629  val_loss: 0.3049  val_precision: 0.4673  val_f1_class_2: 0.5733  val_mcc: 0.5676  clips:1
    Epoch  65/100 — loss: 0.2625  val_loss: 0.3049  val_precision: 0.4671  val_f1_class_2: 0.5734  val_mcc: 0.5678  clips:2
    Epoch  66/100 — loss: 0.2627  val_loss: 0.3049  val_precision: 0.4672  val_f1_class_2: 0.5728  val_mcc: 0.5674  clips:3
    Epoch  67/100 — loss: 0.2626  val_loss: 0.3048  val_precision: 0.4668  val_f1_class_2: 0.5733  val_mcc: 0.5677
    Epoch  68/100 — loss: 0.2628  val_loss: 0.3048  val_precision: 0.4674  val_f1_class_2: 0.5734  val_mcc: 0.5679
    Epoch  69/100 — loss: 0.2627  val_loss: 0.3048  val_precision: 0.4670  val_f1_class_2: 0.5734  val_mcc: 0.5680
    Epoch  70/100 — loss: 0.2624  val_loss: 0.3048  val_precision: 0.4671  val_f1_class_2: 0.5734  val_mcc: 0.5679
    ReduceLROnPlateau → lr=1.00e-06
    Epoch  71/100 — loss: 0.2627  val_loss: 0.3048  val_precision: 0.4672  val_f1_class_2: 0.5729  val_mcc: 0.5675
    Epoch  72/100 — loss: 0.2628  val_loss: 0.3049  val_precision: 0.4676  val_f1_class_2: 0.5735  val_mcc: 0.5679  clips:2
    Epoch  73/100 — loss: 0.2627  val_loss: 0.3048  val_precision: 0.4684  val_f1_class_2: 0.5734  val_mcc: 0.5678
    Epoch  74/100 — loss: 0.2622  val_loss: 0.3048  val_precision: 0.4673  val_f1_class_2: 0.5731  val_mcc: 0.5677
    EarlyStopping at epoch 74 (no improvement for 20 epochs)
    Restoring best weights from /tmp/NNNC_DDPM_MLX_LSTM/checkpoint.safetensors
    Saving MLX model to: /Users/philprice95/projects/freqtrade/user_data/strategies/saved_data/NNNC_DDPM_MLX_LSTM/NNNC_DDPM_MLX_LSTM.safetensors
    Trading - Sell:
        min: 0.000 max: 0.846, mean: 0.170
        signals > 0.500: 10097 (14.6%)
        counts: [44396, 3849, 2083, 2053, 6584, 6292, 3426, 364, 15, 0, 0]
        percentages: [0.64, 0.06, 0.03, 0.03, 0.1, 0.09, 0.05, 0.01, 0.0, 0.0, 0.0]
        cumulative: [0.64, 0.7, 0.73, 0.76, 0.85, 0.94, 0.99, 1.0, 1.0, 1.0, 1.0]
    Trading - Hold:
        min: 0.153 max: 0.973, mean: 0.676
        signals > 0.500: 50251 (72.8%)
        counts: [0, 23, 1067, 6417, 11304, 13985, 5141, 3926, 6537, 20662, 0]
        percentages: [0.0, 0.0, 0.02, 0.09, 0.16, 0.2, 0.07, 0.06, 0.09, 0.3, 0.0]
        cumulative: [0.0, 0.0, 0.02, 0.11, 0.27, 0.47, 0.55, 0.61, 0.7, 1.0, 1.0]
    Trading - Buy:
        min: 0.000 max: 0.819, mean: 0.154
        signals > 0.500: 8060 (11.7%)
        counts: [45814, 3529, 2347, 2692, 6620, 4504, 2863, 688, 5, 0, 0]
        percentages: [0.66, 0.05, 0.03, 0.04, 0.1, 0.07, 0.04, 0.01, 0.0, 0.0, 0.0]
        cumulative: [0.66, 0.71, 0.75, 0.79, 0.88, 0.95, 0.99, 1.0, 1.0, 1.0, 1.0]

ZEC/USDT
    Comparing actual vs predicted signals

================================================================================
CLASSIFICATION PERFORMANCE ASSESSMENT (Tri-State)
================================================================================
--- Detailed Classification Report ---
              precision    recall  f1-score   support

         0.0      0.635     0.677     0.655      9463
         1.0      0.888     0.860     0.874     52507
         2.0      0.546     0.620     0.581      7092

    accuracy                          0.811     69062
   macro avg      0.689     0.719     0.703     69062
weighted avg      0.818     0.811     0.814     69062


--- Confusion Matrix ---
Rows = True, Columns = Predicted
             Sell     Hold      Buy
    Sell     6410     3041       12
    Hold     3678    45180     3649
     Buy        9     2684     4399

--- Qualitative Assessment of Key Metrics ---
Metric                    Score   Assessment                               Trading Context
-------------------------   -------   ----------------------------------------   ------------------------------
Precision (Sell)          0.635   Good. Reliable performance.              Avoid false sell signals (support: 9463.0)
Recall (Sell)             0.677   Good. Reliable performance.              Find all sell opportunities (support: 9463.0)
F1-Score (Sell)           0.655   Good. Reliable performance.              Balanced performance on Sell signal (support: 9463.0)
Precision (Hold)          0.888   Excellent. Very strong performance.      Correctly identify neutral periods (support: 52507.0)
Recall (Hold)             0.860   Excellent. Very strong performance.      Find all neutral periods (support: 52507.0)
F1-Score (Hold)           0.874   Excellent. Very strong performance.      Balanced performance on Hold signal (support: 52507.0)
Precision (Buy)           0.546   Okay. Acceptable, but needs improvement. Avoid false buy signals (support: 7092.0)
Recall (Buy)              0.620   Good. Reliable performance.              Find all buy opportunities (support: 7092.0)
F1-Score (Buy)            0.581   Okay. Acceptable, but needs improvement. Balanced performance on Buy signal (support: 7092.0)

--- Overall Performance Metrics ---

--- Qualitative Assessment of Key Metrics ---
Metric                    Score   Assessment                               Trading Context
-------------------------   -------   ----------------------------------------   ------------------------------
Macro Avg Precision       0.689   Good. Reliable performance.              Average precision across all classes
Macro Avg Recall          0.719   Good. Reliable performance.              Average recall across all classes
Macro Avg F1-Score        0.703   Good. Reliable performance.              Average F1-score across all classes
Weighted Avg Precision    0.818   Excellent. Very strong performance.      Support-weighted average precision
Weighted Avg Recall       0.811   Excellent. Very strong performance.      Support-weighted average recall
Weighted Avg F1-Score     0.814   Excellent. Very strong performance.      Support-weighted average F1-score
MCC                       0.536   Good. Reliable positive correlation.     Correlation between prediction and reality
Cohen's Kappa             0.536   Moderate. Meaningful agreement.          Agreement better than random chance

--- Summary and Recommendation ---
🌟 GOOD PERFORMANCE: The model shows strong balance (Macro F1-Score 0.703, Weighted F1-Score 0.814) and reliable correlation (MCC 0.536). All classes performing reasonably well.
================================================================================
    Trading - Sell:
        min: 0.000 max: 0.781, mean: 0.086
        signals > 0.500: 5404 (7.8%)
        counts: [57588, 2878, 1149, 833, 1210, 3378, 1859, 167, 0, 0, 0]
        percentages: [0.83, 0.04, 0.02, 0.01, 0.02, 0.05, 0.03, 0.0, 0.0, 0.0, 0.0]
        cumulative: [0.83, 0.88, 0.89, 0.9, 0.92, 0.97, 1.0, 1.0, 1.0, 1.0, 1.0]
    Trading - Hold:
        min: 0.050 max: 0.974, mean: 0.831
        signals > 0.500: 58745 (85.1%)
        counts: [1, 5, 553, 3742, 6016, 2681, 1798, 2168, 5818, 46280, 0]
        percentages: [0.0, 0.0, 0.01, 0.05, 0.09, 0.04, 0.03, 0.03, 0.08, 0.67, 0.0]
        cumulative: [0.0, 0.0, 0.01, 0.06, 0.15, 0.19, 0.21, 0.25, 0.33, 1.0, 1.0]
    Trading - Buy:
        min: 0.000 max: 0.950, mean: 0.083
        signals > 0.500: 4723 (6.8%)
        counts: [58450, 2638, 1110, 872, 1269, 2503, 1834, 380, 5, 1, 0]
        percentages: [0.85, 0.04, 0.02, 0.01, 0.02, 0.04, 0.03, 0.01, 0.0, 0.0, 0.0]
        cumulative: [0.85, 0.88, 0.9, 0.91, 0.93, 0.97, 0.99, 1.0, 1.0, 1.0, 1.0]

XRP/USDT
    Comparing actual vs predicted signals

================================================================================
CLASSIFICATION PERFORMANCE ASSESSMENT (Tri-State)
================================================================================
--- Detailed Classification Report ---
              precision    recall  f1-score   support

         0.0      0.659     0.818     0.730      4355
         1.0      0.972     0.944     0.958     60725
         2.0      0.664     0.787     0.720      3982

    accuracy                          0.927     69062
   macro avg      0.765     0.850     0.803     69062
weighted avg      0.935     0.927     0.930     69062


--- Confusion Matrix ---
Rows = True, Columns = Predicted
             Sell     Hold      Buy
    Sell     3563      791        1
    Hold     1837    57300     1588
     Buy        4      844     3134

--- Qualitative Assessment of Key Metrics ---
Metric                    Score   Assessment                               Trading Context
-------------------------   -------   ----------------------------------------   ------------------------------
Precision (Sell)          0.659   Good. Reliable performance.              Avoid false sell signals (support: 4355.0)
Recall (Sell)             0.818   Excellent. Very strong performance.      Find all sell opportunities (support: 4355.0)
F1-Score (Sell)           0.730   Good. Reliable performance.              Balanced performance on Sell signal (support: 4355.0)
Precision (Hold)          0.972   Excellent. Very strong performance.      Correctly identify neutral periods (support: 60725.0)
Recall (Hold)             0.944   Excellent. Very strong performance.      Find all neutral periods (support: 60725.0)
F1-Score (Hold)           0.958   Excellent. Very strong performance.      Balanced performance on Hold signal (support: 60725.0)
Precision (Buy)           0.664   Good. Reliable performance.              Avoid false buy signals (support: 3982.0)
Recall (Buy)              0.787   Good. Reliable performance.              Find all buy opportunities (support: 3982.0)
F1-Score (Buy)            0.720   Good. Reliable performance.              Balanced performance on Buy signal (support: 3982.0)

--- Overall Performance Metrics ---

--- Qualitative Assessment of Key Metrics ---
Metric                    Score   Assessment                               Trading Context
-------------------------   -------   ----------------------------------------   ------------------------------
Macro Avg Precision       0.765   Good. Reliable performance.              Average precision across all classes
Macro Avg Recall          0.850   Excellent. Very strong performance.      Average recall across all classes
Macro Avg F1-Score        0.803   Excellent. Very strong performance.      Average F1-score across all classes
Weighted Avg Precision    0.935   Excellent. Very strong performance.      Support-weighted average precision
Weighted Avg Recall       0.927   Excellent. Very strong performance.      Support-weighted average recall
Weighted Avg F1-Score     0.930   Excellent. Very strong performance.      Support-weighted average F1-score
MCC                       0.699   Excellent. Strong positive correlation.  Correlation between prediction and reality
Cohen's Kappa             0.695   Substantial. Strong agreement.           Agreement better than random chance

--- Summary and Recommendation ---
🌟 GOOD PERFORMANCE: The model shows strong balance (Macro F1-Score 0.803, Weighted F1-Score 0.930) and reliable correlation (MCC 0.699). All classes performing reasonably well.
================================================================================
    Trading - Sell:
        min: 0.000 max: 0.769, mean: 0.090
        signals > 0.500: 5209 (7.5%)
        counts: [56100, 3565, 1525, 1091, 1572, 3855, 1328, 26, 0, 0, 0]
        percentages: [0.81, 0.05, 0.02, 0.02, 0.02, 0.06, 0.02, 0.0, 0.0, 0.0, 0.0]
        cumulative: [0.81, 0.86, 0.89, 0.9, 0.92, 0.98, 1.0, 1.0, 1.0, 1.0, 1.0]
    Trading - Hold:
        min: 0.199 max: 0.974, mean: 0.818
        signals > 0.500: 58489 (84.7%)
        counts: [0, 1, 225, 3269, 7078, 3387, 2418, 2926, 7570, 42188, 0]
        percentages: [0.0, 0.0, 0.0, 0.05, 0.1, 0.05, 0.04, 0.04, 0.11, 0.61, 0.0]
        cumulative: [0.0, 0.0, 0.0, 0.05, 0.15, 0.2, 0.24, 0.28, 0.39, 1.0, 1.0]
    Trading - Buy:
        min: 0.000 max: 0.801, mean: 0.092
        signals > 0.500: 5187 (7.5%)
        counts: [56183, 3458, 1406, 1192, 1636, 3114, 1876, 196, 1, 0, 0]
        percentages: [0.81, 0.05, 0.02, 0.02, 0.02, 0.05, 0.03, 0.0, 0.0, 0.0, 0.0]
        cumulative: [0.81, 0.86, 0.88, 0.9, 0.92, 0.97, 1.0, 1.0, 1.0, 1.0, 1.0]

SOL/USDT
    Comparing actual vs predicted signals

================================================================================
CLASSIFICATION PERFORMANCE ASSESSMENT (Tri-State)
================================================================================
--- Detailed Classification Report ---
              precision    recall  f1-score   support

         0.0      0.577     0.777     0.662      3870
         1.0      0.967     0.930     0.948     60988
         2.0      0.604     0.746     0.668      4204

    accuracy                          0.910     69062
   macro avg      0.716     0.818     0.759     69062
weighted avg      0.923     0.910     0.915     69062


--- Confusion Matrix ---
Rows = True, Columns = Predicted
             Sell     Hold      Buy
    Sell     3006      862        2
    Hold     2201    56737     2050
     Buy        2     1067     3135

--- Qualitative Assessment of Key Metrics ---
Metric                    Score   Assessment                               Trading Context
-------------------------   -------   ----------------------------------------   ------------------------------
Precision (Sell)          0.577   Okay. Acceptable, but needs improvement. Avoid false sell signals (support: 3870.0)
Recall (Sell)             0.777   Good. Reliable performance.              Find all sell opportunities (support: 3870.0)
F1-Score (Sell)           0.662   Good. Reliable performance.              Balanced performance on Sell signal (support: 3870.0)
Precision (Hold)          0.967   Excellent. Very strong performance.      Correctly identify neutral periods (support: 60988.0)
Recall (Hold)             0.930   Excellent. Very strong performance.      Find all neutral periods (support: 60988.0)
F1-Score (Hold)           0.948   Excellent. Very strong performance.      Balanced performance on Hold signal (support: 60988.0)
Precision (Buy)           0.604   Good. Reliable performance.              Avoid false buy signals (support: 4204.0)
Recall (Buy)              0.746   Good. Reliable performance.              Find all buy opportunities (support: 4204.0)
F1-Score (Buy)            0.668   Good. Reliable performance.              Balanced performance on Buy signal (support: 4204.0)

--- Overall Performance Metrics ---

--- Qualitative Assessment of Key Metrics ---
Metric                    Score   Assessment                               Trading Context
-------------------------   -------   ----------------------------------------   ------------------------------
Macro Avg Precision       0.716   Good. Reliable performance.              Average precision across all classes
Macro Avg Recall          0.818   Excellent. Very strong performance.      Average recall across all classes
Macro Avg F1-Score        0.759   Good. Reliable performance.              Average F1-score across all classes
Weighted Avg Precision    0.923   Excellent. Very strong performance.      Support-weighted average precision
Weighted Avg Recall       0.910   Excellent. Very strong performance.      Support-weighted average recall
Weighted Avg F1-Score     0.915   Excellent. Very strong performance.      Support-weighted average F1-score
MCC                       0.635   Excellent. Strong positive correlation.  Correlation between prediction and reality
Cohen's Kappa             0.629   Substantial. Strong agreement.           Agreement better than random chance

--- Summary and Recommendation ---
🌟 GOOD PERFORMANCE: The model shows strong balance (Macro F1-Score 0.759, Weighted F1-Score 0.915) and reliable correlation (MCC 0.635). All classes performing reasonably well.
================================================================================
    Trading - Sell:
        min: 0.000 max: 0.771, mean: 0.103
        signals > 0.500: 6276 (9.1%)
        counts: [54128, 3836, 1540, 1256, 2026, 4540, 1684, 52, 0, 0, 0]
        percentages: [0.78, 0.06, 0.02, 0.02, 0.03, 0.07, 0.02, 0.0, 0.0, 0.0, 0.0]
        cumulative: [0.78, 0.84, 0.86, 0.88, 0.91, 0.97, 1.0, 1.0, 1.0, 1.0, 1.0]
    Trading - Hold:
        min: 0.091 max: 0.974, mean: 0.797
        signals > 0.500: 56901 (82.4%)
        counts: [1, 2, 350, 3817, 7991, 4436, 2629, 3137, 8022, 38677, 0]
        percentages: [0.0, 0.0, 0.01, 0.06, 0.12, 0.06, 0.04, 0.05, 0.12, 0.56, 0.0]
        cumulative: [0.0, 0.0, 0.01, 0.06, 0.18, 0.24, 0.28, 0.32, 0.44, 1.0, 1.0]
    Trading - Buy:
        min: 0.000 max: 0.909, mean: 0.100
        signals > 0.500: 5652 (8.2%)
        counts: [54802, 3623, 1560, 1297, 2128, 3279, 2084, 286, 2, 1, 0]
        percentages: [0.79, 0.05, 0.02, 0.02, 0.03, 0.05, 0.03, 0.0, 0.0, 0.0, 0.0]
        cumulative: [0.79, 0.85, 0.87, 0.89, 0.92, 0.97, 1.0, 1.0, 1.0, 1.0, 1.0]

LINK/USDT
    Comparing actual vs predicted signals

================================================================================
CLASSIFICATION PERFORMANCE ASSESSMENT (Tri-State)
================================================================================
--- Detailed Classification Report ---
              precision    recall  f1-score   support

         0.0      0.615     0.760     0.680      5081
         1.0      0.955     0.924     0.939     59086
         2.0      0.627     0.724     0.672      4895

    accuracy                          0.897     69062
   macro avg      0.732     0.802     0.764     69062
weighted avg      0.907     0.897     0.901     69062


--- Confusion Matrix ---
Rows = True, Columns = Predicted
             Sell     Hold      Buy
    Sell     3862     1216        3
    Hold     2411    54569     2106
     Buy        3     1349     3543

--- Qualitative Assessment of Key Metrics ---
Metric                    Score   Assessment                               Trading Context
-------------------------   -------   ----------------------------------------   ------------------------------
Precision (Sell)          0.615   Good. Reliable performance.              Avoid false sell signals (support: 5081.0)
Recall (Sell)             0.760   Good. Reliable performance.              Find all sell opportunities (support: 5081.0)
F1-Score (Sell)           0.680   Good. Reliable performance.              Balanced performance on Sell signal (support: 5081.0)
Precision (Hold)          0.955   Excellent. Very strong performance.      Correctly identify neutral periods (support: 59086.0)
Recall (Hold)             0.924   Excellent. Very strong performance.      Find all neutral periods (support: 59086.0)
F1-Score (Hold)           0.939   Excellent. Very strong performance.      Balanced performance on Hold signal (support: 59086.0)
Precision (Buy)           0.627   Good. Reliable performance.              Avoid false buy signals (support: 4895.0)
Recall (Buy)              0.724   Good. Reliable performance.              Find all buy opportunities (support: 4895.0)
F1-Score (Buy)            0.672   Good. Reliable performance.              Balanced performance on Buy signal (support: 4895.0)

--- Overall Performance Metrics ---

--- Qualitative Assessment of Key Metrics ---
Metric                    Score   Assessment                               Trading Context
-------------------------   -------   ----------------------------------------   ------------------------------
Macro Avg Precision       0.732   Good. Reliable performance.              Average precision across all classes
Macro Avg Recall          0.802   Excellent. Very strong performance.      Average recall across all classes
Macro Avg F1-Score        0.764   Good. Reliable performance.              Average F1-score across all classes
Weighted Avg Precision    0.907   Excellent. Very strong performance.      Support-weighted average precision
Weighted Avg Recall       0.897   Excellent. Very strong performance.      Support-weighted average recall
Weighted Avg F1-Score     0.901   Excellent. Very strong performance.      Support-weighted average F1-score
MCC                       0.636   Excellent. Strong positive correlation.  Correlation between prediction and reality
Cohen's Kappa             0.633   Substantial. Strong agreement.           Agreement better than random chance

--- Summary and Recommendation ---
🌟 GOOD PERFORMANCE: The model shows strong balance (Macro F1-Score 0.764, Weighted F1-Score 0.901) and reliable correlation (MCC 0.636). All classes performing reasonably well.
================================================================================
    Trading - Sell:
        min: 0.000 max: 0.768, mean: 0.151
        signals > 0.500: 8119 (11.8%)
        counts: [45469, 4735, 2425, 2283, 6031, 6405, 1632, 82, 0, 0, 0]
        percentages: [0.66, 0.07, 0.04, 0.03, 0.09, 0.09, 0.02, 0.0, 0.0, 0.0, 0.0]
        cumulative: [0.66, 0.73, 0.76, 0.8, 0.88, 0.98, 1.0, 1.0, 1.0, 1.0, 1.0]
    Trading - Hold:
        min: 0.186 max: 0.973, mean: 0.706
        signals > 0.500: 53307 (77.2%)
        counts: [0, 2, 306, 3573, 11874, 12608, 5560, 4765, 8258, 22116, 0]
        percentages: [0.0, 0.0, 0.0, 0.05, 0.17, 0.18, 0.08, 0.07, 0.12, 0.32, 0.0]
        cumulative: [0.0, 0.0, 0.0, 0.06, 0.23, 0.41, 0.49, 0.56, 0.68, 1.0, 1.0]
    Trading - Buy:
        min: 0.000 max: 0.813, mean: 0.143
        signals > 0.500: 7139 (10.3%)
        counts: [46699, 4030, 2595, 2727, 5872, 5054, 1864, 219, 2, 0, 0]
        percentages: [0.68, 0.06, 0.04, 0.04, 0.09, 0.07, 0.03, 0.0, 0.0, 0.0, 0.0]
        cumulative: [0.68, 0.73, 0.77, 0.81, 0.9, 0.97, 1.0, 1.0, 1.0, 1.0, 1.0]

NEAR/USDT
    Comparing actual vs predicted signals

================================================================================
CLASSIFICATION PERFORMANCE ASSESSMENT (Tri-State)
================================================================================
--- Detailed Classification Report ---
              precision    recall  f1-score   support

         0.0      0.565     0.601     0.582      7632
         1.0      0.885     0.877     0.881     54251
         2.0      0.561     0.558     0.559      7179

    accuracy                          0.814     69062
   macro avg      0.670     0.679     0.674     69062
weighted avg      0.816     0.814     0.815     69062


--- Confusion Matrix ---
Rows = True, Columns = Predicted
             Sell     Hold      Buy
    Sell     4587     3038        7
    Hold     3530    47594     3127
     Buy        2     3172     4005

--- Qualitative Assessment of Key Metrics ---
Metric                    Score   Assessment                               Trading Context
-------------------------   -------   ----------------------------------------   ------------------------------
Precision (Sell)          0.565   Okay. Acceptable, but needs improvement. Avoid false sell signals (support: 7632.0)
Recall (Sell)             0.601   Good. Reliable performance.              Find all sell opportunities (support: 7632.0)
F1-Score (Sell)           0.582   Okay. Acceptable, but needs improvement. Balanced performance on Sell signal (support: 7632.0)
Precision (Hold)          0.885   Excellent. Very strong performance.      Correctly identify neutral periods (support: 54251.0)
Recall (Hold)             0.877   Excellent. Very strong performance.      Find all neutral periods (support: 54251.0)
F1-Score (Hold)           0.881   Excellent. Very strong performance.      Balanced performance on Hold signal (support: 54251.0)
Precision (Buy)           0.561   Okay. Acceptable, but needs improvement. Avoid false buy signals (support: 7179.0)
Recall (Buy)              0.558   Okay. Acceptable, but needs improvement. Find all buy opportunities (support: 7179.0)
F1-Score (Buy)            0.559   Okay. Acceptable, but needs improvement. Balanced performance on Buy signal (support: 7179.0)

--- Overall Performance Metrics ---

--- Qualitative Assessment of Key Metrics ---
Metric                    Score   Assessment                               Trading Context
-------------------------   -------   ----------------------------------------   ------------------------------
Macro Avg Precision       0.670   Good. Reliable performance.              Average precision across all classes
Macro Avg Recall          0.679   Good. Reliable performance.              Average recall across all classes
Macro Avg F1-Score        0.674   Good. Reliable performance.              Average F1-score across all classes
Weighted Avg Precision    0.816   Excellent. Very strong performance.      Support-weighted average precision
Weighted Avg Recall       0.814   Excellent. Very strong performance.      Support-weighted average recall
Weighted Avg F1-Score     0.815   Excellent. Very strong performance.      Support-weighted average F1-score
MCC                       0.488   Good. Reliable positive correlation.     Correlation between prediction and reality
Cohen's Kappa             0.488   Moderate. Meaningful agreement.          Agreement better than random chance

--- Summary and Recommendation ---
🌟 GOOD PERFORMANCE: The model shows strong balance (Macro F1-Score 0.674, Weighted F1-Score 0.815) and reliable correlation (MCC 0.488). All classes performing reasonably well.
================================================================================
    Trading - Sell:
        min: 0.000 max: 0.773, mean: 0.139
        signals > 0.500: 7014 (10.2%)
        counts: [47467, 4771, 2329, 2130, 5351, 5420, 1534, 60, 0, 0, 0]
        percentages: [0.69, 0.07, 0.03, 0.03, 0.08, 0.08, 0.02, 0.0, 0.0, 0.0, 0.0]
        cumulative: [0.69, 0.76, 0.79, 0.82, 0.9, 0.98, 1.0, 1.0, 1.0, 1.0, 1.0]
    Trading - Hold:
        min: 0.002 max: 0.973, mean: 0.735
        signals > 0.500: 55983 (81.1%)
        counts: [2, 1, 273, 3231, 9572, 11296, 5127, 4645, 8837, 26078, 0]
        percentages: [0.0, 0.0, 0.0, 0.05, 0.14, 0.16, 0.07, 0.07, 0.13, 0.38, 0.0]
        cumulative: [0.0, 0.0, 0.0, 0.05, 0.19, 0.35, 0.43, 0.49, 0.62, 1.0, 1.0]
    Trading - Buy:
        min: 0.000 max: 0.998, mean: 0.126
        signals > 0.500: 5657 (8.2%)
        counts: [49189, 4017, 2447, 2488, 5264, 3823, 1622, 209, 1, 2, 0]
        percentages: [0.71, 0.06, 0.04, 0.04, 0.08, 0.06, 0.02, 0.0, 0.0, 0.0, 0.0]
        cumulative: [0.71, 0.77, 0.81, 0.84, 0.92, 0.97, 1.0, 1.0, 1.0, 1.0, 1.0]

AAVE/USDT
    Comparing actual vs predicted signals

================================================================================
CLASSIFICATION PERFORMANCE ASSESSMENT (Tri-State)
================================================================================
--- Detailed Classification Report ---
              precision    recall  f1-score   support

         0.0      0.578     0.610     0.594      6640
         1.0      0.906     0.904     0.905     56477
         2.0      0.565     0.538     0.551      5945

    accuracy                          0.844     69062
   macro avg      0.683     0.684     0.683     69062
weighted avg      0.845     0.844     0.845     69062


--- Confusion Matrix ---
Rows = True, Columns = Predicted
             Sell     Hold      Buy
    Sell     4053     2581        6
    Hold     2959    51065     2453
     Buy        2     2745     3198

--- Qualitative Assessment of Key Metrics ---
Metric                    Score   Assessment                               Trading Context
-------------------------   -------   ----------------------------------------   ------------------------------
Precision (Sell)          0.578   Okay. Acceptable, but needs improvement. Avoid false sell signals (support: 6640.0)
Recall (Sell)             0.610   Good. Reliable performance.              Find all sell opportunities (support: 6640.0)
F1-Score (Sell)           0.594   Okay. Acceptable, but needs improvement. Balanced performance on Sell signal (support: 6640.0)
Precision (Hold)          0.906   Excellent. Very strong performance.      Correctly identify neutral periods (support: 56477.0)
Recall (Hold)             0.904   Excellent. Very strong performance.      Find all neutral periods (support: 56477.0)
F1-Score (Hold)           0.905   Excellent. Very strong performance.      Balanced performance on Hold signal (support: 56477.0)
Precision (Buy)           0.565   Okay. Acceptable, but needs improvement. Avoid false buy signals (support: 5945.0)
Recall (Buy)              0.538   Okay. Acceptable, but needs improvement. Find all buy opportunities (support: 5945.0)
F1-Score (Buy)            0.551   Okay. Acceptable, but needs improvement. Balanced performance on Buy signal (support: 5945.0)

--- Overall Performance Metrics ---

--- Qualitative Assessment of Key Metrics ---
Metric                    Score   Assessment                               Trading Context
-------------------------   -------   ----------------------------------------   ------------------------------
Macro Avg Precision       0.683   Good. Reliable performance.              Average precision across all classes
Macro Avg Recall          0.684   Good. Reliable performance.              Average recall across all classes
Macro Avg F1-Score        0.683   Good. Reliable performance.              Average F1-score across all classes
Weighted Avg Precision    0.845   Excellent. Very strong performance.      Support-weighted average precision
Weighted Avg Recall       0.844   Excellent. Very strong performance.      Support-weighted average recall
Weighted Avg F1-Score     0.845   Excellent. Very strong performance.      Support-weighted average F1-score
MCC                       0.507   Good. Reliable positive correlation.     Correlation between prediction and reality
Cohen's Kappa             0.507   Moderate. Meaningful agreement.          Agreement better than random chance

--- Summary and Recommendation ---
🌟 GOOD PERFORMANCE: The model shows strong balance (Macro F1-Score 0.683, Weighted F1-Score 0.845) and reliable correlation (MCC 0.507). All classes performing reasonably well.
================================================================================
    Trading - Sell:
        min: 0.000 max: 0.851, mean: 0.141
        signals > 0.500: 6175 (8.9%)
        counts: [48445, 3450, 1907, 2015, 7160, 4368, 1465, 328, 14, 0, 0]
        percentages: [0.7, 0.05, 0.03, 0.03, 0.1, 0.06, 0.02, 0.0, 0.0, 0.0, 0.0]
        cumulative: [0.7, 0.75, 0.78, 0.81, 0.91, 0.97, 1.0, 1.0, 1.0, 1.0, 1.0]
    Trading - Hold:
        min: 0.149 max: 0.973, mean: 0.728
        signals > 0.500: 57325 (82.9%)
        counts: [0, 18, 643, 2964, 8202, 15147, 5017, 3457, 6269, 27435, 0]
        percentages: [0.0, 0.0, 0.01, 0.04, 0.12, 0.22, 0.07, 0.05, 0.09, 0.4, 0.0]
        cumulative: [0.0, 0.0, 0.01, 0.05, 0.17, 0.39, 0.46, 0.51, 0.6, 1.0, 1.0]
    Trading - Buy:
        min: 0.000 max: 0.810, mean: 0.130
        signals > 0.500: 5150 (7.4%)
        counts: [49339, 2763, 1972, 2787, 7141, 3453, 1396, 299, 2, 0, 0]
        percentages: [0.71, 0.04, 0.03, 0.04, 0.1, 0.05, 0.02, 0.0, 0.0, 0.0, 0.0]
        cumulative: [0.71, 0.75, 0.78, 0.82, 0.93, 0.98, 1.0, 1.0, 1.0, 1.0, 1.0]

DASH/USDT
    Comparing actual vs predicted signals

================================================================================
CLASSIFICATION PERFORMANCE ASSESSMENT (Tri-State)
================================================================================
--- Detailed Classification Report ---
              precision    recall  f1-score   support

         0.0      0.544     0.544     0.544      6180
         1.0      0.907     0.905     0.906     57983
         2.0      0.471     0.486     0.479      4989

    accuracy                          0.843     69152
   macro avg      0.641     0.645     0.643     69152
weighted avg      0.844     0.843     0.843     69152


--- Confusion Matrix ---
Rows = True, Columns = Predicted
             Sell     Hold      Buy
    Sell     3359     2803       18
    Hold     2801    52477     2705
     Buy       15     2547     2427

--- Qualitative Assessment of Key Metrics ---
Metric                    Score   Assessment                               Trading Context
-------------------------   -------   ----------------------------------------   ------------------------------
Precision (Sell)          0.544   Okay. Acceptable, but needs improvement. Avoid false sell signals (support: 6180.0)
Recall (Sell)             0.544   Okay. Acceptable, but needs improvement. Find all sell opportunities (support: 6180.0)
F1-Score (Sell)           0.544   Okay. Acceptable, but needs improvement. Balanced performance on Sell signal (support: 6180.0)
Precision (Hold)          0.907   Excellent. Very strong performance.      Correctly identify neutral periods (support: 57983.0)
Recall (Hold)             0.905   Excellent. Very strong performance.      Find all neutral periods (support: 57983.0)
F1-Score (Hold)           0.906   Excellent. Very strong performance.      Balanced performance on Hold signal (support: 57983.0)
Precision (Buy)           0.471   Okay. Acceptable, but needs improvement. Avoid false buy signals (support: 4989.0)
Recall (Buy)              0.486   Okay. Acceptable, but needs improvement. Find all buy opportunities (support: 4989.0)
F1-Score (Buy)            0.479   Okay. Acceptable, but needs improvement. Balanced performance on Buy signal (support: 4989.0)

--- Overall Performance Metrics ---

--- Qualitative Assessment of Key Metrics ---
Metric                    Score   Assessment                               Trading Context
-------------------------   -------   ----------------------------------------   ------------------------------
Macro Avg Precision       0.641   Good. Reliable performance.              Average precision across all classes
Macro Avg Recall          0.645   Good. Reliable performance.              Average recall across all classes
Macro Avg F1-Score        0.643   Good. Reliable performance.              Average F1-score across all classes
Weighted Avg Precision    0.844   Excellent. Very strong performance.      Support-weighted average precision
Weighted Avg Recall       0.843   Excellent. Very strong performance.      Support-weighted average recall
Weighted Avg F1-Score     0.843   Excellent. Very strong performance.      Support-weighted average F1-score
MCC                       0.448   Good. Reliable positive correlation.     Correlation between prediction and reality
Cohen's Kappa             0.448   Moderate. Meaningful agreement.          Agreement better than random chance

--- Summary and Recommendation ---
⚠️ CONCERN: Buy class recall is only 0.486. The model is missing over 51% of available 'Buy' signals. **Priority: Improve Buy Recall and overall F1.**
================================================================================
    Trading - Sell:
        min: 0.000 max: 0.810, mean: 0.143
        signals > 0.500: 9630 (13.9%)
        counts: [47847, 4532, 2191, 1812, 3140, 6558, 2967, 104, 1, 0, 0]
        percentages: [0.69, 0.07, 0.03, 0.03, 0.05, 0.09, 0.04, 0.0, 0.0, 0.0, 0.0]
        cumulative: [0.69, 0.76, 0.79, 0.82, 0.86, 0.96, 1.0, 1.0, 1.0, 1.0, 1.0]
    Trading - Hold:
        min: 0.144 max: 0.975, mean: 0.714
        signals > 0.500: 50224 (72.6%)
        counts: [0, 5, 615, 6292, 12016, 7188, 4330, 4609, 8863, 25234, 0]
        percentages: [0.0, 0.0, 0.01, 0.09, 0.17, 0.1, 0.06, 0.07, 0.13, 0.36, 0.0]
        cumulative: [0.0, 0.0, 0.01, 0.1, 0.27, 0.38, 0.44, 0.51, 0.64, 1.0, 1.0]
    Trading - Buy:
        min: 0.000 max: 0.856, mean: 0.142
        signals > 0.500: 8814 (12.7%)
        counts: [47753, 4401, 2537, 2109, 3538, 5096, 3220, 494, 4, 0, 0]
        percentages: [0.69, 0.06, 0.04, 0.03, 0.05, 0.07, 0.05, 0.01, 0.0, 0.0, 0.0]
        cumulative: [0.69, 0.75, 0.79, 0.82, 0.87, 0.95, 0.99, 1.0, 1.0, 1.0, 1.0]

SUI/USDT
    Comparing actual vs predicted signals

================================================================================
CLASSIFICATION PERFORMANCE ASSESSMENT (Tri-State)
================================================================================
--- Detailed Classification Report ---
              precision    recall  f1-score   support

         0.0      0.640     0.745     0.688      8272
         1.0      0.912     0.872     0.891     53008
         2.0      0.624     0.698     0.659      7872

    accuracy                          0.837     69152
   macro avg      0.725     0.772     0.746     69152
weighted avg      0.846     0.837     0.841     69152


--- Confusion Matrix ---
Rows = True, Columns = Predicted
             Sell     Hold      Buy
    Sell     6159     2106        7
    Hold     3466    46231     3311
     Buy        5     2371     5496

--- Qualitative Assessment of Key Metrics ---
Metric                    Score   Assessment                               Trading Context
-------------------------   -------   ----------------------------------------   ------------------------------
Precision (Sell)          0.640   Good. Reliable performance.              Avoid false sell signals (support: 8272.0)
Recall (Sell)             0.745   Good. Reliable performance.              Find all sell opportunities (support: 8272.0)
F1-Score (Sell)           0.688   Good. Reliable performance.              Balanced performance on Sell signal (support: 8272.0)
Precision (Hold)          0.912   Excellent. Very strong performance.      Correctly identify neutral periods (support: 53008.0)
Recall (Hold)             0.872   Excellent. Very strong performance.      Find all neutral periods (support: 53008.0)
F1-Score (Hold)           0.891   Excellent. Very strong performance.      Balanced performance on Hold signal (support: 53008.0)
Precision (Buy)           0.624   Good. Reliable performance.              Avoid false buy signals (support: 7872.0)
Recall (Buy)              0.698   Good. Reliable performance.              Find all buy opportunities (support: 7872.0)
F1-Score (Buy)            0.659   Good. Reliable performance.              Balanced performance on Buy signal (support: 7872.0)

--- Overall Performance Metrics ---

--- Qualitative Assessment of Key Metrics ---
Metric                    Score   Assessment                               Trading Context
-------------------------   -------   ----------------------------------------   ------------------------------
Macro Avg Precision       0.725   Good. Reliable performance.              Average precision across all classes
Macro Avg Recall          0.772   Good. Reliable performance.              Average recall across all classes
Macro Avg F1-Score        0.746   Good. Reliable performance.              Average F1-score across all classes
Weighted Avg Precision    0.846   Excellent. Very strong performance.      Support-weighted average precision
Weighted Avg Recall       0.837   Excellent. Very strong performance.      Support-weighted average recall
Weighted Avg F1-Score     0.841   Excellent. Very strong performance.      Support-weighted average F1-score
MCC                       0.601   Excellent. Strong positive correlation.  Correlation between prediction and reality
Cohen's Kappa             0.599   Moderate. Meaningful agreement.          Agreement better than random chance

--- Summary and Recommendation ---
🌟 GOOD PERFORMANCE: The model shows strong balance (Macro F1-Score 0.746, Weighted F1-Score 0.841) and reliable correlation (MCC 0.601). All classes performing reasonably well.
================================================================================
    Trading - Sell:
        min: 0.000 max: 0.748, mean: 0.108
        signals > 0.500: 6374 (9.2%)
        counts: [52885, 4274, 1804, 1360, 2455, 4786, 1566, 22, 0, 0, 0]
        percentages: [0.76, 0.06, 0.03, 0.02, 0.04, 0.07, 0.02, 0.0, 0.0, 0.0, 0.0]
        cumulative: [0.76, 0.83, 0.85, 0.87, 0.91, 0.98, 1.0, 1.0, 1.0, 1.0, 1.0]
    Trading - Hold:
        min: 0.213 max: 0.973, mean: 0.786
        signals > 0.500: 56912 (82.3%)
        counts: [0, 0, 310, 3515, 8415, 5350, 3250, 3753, 8905, 35654, 0]
        percentages: [0.0, 0.0, 0.0, 0.05, 0.12, 0.08, 0.05, 0.05, 0.13, 0.52, 0.0]
        cumulative: [0.0, 0.0, 0.0, 0.06, 0.18, 0.25, 0.3, 0.36, 0.48, 1.0, 1.0]
    Trading - Buy:
        min: 0.000 max: 0.787, mean: 0.106
        signals > 0.500: 5633 (8.1%)
        counts: [53416, 3944, 1933, 1632, 2594, 3464, 1887, 282, 0, 0, 0]
        percentages: [0.77, 0.06, 0.03, 0.02, 0.04, 0.05, 0.03, 0.0, 0.0, 0.0, 0.0]
        cumulative: [0.77, 0.83, 0.86, 0.88, 0.92, 0.97, 1.0, 1.0, 1.0, 1.0, 1.0]

AVAX/USDT
    Comparing actual vs predicted signals

================================================================================
CLASSIFICATION PERFORMANCE ASSESSMENT (Tri-State)
================================================================================
--- Detailed Classification Report ---
              precision    recall  f1-score   support

         0.0      0.595     0.739     0.659      5133
         1.0      0.948     0.922     0.934     58766
         2.0      0.639     0.685     0.661      5253

    accuracy                          0.890     69152
   macro avg      0.727     0.782     0.752     69152
weighted avg      0.898     0.890     0.893     69152


--- Confusion Matrix ---
Rows = True, Columns = Predicted
             Sell     Hold      Buy
    Sell     3793     1337        3
    Hold     2580    54154     2032
     Buy        1     1654     3598

--- Qualitative Assessment of Key Metrics ---
Metric                    Score   Assessment                               Trading Context
-------------------------   -------   ----------------------------------------   ------------------------------
Precision (Sell)          0.595   Okay. Acceptable, but needs improvement. Avoid false sell signals (support: 5133.0)
Recall (Sell)             0.739   Good. Reliable performance.              Find all sell opportunities (support: 5133.0)
F1-Score (Sell)           0.659   Good. Reliable performance.              Balanced performance on Sell signal (support: 5133.0)
Precision (Hold)          0.948   Excellent. Very strong performance.      Correctly identify neutral periods (support: 58766.0)
Recall (Hold)             0.922   Excellent. Very strong performance.      Find all neutral periods (support: 58766.0)
F1-Score (Hold)           0.934   Excellent. Very strong performance.      Balanced performance on Hold signal (support: 58766.0)
Precision (Buy)           0.639   Good. Reliable performance.              Avoid false buy signals (support: 5253.0)
Recall (Buy)              0.685   Good. Reliable performance.              Find all buy opportunities (support: 5253.0)
F1-Score (Buy)            0.661   Good. Reliable performance.              Balanced performance on Buy signal (support: 5253.0)

--- Overall Performance Metrics ---

--- Qualitative Assessment of Key Metrics ---
Metric                    Score   Assessment                               Trading Context
-------------------------   -------   ----------------------------------------   ------------------------------
Macro Avg Precision       0.727   Good. Reliable performance.              Average precision across all classes
Macro Avg Recall          0.782   Good. Reliable performance.              Average recall across all classes
Macro Avg F1-Score        0.752   Good. Reliable performance.              Average F1-score across all classes
Weighted Avg Precision    0.898   Excellent. Very strong performance.      Support-weighted average precision
Weighted Avg Recall       0.890   Excellent. Very strong performance.      Support-weighted average recall
Weighted Avg F1-Score     0.893   Excellent. Very strong performance.      Support-weighted average F1-score
MCC                       0.616   Excellent. Strong positive correlation.  Correlation between prediction and reality
Cohen's Kappa             0.614   Substantial. Strong agreement.           Agreement better than random chance

--- Summary and Recommendation ---
🌟 GOOD PERFORMANCE: The model shows strong balance (Macro F1-Score 0.752, Weighted F1-Score 0.893) and reliable correlation (MCC 0.616). All classes performing reasonably well.
================================================================================
    Trading - Sell:
        min: 0.000 max: 0.740, mean: 0.089
        signals > 0.500: 4813 (7.0%)
        counts: [56189, 3914, 1600, 1179, 1457, 3251, 1519, 43, 0, 0, 0]
        percentages: [0.81, 0.06, 0.02, 0.02, 0.02, 0.05, 0.02, 0.0, 0.0, 0.0, 0.0]
        cumulative: [0.81, 0.87, 0.89, 0.91, 0.93, 0.98, 1.0, 1.0, 1.0, 1.0, 1.0]
    Trading - Hold:
        min: 0.195 max: 0.973, mean: 0.822
        signals > 0.500: 59477 (86.0%)
        counts: [0, 2, 314, 3256, 6103, 3581, 2651, 3152, 7741, 42352, 0]
        percentages: [0.0, 0.0, 0.0, 0.05, 0.09, 0.05, 0.04, 0.05, 0.11, 0.61, 0.0]
        cumulative: [0.0, 0.0, 0.0, 0.05, 0.14, 0.19, 0.23, 0.28, 0.39, 1.0, 1.0]
    Trading - Buy:
        min: 0.000 max: 0.803, mean: 0.089
        signals > 0.500: 4641 (6.7%)
        counts: [56575, 3300, 1612, 1217, 1807, 2688, 1685, 266, 2, 0, 0]
        percentages: [0.82, 0.05, 0.02, 0.02, 0.03, 0.04, 0.02, 0.0, 0.0, 0.0, 0.0]
        cumulative: [0.82, 0.87, 0.89, 0.91, 0.93, 0.97, 1.0, 1.0, 1.0, 1.0, 1.0]

LTC/USDT
    Comparing actual vs predicted signals

================================================================================
CLASSIFICATION PERFORMANCE ASSESSMENT (Tri-State)
================================================================================
--- Detailed Classification Report ---
              precision    recall  f1-score   support

         0.0      0.652     0.743     0.694      4221
         1.0      0.962     0.947     0.954     60630
         2.0      0.666     0.718     0.691      4301

    accuracy                          0.920     69152
   macro avg      0.760     0.803     0.780     69152
weighted avg      0.924     0.920     0.922     69152


--- Confusion Matrix ---
Rows = True, Columns = Predicted
             Sell     Hold      Buy
    Sell     3137     1082        2
    Hold     1675    57405     1550
     Buy        1     1211     3089

--- Qualitative Assessment of Key Metrics ---
Metric                    Score   Assessment                               Trading Context
-------------------------   -------   ----------------------------------------   ------------------------------
Precision (Sell)          0.652   Good. Reliable performance.              Avoid false sell signals (support: 4221.0)
Recall (Sell)             0.743   Good. Reliable performance.              Find all sell opportunities (support: 4221.0)
F1-Score (Sell)           0.694   Good. Reliable performance.              Balanced performance on Sell signal (support: 4221.0)
Precision (Hold)          0.962   Excellent. Very strong performance.      Correctly identify neutral periods (support: 60630.0)
Recall (Hold)             0.947   Excellent. Very strong performance.      Find all neutral periods (support: 60630.0)
F1-Score (Hold)           0.954   Excellent. Very strong performance.      Balanced performance on Hold signal (support: 60630.0)
Precision (Buy)           0.666   Good. Reliable performance.              Avoid false buy signals (support: 4301.0)
Recall (Buy)              0.718   Good. Reliable performance.              Find all buy opportunities (support: 4301.0)
F1-Score (Buy)            0.691   Good. Reliable performance.              Balanced performance on Buy signal (support: 4301.0)

--- Overall Performance Metrics ---

--- Qualitative Assessment of Key Metrics ---
Metric                    Score   Assessment                               Trading Context
-------------------------   -------   ----------------------------------------   ------------------------------
Macro Avg Precision       0.760   Good. Reliable performance.              Average precision across all classes
Macro Avg Recall          0.803   Excellent. Very strong performance.      Average recall across all classes
Macro Avg F1-Score        0.780   Good. Reliable performance.              Average F1-score across all classes
Weighted Avg Precision    0.924   Excellent. Very strong performance.      Support-weighted average precision
Weighted Avg Recall       0.920   Excellent. Very strong performance.      Support-weighted average recall
Weighted Avg F1-Score     0.922   Excellent. Very strong performance.      Support-weighted average F1-score
MCC                       0.661   Excellent. Strong positive correlation.  Correlation between prediction and reality
Cohen's Kappa             0.660   Substantial. Strong agreement.           Agreement better than random chance

--- Summary and Recommendation ---
🌟 GOOD PERFORMANCE: The model shows strong balance (Macro F1-Score 0.780, Weighted F1-Score 0.922) and reliable correlation (MCC 0.661). All classes performing reasonably well.
================================================================================
    Trading - Sell:
        min: 0.000 max: 0.769, mean: 0.111
        signals > 0.500: 5322 (7.7%)
        counts: [51847, 4618, 2087, 1798, 3480, 4344, 940, 38, 0, 0, 0]
        percentages: [0.75, 0.07, 0.03, 0.03, 0.05, 0.06, 0.01, 0.0, 0.0, 0.0, 0.0]
        cumulative: [0.75, 0.82, 0.85, 0.87, 0.92, 0.99, 1.0, 1.0, 1.0, 1.0, 1.0]
    Trading - Hold:
        min: 0.207 max: 0.973, mean: 0.786
        signals > 0.500: 59065 (85.4%)
        counts: [0, 0, 132, 1931, 8024, 7670, 4251, 4074, 8422, 34648, 0]
        percentages: [0.0, 0.0, 0.0, 0.03, 0.12, 0.11, 0.06, 0.06, 0.12, 0.5, 0.0]
        cumulative: [0.0, 0.0, 0.0, 0.03, 0.15, 0.26, 0.32, 0.38, 0.5, 1.0, 1.0]
    Trading - Buy:
        min: 0.000 max: 0.793, mean: 0.103
        signals > 0.500: 4399 (6.4%)
        counts: [53268, 3800, 2123, 2001, 3561, 3360, 951, 88, 0, 0, 0]
        percentages: [0.77, 0.05, 0.03, 0.03, 0.05, 0.05, 0.01, 0.0, 0.0, 0.0, 0.0]
        cumulative: [0.77, 0.83, 0.86, 0.88, 0.94, 0.98, 1.0, 1.0, 1.0, 1.0, 1.0]

BCH/USDT
    Comparing actual vs predicted signals

================================================================================
CLASSIFICATION PERFORMANCE ASSESSMENT (Tri-State)
================================================================================
--- Detailed Classification Report ---
              precision    recall  f1-score   support

         0.0      0.571     0.582     0.576      5225
         1.0      0.924     0.928     0.926     59185
         2.0      0.551     0.511     0.530      4742

    accuracy                          0.873     69152
   macro avg      0.682     0.674     0.678     69152
weighted avg      0.872     0.873     0.873     69152


--- Confusion Matrix ---
Rows = True, Columns = Predicted
             Sell     Hold      Buy
    Sell     3039     2177        9
    Hold     2279    54940     1966
     Buy        4     2314     2424

--- Qualitative Assessment of Key Metrics ---
Metric                    Score   Assessment                               Trading Context
-------------------------   -------   ----------------------------------------   ------------------------------
Precision (Sell)          0.571   Okay. Acceptable, but needs improvement. Avoid false sell signals (support: 5225.0)
Recall (Sell)             0.582   Okay. Acceptable, but needs improvement. Find all sell opportunities (support: 5225.0)
F1-Score (Sell)           0.576   Okay. Acceptable, but needs improvement. Balanced performance on Sell signal (support: 5225.0)
Precision (Hold)          0.924   Excellent. Very strong performance.      Correctly identify neutral periods (support: 59185.0)
Recall (Hold)             0.928   Excellent. Very strong performance.      Find all neutral periods (support: 59185.0)
F1-Score (Hold)           0.926   Excellent. Very strong performance.      Balanced performance on Hold signal (support: 59185.0)
Precision (Buy)           0.551   Okay. Acceptable, but needs improvement. Avoid false buy signals (support: 4742.0)
Recall (Buy)              0.511   Okay. Acceptable, but needs improvement. Find all buy opportunities (support: 4742.0)
F1-Score (Buy)            0.530   Okay. Acceptable, but needs improvement. Balanced performance on Buy signal (support: 4742.0)

--- Overall Performance Metrics ---

--- Qualitative Assessment of Key Metrics ---
Metric                    Score   Assessment                               Trading Context
-------------------------   -------   ----------------------------------------   ------------------------------
Macro Avg Precision       0.682   Good. Reliable performance.              Average precision across all classes
Macro Avg Recall          0.674   Good. Reliable performance.              Average recall across all classes
Macro Avg F1-Score        0.678   Good. Reliable performance.              Average F1-score across all classes
Weighted Avg Precision    0.872   Excellent. Very strong performance.      Support-weighted average precision
Weighted Avg Recall       0.873   Excellent. Very strong performance.      Support-weighted average recall
Weighted Avg F1-Score     0.873   Excellent. Very strong performance.      Support-weighted average F1-score
MCC                       0.502   Good. Reliable positive correlation.     Correlation between prediction and reality
Cohen's Kappa             0.502   Moderate. Meaningful agreement.          Agreement better than random chance

--- Summary and Recommendation ---
🌟 GOOD PERFORMANCE: The model shows strong balance (Macro F1-Score 0.678, Weighted F1-Score 0.873) and reliable correlation (MCC 0.502). All classes performing reasonably well.
================================================================================
    Trading - Sell:
        min: 0.000 max: 0.817, mean: 0.110
        signals > 0.500: 5728 (8.3%)
        counts: [52035, 4736, 1977, 1600, 3076, 4273, 1389, 64, 2, 0, 0]
        percentages: [0.75, 0.07, 0.03, 0.02, 0.04, 0.06, 0.02, 0.0, 0.0, 0.0, 0.0]
        cumulative: [0.75, 0.82, 0.85, 0.87, 0.92, 0.98, 1.0, 1.0, 1.0, 1.0, 1.0]
    Trading - Hold:
        min: 0.167 max: 0.973, mean: 0.781
        signals > 0.500: 58015 (83.9%)
        counts: [0, 8, 291, 2918, 7920, 6836, 3922, 4106, 9469, 33682, 0]
        percentages: [0.0, 0.0, 0.0, 0.04, 0.11, 0.1, 0.06, 0.06, 0.14, 0.49, 0.0]
        cumulative: [0.0, 0.0, 0.0, 0.05, 0.16, 0.26, 0.32, 0.38, 0.51, 1.0, 1.0]
    Trading - Buy:
        min: 0.000 max: 0.833, mean: 0.108
        signals > 0.500: 5135 (7.4%)
        counts: [52497, 4093, 2147, 1933, 3347, 3445, 1462, 223, 5, 0, 0]
        percentages: [0.76, 0.06, 0.03, 0.03, 0.05, 0.05, 0.02, 0.0, 0.0, 0.0, 0.0]
        cumulative: [0.76, 0.82, 0.85, 0.88, 0.93, 0.98, 1.0, 1.0, 1.0, 1.0, 1.0]

DOT/USDT
    Comparing actual vs predicted signals

================================================================================
CLASSIFICATION PERFORMANCE ASSESSMENT (Tri-State)
================================================================================
--- Detailed Classification Report ---
              precision    recall  f1-score   support

         0.0      0.577     0.653     0.613      5066
         1.0      0.932     0.924     0.928     58812
         2.0      0.600     0.585     0.592      5274

    accuracy                          0.878     69152
   macro avg      0.703     0.720     0.711     69152
weighted avg      0.881     0.878     0.879     69152


--- Confusion Matrix ---
Rows = True, Columns = Predicted
             Sell     Hold      Buy
    Sell     3306     1755        5
    Hold     2416    54349     2047
     Buy        6     2185     3083

--- Qualitative Assessment of Key Metrics ---
Metric                    Score   Assessment                               Trading Context
-------------------------   -------   ----------------------------------------   ------------------------------
Precision (Sell)          0.577   Okay. Acceptable, but needs improvement. Avoid false sell signals (support: 5066.0)
Recall (Sell)             0.653   Good. Reliable performance.              Find all sell opportunities (support: 5066.0)
F1-Score (Sell)           0.613   Good. Reliable performance.              Balanced performance on Sell signal (support: 5066.0)
Precision (Hold)          0.932   Excellent. Very strong performance.      Correctly identify neutral periods (support: 58812.0)
Recall (Hold)             0.924   Excellent. Very strong performance.      Find all neutral periods (support: 58812.0)
F1-Score (Hold)           0.928   Excellent. Very strong performance.      Balanced performance on Hold signal (support: 58812.0)
Precision (Buy)           0.600   Good. Reliable performance.              Avoid false buy signals (support: 5274.0)
Recall (Buy)              0.585   Okay. Acceptable, but needs improvement. Find all buy opportunities (support: 5274.0)
F1-Score (Buy)            0.592   Okay. Acceptable, but needs improvement. Balanced performance on Buy signal (support: 5274.0)

--- Overall Performance Metrics ---

--- Qualitative Assessment of Key Metrics ---
Metric                    Score   Assessment                               Trading Context
-------------------------   -------   ----------------------------------------   ------------------------------
Macro Avg Precision       0.703   Good. Reliable performance.              Average precision across all classes
Macro Avg Recall          0.720   Good. Reliable performance.              Average recall across all classes
Macro Avg F1-Score        0.711   Good. Reliable performance.              Average F1-score across all classes
Weighted Avg Precision    0.881   Excellent. Very strong performance.      Support-weighted average precision
Weighted Avg Recall       0.878   Excellent. Very strong performance.      Support-weighted average recall
Weighted Avg F1-Score     0.879   Excellent. Very strong performance.      Support-weighted average F1-score
MCC                       0.552   Good. Reliable positive correlation.     Correlation between prediction and reality
Cohen's Kappa             0.552   Moderate. Meaningful agreement.          Agreement better than random chance

--- Summary and Recommendation ---
🌟 GOOD PERFORMANCE: The model shows strong balance (Macro F1-Score 0.711, Weighted F1-Score 0.879) and reliable correlation (MCC 0.552). All classes performing reasonably well.
================================================================================
    Trading - Sell:
        min: 0.000 max: 0.820, mean: 0.139
        signals > 0.500: 5453 (7.9%)
        counts: [48078, 3650, 1934, 2120, 7917, 4685, 713, 49, 6, 0, 0]
        percentages: [0.7, 0.05, 0.03, 0.03, 0.11, 0.07, 0.01, 0.0, 0.0, 0.0, 0.0]
        cumulative: [0.7, 0.75, 0.78, 0.81, 0.92, 0.99, 1.0, 1.0, 1.0, 1.0, 1.0]
    Trading - Hold:
        min: 0.033 max: 0.973, mean: 0.737
        signals > 0.500: 59433 (85.9%)
        counts: [4, 13, 143, 1499, 8060, 16753, 5169, 3454, 6267, 27790, 0]
        percentages: [0.0, 0.0, 0.0, 0.02, 0.12, 0.24, 0.07, 0.05, 0.09, 0.4, 0.0]
        cumulative: [0.0, 0.0, 0.0, 0.02, 0.14, 0.38, 0.46, 0.51, 0.6, 1.0, 1.0]
    Trading - Buy:
        min: 0.000 max: 0.967, mean: 0.123
        signals > 0.500: 3803 (5.5%)
        counts: [49944, 2715, 1993, 2696, 8001, 2966, 736, 90, 7, 4, 0]
        percentages: [0.72, 0.04, 0.03, 0.04, 0.12, 0.04, 0.01, 0.0, 0.0, 0.0, 0.0]
        cumulative: [0.72, 0.76, 0.79, 0.83, 0.95, 0.99, 1.0, 1.0, 1.0, 1.0, 1.0]

NEO/USDT
    Comparing actual vs predicted signals

================================================================================
CLASSIFICATION PERFORMANCE ASSESSMENT (Tri-State)
================================================================================
--- Detailed Classification Report ---
              precision    recall  f1-score   support

         0.0      0.436     0.447     0.442      5318
         1.0      0.902     0.911     0.907     59289
         2.0      0.424     0.354     0.386      4545

    accuracy                          0.839     69152
   macro avg      0.587     0.571     0.578     69152
weighted avg      0.835     0.839     0.837     69152


--- Confusion Matrix ---
Rows = True, Columns = Predicted
             Sell     Hold      Buy
    Sell     2378     2936        4
    Hold     3072    54029     21882026-05-29 08:49:41,932 - freqtrade.misc - INFO - dumping json to "/Users/philprice95/projects/freqtrade/user_data/backtest_results/backtest-result-2026-05-29_08-49-41.meta.json"

     Buy        3     2931     1611

--- Qualitative Assessment of Key Metrics ---
Metric                    Score   Assessment                               Trading Context
-------------------------   -------   ----------------------------------------   ------------------------------
Precision (Sell)          0.436   Okay. Acceptable, but needs improvement. Avoid false sell signals (support: 5318.0)
Recall (Sell)             0.447   Okay. Acceptable, but needs improvement. Find all sell opportunities (support: 5318.0)
F1-Score (Sell)           0.442   Okay. Acceptable, but needs improvement. Balanced performance on Sell signal (support: 5318.0)
Precision (Hold)          0.902   Excellent. Very strong performance.      Correctly identify neutral periods (support: 59289.0)
Recall (Hold)             0.911   Excellent. Very strong performance.      Find all neutral periods (support: 59289.0)
F1-Score (Hold)           0.907   Excellent. Very strong performance.      Balanced performance on Hold signal (support: 59289.0)
Precision (Buy)           0.424   Okay. Acceptable, but needs improvement. Avoid false buy signals (support: 4545.0)
Recall (Buy)              0.354   Poor. Significant room for improvement.  Find all buy opportunities (support: 4545.0)
F1-Score (Buy)            0.386   Poor. Significant room for improvement.  Balanced performance on Buy signal (support: 4545.0)

--- Overall Performance Metrics ---

--- Qualitative Assessment of Key Metrics ---
Metric                    Score   Assessment                               Trading Context
-------------------------   -------   ----------------------------------------   ------------------------------
Macro Avg Precision       0.587   Okay. Acceptable, but needs improvement. Average precision across all classes
Macro Avg Recall          0.571   Okay. Acceptable, but needs improvement. Average recall across all classes
Macro Avg F1-Score        0.578   Okay. Acceptable, but needs improvement. Average F1-score across all classes
Weighted Avg Precision    0.835   Excellent. Very strong performance.      Support-weighted average precision
Weighted Avg Recall       0.839   Excellent. Very strong performance.      Support-weighted average recall
Weighted Avg F1-Score     0.837   Excellent. Very strong performance.      Support-weighted average F1-score
MCC                       0.350   Okay. Weak but meaningful correlation.   Correlation between prediction and reality
Cohen's Kappa             0.350   Fair. Weak agreement.                    Agreement better than random chance

--- Summary and Recommendation ---
⚠️ CONCERN: Buy class recall is only 0.354. The model is missing over 64% of available 'Buy' signals. **Priority: Improve Buy Recall and overall F1.**
================================================================================
Result for strategy NNNC_DDPM_MLX_LSTM
                                              BACKTESTING REPORT                                              
┏━━━━━━━━━━━┳━━━━━━━━┳━━━━━━━━━━━━━━┳━━━━━━━━━━━━━━━━━┳━━━━━━━━━━━━━━┳━━━━━━━━━━━━━━┳━━━━━━━━━━━━━━━━━━━━━━━━┓
┃      Pair ┃ Trades ┃ Avg Profit % ┃ Tot Profit USDT ┃ Tot Profit % ┃ Avg Duration ┃  Win  Draw  Loss  Win% ┃
┡━━━━━━━━━━━╇━━━━━━━━╇━━━━━━━━━━━━━━╇━━━━━━━━━━━━━━━━━╇━━━━━━━━━━━━━━╇━━━━━━━━━━━━━━╇━━━━━━━━━━━━━━━━━━━━━━━━┩
│  XRP/USDT │    202 │          0.3 │         541.022 │         5.41 │      3:53:00 │  121     0    81  59.9 │
│  SUI/USDT │    146 │         0.26 │         336.464 │         3.36 │      3:47:00 │   78     0    68  53.4 │
│ DASH/USDT │      6 │         3.98 │         215.060 │         2.15 │      1:25:00 │    6     0     0   100 │
│  ZEC/USDT │    107 │         0.22 │         210.908 │         2.11 │      2:50:00 │   55     0    52  51.4 │
│  SOL/USDT │    182 │         0.08 │         135.659 │         1.36 │      5:02:00 │  101     0    81  55.5 │
│  DOT/USDT │     34 │         0.24 │          74.548 │         0.75 │      2:34:00 │   19     0    15  55.9 │
│ LINK/USDT │     85 │         0.06 │          43.630 │         0.44 │      3:15:00 │   40     0    45  47.1 │
│  NEO/USDT │      2 │         -0.0 │          -0.086 │         -0.0 │      1:52:00 │    1     0     1  50.0 │
│  BCH/USDT │      5 │        -0.06 │          -2.706 │        -0.03 │      2:57:00 │    2     0     3  40.0 │
│ NEAR/USDT │     20 │        -0.27 │         -49.265 │        -0.49 │      2:13:00 │   12     0     8  60.0 │
│ AAVE/USDT │     18 │        -0.44 │         -71.090 │        -0.71 │      1:48:00 │   10     0     8  55.6 │
│  LTC/USDT │     82 │        -0.11 │         -84.363 │        -0.84 │      3:05:00 │   40     0    42  48.8 │
│ AVAX/USDT │     56 │        -0.53 │        -265.025 │        -2.65 │      2:24:00 │   24     0    32  42.9 │
│     TOTAL │    945 │         0.13 │        1084.755 │        10.85 │      3:36:00 │  509     0   436  53.9 │
└───────────┴────────┴──────────────┴─────────────────┴──────────────┴──────────────┴────────────────────────┘
                                         LEFT OPEN TRADES REPORT                                          
┏━━━━━━━┳━━━━━━━━┳━━━━━━━━━━━━━━┳━━━━━━━━━━━━━━━━━┳━━━━━━━━━━━━━━┳━━━━━━━━━━━━━━┳━━━━━━━━━━━━━━━━━━━━━━━━┓
┃  Pair ┃ Trades ┃ Avg Profit % ┃ Tot Profit USDT ┃ Tot Profit % ┃ Avg Duration ┃  Win  Draw  Loss  Win% ┃
┡━━━━━━━╇━━━━━━━━╇━━━━━━━━━━━━━━╇━━━━━━━━━━━━━━━━━╇━━━━━━━━━━━━━━╇━━━━━━━━━━━━━━╇━━━━━━━━━━━━━━━━━━━━━━━━┩
│ TOTAL │      0 │          0.0 │           0.000 │          0.0 │         0:00 │    0     0     0     0 │
└───────┴────────┴──────────────┴─────────────────┴──────────────┴──────────────┴────────────────────────┘
                                                 ENTER TAG STATS                                                  
┏━━━━━━━━━━━━━━┳━━━━━━━━━┳━━━━━━━━━━━━━━┳━━━━━━━━━━━━━━━━━┳━━━━━━━━━━━━━━┳━━━━━━━━━━━━━━┳━━━━━━━━━━━━━━━━━━━━━━━━┓
┃    Enter Tag ┃ Entries ┃ Avg Profit % ┃ Tot Profit USDT ┃ Tot Profit % ┃ Avg Duration ┃  Win  Draw  Loss  Win% ┃
┡━━━━━━━━━━━━━━╇━━━━━━━━━╇━━━━━━━━━━━━━━╇━━━━━━━━━━━━━━━━━╇━━━━━━━━━━━━━━╇━━━━━━━━━━━━━━╇━━━━━━━━━━━━━━━━━━━━━━━━┩
│  model_entry │     945 │         0.13 │        1084.755 │        10.85 │      3:36:00 │  509     0   436  53.9 │
│        TOTAL │     945 │         0.13 │        1084.755 │        10.85 │      3:36:00 │  509     0   436  53.9 │
└──────────────┴─────────┴──────────────┴─────────────────┴──────────────┴──────────────┴────────────────────────┘
                                                EXIT REASON STATS                                                
┏━━━━━━━━━━━━━┳━━━━━━━┳━━━━━━━━━━━━━━┳━━━━━━━━━━━━━━━━━┳━━━━━━━━━━━━━━┳━━━━━━━━━━━━━━━━┳━━━━━━━━━━━━━━━━━━━━━━━━┓
┃ Exit Reason ┃ Exits ┃ Avg Profit % ┃ Tot Profit USDT ┃ Tot Profit % ┃   Avg Duration ┃  Win  Draw  Loss  Win% ┃
┡━━━━━━━━━━━━━╇━━━━━━━╇━━━━━━━━━━━━━━╇━━━━━━━━━━━━━━━━━╇━━━━━━━━━━━━━━╇━━━━━━━━━━━━━━━━╇━━━━━━━━━━━━━━━━━━━━━━━━┩
│ take_profit │   361 │         2.91 │        9475.901 │        94.76 │        2:42:00 │  361     0     0   100 │
│         roi │    93 │          3.0 │        2513.156 │        25.13 │        3:06:00 │   93     0     0   100 │
│  model_exit │    22 │         1.79 │         354.907 │         3.55 │        7:03:00 │   22     0     0   100 │
│  unclog_12h │    32 │         0.89 │         257.327 │         2.57 │       13:23:00 │   32     0     0   100 │
│   unclog_1d │     1 │         0.15 │           1.359 │         0.01 │ 1 day, 2:45:00 │    1     0     0   100 │
│   stop_loss │   436 │        -2.93 │      -11517.895 │      -115.18 │        3:32:00 │    0     0   436     0 │
│       TOTAL │   945 │         0.13 │        1084.755 │        10.85 │        3:36:00 │  509     0   436  53.9 │
└─────────────┴───────┴──────────────┴─────────────────┴──────────────┴────────────────┴────────────────────────┘
                                                         MIXED TAG STATS                                                         
┏━━━━━━━━━━━━━━┳━━━━━━━━━━━━━┳━━━━━━━━┳━━━━━━━━━━━━━━┳━━━━━━━━━━━━━━━━━┳━━━━━━━━━━━━━━┳━━━━━━━━━━━━━━━━┳━━━━━━━━━━━━━━━━━━━━━━━━┓
┃    Enter Tag ┃ Exit Reason ┃ Trades ┃ Avg Profit % ┃ Tot Profit USDT ┃ Tot Profit % ┃   Avg Duration ┃  Win  Draw  Loss  Win% ┃
┡━━━━━━━━━━━━━━╇━━━━━━━━━━━━━╇━━━━━━━━╇━━━━━━━━━━━━━━╇━━━━━━━━━━━━━━━━━╇━━━━━━━━━━━━━━╇━━━━━━━━━━━━━━━━╇━━━━━━━━━━━━━━━━━━━━━━━━┩
│  model_entry │ take_profit │    361 │         2.91 │        9475.901 │        94.76 │        2:42:00 │  361     0     0   100 │
│  model_entry │         roi │     93 │          3.0 │        2513.156 │        25.13 │        3:06:00 │   93     0     0   100 │
│  model_entry │  model_exit │     22 │         1.79 │         354.907 │         3.55 │        7:03:00 │   22     0     0   100 │
│  model_entry │  unclog_12h │     32 │         0.89 │         257.327 │         2.57 │       13:23:00 │   32     0     0   100 │
│  model_entry │   unclog_1d │      1 │         0.15 │           1.359 │         0.01 │ 1 day, 2:45:00 │    1     0     0   100 │
│  model_entry │   stop_loss │    436 │        -2.93 │      -11517.895 │      -115.18 │        3:32:00 │    0     0   436     0 │
│        TOTAL │             │    945 │         0.13 │        1084.755 │        10.85 │        3:36:00 │  509     0   436  53.9 │
└──────────────┴─────────────┴────────┴──────────────┴─────────────────┴──────────────┴────────────────┴────────────────────────┘
                                 MONTH BREAKDOWN                                  
┏━━━━━━━━━━━━┳━━━━━━━━┳━━━━━━━━━━━━━━━━━┳━━━━━━━━━━━━━━━┳━━━━━━━━━━━━━━━━━━━━━━━━┓
┃      Month ┃ Trades ┃ Tot Profit USDT ┃ Profit Factor ┃  Win  Draw  Loss  Win% ┃
┡━━━━━━━━━━━━╇━━━━━━━━╇━━━━━━━━━━━━━━━━━╇━━━━━━━━━━━━━━━╇━━━━━━━━━━━━━━━━━━━━━━━━┩
│ 30/06/2024 │      8 │          36.553 │          1.56 │    5     0     3  62.5 │
│ 31/07/2024 │     14 │         -20.532 │          0.88 │    7     0     7  50.0 │
│ 31/08/2024 │     37 │        -157.476 │          0.76 │   16     0    21  43.2 │
│ 30/09/2024 │      6 │          36.426 │           1.9 │    4     0     2  66.7 │
│ 31/10/2024 │     22 │         -21.753 │          0.92 │   12     0    10  54.5 │
│ 30/11/2024 │    102 │          611.76 │          1.68 │   65     0    37  63.7 │
│ 31/12/2024 │    175 │         264.965 │          1.13 │   97     0    78  55.4 │
│ 31/01/2025 │     84 │         461.303 │          1.66 │   53     0    31  63.1 │
│ 28/02/2025 │    104 │        -382.019 │          0.75 │   51     0    53  49.0 │
│ 31/03/2025 │     54 │         -88.553 │          0.88 │   25     0    29  46.3 │
│ 30/04/2025 │     27 │        -130.907 │          0.67 │   12     0    15  44.4 │
│ 31/05/2025 │     17 │         -51.929 │          0.74 │    8     0     9  47.1 │
│ 30/06/2025 │      3 │          58.837 │           0.0 │    3     0     0   100 │
│ 31/07/2025 │     30 │           -1.67 │          0.99 │   16     0    14  53.3 │
│ 31/08/2025 │     24 │         -40.489 │          0.83 │   12     0    12  50.0 │
│ 30/09/2025 │      3 │          18.258 │          1.93 │    2     0     1  66.7 │
│ 31/10/2025 │     57 │         259.564 │          1.32 │   29     0    28  50.9 │
│ 30/11/2025 │     95 │         391.483 │          1.31 │   51     0    44  53.7 │
│ 31/12/2025 │     18 │         -71.696 │          0.73 │    9     0     9  50.0 │
│ 31/01/2026 │     15 │          56.936 │          1.34 │   10     0     5  66.7 │
│ 28/02/2026 │     32 │         -28.552 │          0.94 │   15     0    17  46.9 │
│ 31/03/2026 │      1 │           5.242 │           0.0 │    1     0     0   100 │
│ 30/04/2026 │      2 │          -7.069 │          0.64 │    1     0     1  50.0 │
│ 31/05/2026 │     15 │        -113.928 │           0.5 │    5     0    10  33.3 │
└────────────┴────────┴─────────────────┴───────────────┴────────────────────────┘
                                   SUMMARY METRICS                                    
┏━━━━━━━━━━━━━━━━━━━━━━━━━━━━━━━━━━━━━━━━┳━━━━━━━━━━━━━━━━━━━━━━━━━━━━━━━━━━━━━━━━━━━┓
┃ Metric                                 ┃ Value                                     ┃
┡━━━━━━━━━━━━━━━━━━━━━━━━━━━━━━━━━━━━━━━━╇━━━━━━━━━━━━━━━━━━━━━━━━━━━━━━━━━━━━━━━━━━━┩
│ Backtesting from                       │ 2024-06-08 00:00:00                       │
│ Backtesting to                         │ 2026-05-28 15:45:00                       │
│ Trading Mode                           │ Spot                                      │
│ Max open trades                        │ 10                                        │
│                                        │                                           │
│ Total/Daily Avg Trades                 │ 945 / 1.31                                │
│ Starting balance                       │ 10000 USDT                                │
│ Final balance                          │ 11084.755 USDT                            │
│ Absolute profit                        │ 1084.755 USDT                             │
│ Total profit %                         │ 10.85%                                    │
│ CAGR %                                 │ 5.37%                                     │
│ Sharpe (closed trades)                 │ 1.00                                      │
│ Sortino (closed trades)                │ 2.17                                      │
│ Calmar (closed trades)                 │ 4.08                                      │
│ SQN                                    │ 1.22                                      │
│ Profit factor                          │ 1.09                                      │
│ Expectancy (Ratio)                     │ 1.15 (0.04)                               │
│ Avg. daily profit                      │ 1.509 USDT                                │
│ Avg. stake amount                      │ 899.878 USDT                              │
│ Market change                          │ 138.98%                                   │
│ Total trade volume                     │ 1705261.88 USDT                           │
│                                        │                                           │
│ Best Pair                              │ XRP/USDT 5.41%                            │
│ Worst Pair                             │ AVAX/USDT -2.65%                          │
│ Best trade                             │ XRP/USDT 15.25%                           │
│ Worst trade                            │ LTC/USDT -17.45%                          │
│ Best day                               │ 286.655 USDT                              │
│ Worst day                              │ -357.23 USDT                              │
│ Days win/draw/lose                     │ 159 / 451 / 104                           │
│ Min/Max/Avg. Duration Winners          │ 0d 01:00 / 1d 02:45 / 0d 03:41            │
│ Min/Max/Avg. Duration Losers           │ 0d 01:00 / 0d 21:30 / 0d 03:32            │
│ Max Consecutive Wins / Loss            │ 12 / 12                                   │
│ Rejected Entry signals                 │ 1                                         │
│ Entry/Exit Timeouts                    │ 0 / 0                                     │
│                                        │                                           │
│ Min/Max balance (closed trades)        │ 9533.041 USDT / 11331.675 USDT            │
│ Max % of account underwater            │ 7.06%                                     │
│ Absolute drawdown                      │ 797.25 USDT (7.06%)                       │
│ Drawdown duration                      │ 63 days 07:30:00                          │
│ Profit at drawdown start               │ 1287.838 USDT                             │
│ Profit at drawdown end                 │ 490.588 USDT                              │
│ Drawdown start                         │ 2025-02-03 00:00:00                       │
│ Drawdown end                           │ 2025-04-07 07:30:00                       │
│                                        │                                           │
│ Wallet based Metrics                   │                                           │
│ Min/Max balance (wallet balance)       │ 9503.033 USDT / 11350.519 USDT            │
│ Min/Max balance dates (wallet balance) │ 2024-08-05 06:45:00 / 2026-02-04 22:30:00 │
│ Max % of account underwater (balance)  │ 7.48%                                     │
│ Absolute drawdown (wallet balance)     │ 846.872 USDT (7.48%)                      │
│ Drawdown duration                      │ 249 days 21:30:00                         │
│ Profit at drawdown start               │ 1322.241 USDT                             │
│ Profit at drawdown end                 │ 475.369 USDT                              │
│ Drawdown start                         │ 2025-02-03 00:00:00                       │
│ Drawdown end                           │ 2025-10-10 21:30:00                       │
│ Sharpe (daily wallet balance)          │ 0.79                                      │
│ Sortino (daily wallet balance)         │ 0.55                                      │
│ Calmar (daily wallet balance)          │ 3.85                                      │
└────────────────────────────────────────┴───────────────────────────────────────────┘

Backtested 2024-06-08 00:00:00 -> 2026-05-28 15:45:00 | Max open trades : 10
                                                              STRATEGY SUMMARY                                                              
┏━━━━━━━━━━━━━━━━━━━━┳━━━━━━━━┳━━━━━━━━━━━━━━┳━━━━━━━━━━━━━━━━━┳━━━━━━━━━━━━━━┳━━━━━━━━━━━━━━┳━━━━━━━━━━━━━━━━━━━━━━━━┳━━━━━━━━━━━━━━━━━━━━┓
┃           Strategy ┃ Trades ┃ Avg Profit % ┃ Tot Profit USDT ┃ Tot Profit % ┃ Avg Duration ┃  Win  Draw  Loss  Win% ┃           Drawdown ┃
┡━━━━━━━━━━━━━━━━━━━━╇━━━━━━━━╇━━━━━━━━━━━━━━╇━━━━━━━━━━━━━━━━━╇━━━━━━━━━━━━━━╇━━━━━━━━━━━━━━╇━━━━━━━━━━━━━━━━━━━━━━━━╇━━━━━━━━━━━━━━━━━━━━┩
│ NNNC_DDPM_MLX_LSTM │    945 │         0.13 │        1084.755 │        10.85 │      3:36:00 │  509     0   436  53.9 │ 797.25 USDT  7.06% │
└────────────────────┴────────┴──────────────┴─────────────────┴──────────────┴──────────────┴────────────────────────┴────────────────────┘

