2026-05-29 07:16:03,134 - freqtrade - INFO - freqtrade 2026.4-dev-63819fa7e
2026-05-29 07:16:03,636 - numexpr.utils - INFO - NumExpr defaulting to 14 threads.

Using config file: user_data/strategies/config/config.json and Strategy dir: user_data/strategies/NNNC

Fri May 29 07:16:04 PDT 2026
Testing strategy:NNNC_DDPM_MLX_LSTM for exchange:...
freqtrade backtesting --cache none  --breakdown month --timerange=20240608-20260529 -c user_data/strategies/config/config.json --strategy-path user_data/strategies/NNNC --strategy-list NNNC_DDPM_MLX_LSTM
2026-05-29 07:16:04,662 - freqtrade - INFO - freqtrade 2026.4-dev-63819fa7e
2026-05-29 07:16:04,812 - numexpr.utils - INFO - NumExpr defaulting to 14 threads.
2026-05-29 07:16:05,402 - freqtrade.configuration.load_config - INFO - Using config: user_data/strategies/config/config.json ...
2026-05-29 07:16:05,403 - freqtrade.loggers - INFO - Enabling colorized output.
2026-05-29 07:16:05,403 - freqtrade.loggers - INFO - Logfile configured
2026-05-29 07:16:05,403 - freqtrade.loggers - INFO - Verbosity set to 0
2026-05-29 07:16:05,404 - freqtrade.configuration.configuration - INFO - Using additional Strategy lookup path: user_data/strategies/NNNC
2026-05-29 07:16:05,404 - freqtrade.configuration.configuration - INFO - Using max_open_trades: 10 ...
2026-05-29 07:16:05,404 - freqtrade.configuration.configuration - INFO - Parameter --timerange detected: 20240608-20260529 ...
2026-05-29 07:16:05,404 - freqtrade.configuration.configuration - INFO - Using user-data directory: /Users/philprice95/projects/freqtrade/user_data ...
2026-05-29 07:16:05,404 - freqtrade.configuration.configuration - INFO - Using data directory: /Users/philprice95/projects/freqtrade/user_data/data/binanceus ...
2026-05-29 07:16:05,404 - freqtrade.configuration.configuration - INFO - Using strategy list of 1 strategies
2026-05-29 07:16:05,404 - freqtrade.configuration.configuration - INFO - Parameter --breakdown detected ...
2026-05-29 07:16:05,404 - freqtrade.configuration.configuration - INFO - Parameter --cache=none detected ...
2026-05-29 07:16:05,404 - freqtrade.configuration.configuration - INFO - Filter trades by timerange: 20240608-20260529
2026-05-29 07:16:05,405 - freqtrade.exchange.check_exchange - INFO - Checking exchange...
2026-05-29 07:16:05,411 - freqtrade.exchange.check_exchange - INFO - Exchange "binanceus" is officially supported by the Freqtrade development team.
2026-05-29 07:16:05,411 - freqtrade.configuration.configuration - INFO - Using pairlist from configuration.
2026-05-29 07:16:05,412 - freqtrade.configuration.config_validation - INFO - Validating configuration ...
2026-05-29 07:16:05,413 - freqtrade.commands.optimize_commands - INFO - Starting freqtrade in Backtesting mode
2026-05-29 07:16:05,413 - freqtrade.exchange.exchange - INFO - Instance is running with dry_run enabled
2026-05-29 07:16:05,413 - freqtrade.exchange.exchange - INFO - Using CCXT 4.5.50
2026-05-29 07:16:05,422 - freqtrade.exchange.exchange - INFO - Using Exchange "Binance US"
2026-05-29 07:16:05,731 - freqtrade.resolvers.exchange_resolver - INFO - Using resolved exchange 'Binanceus'...
/Users/philprice95/projects/freqtrade/.venv/lib/python3.12/site-packages/_distutils_hack/__init__.py:15: UserWarning: Distutils was imported before Setuptools, but importing Setuptools also replaces the `distutils` module in `sys.modules`. This may lead to undesirable behaviors or errors. To avoid these issues, avoid using distutils directly, ensure that setuptools is installed in the traditional way (e.g. not an editable install), and/or make sure that setuptools is always imported before distutils.
  warnings.warn(
/Users/philprice95/projects/freqtrade/.venv/lib/python3.12/site-packages/_distutils_hack/__init__.py:30: UserWarning: Setuptools is replacing distutils. Support for replacing an already imported distutils is deprecated. In the future, this condition will fail. Register concerns at https://github.com/pypa/setuptools/issues/new?template=distutils-deprecation.yml
  warnings.warn(
2026-05-29 07:16:08,431 - freqtrade.resolvers.iresolver - INFO - Using resolved strategy NNNC_DDPM_MLX_LSTM from 
'/Users/philprice95/projects/freqtrade/user_data/strategies/NNNC/NNNC_DDPM_MLX_LSTM.py'...
2026-05-29 07:16:08,432 - freqtrade.strategy.hyper - INFO - Found no parameter file.
2026-05-29 07:16:08,432 - freqtrade.resolvers.strategy_resolver - INFO - Override strategy 'timeframe' with value from the configuration: 15m.
2026-05-29 07:16:08,432 - freqtrade.resolvers.strategy_resolver - INFO - Override strategy 'order_types' with value from the configuration: {'entry': 'limit', 'exit': 'market', 'emergency_exit': 
'market', 'force_exit': 'market', 'force_entry': 'market', 'stoploss': 'market', 'stoploss_on_exchange': False, 'stoploss_price_type': 'last', 'stoploss_on_exchange_interval': 60, 
'stoploss_on_exchange_limit_ratio': 0.99}.
2026-05-29 07:16:08,432 - freqtrade.resolvers.strategy_resolver - INFO - Override strategy 'stake_currency' with value from the configuration: USDT.
2026-05-29 07:16:08,433 - freqtrade.resolvers.strategy_resolver - INFO - Override strategy 'stake_amount' with value from the configuration: 900.
2026-05-29 07:16:08,433 - freqtrade.resolvers.strategy_resolver - INFO - Override strategy 'unfilledtimeout' with value from the configuration: {'entry': 10, 'exit': 10, 'exit_timeout_count': 0, 
'unit': 'minutes'}.
2026-05-29 07:16:08,433 - freqtrade.resolvers.strategy_resolver - INFO - Override strategy 'max_open_trades' with value from the configuration: 10.
2026-05-29 07:16:08,433 - freqtrade.resolvers.strategy_resolver - INFO - Strategy using minimal_roi: {'0': 0.03}
2026-05-29 07:16:08,433 - freqtrade.resolvers.strategy_resolver - INFO - Strategy using timeframe: 15m
2026-05-29 07:16:08,433 - freqtrade.resolvers.strategy_resolver - INFO - Strategy using stoploss: -0.05
2026-05-29 07:16:08,433 - freqtrade.resolvers.strategy_resolver - INFO - Strategy using trailing_stop: False
2026-05-29 07:16:08,433 - freqtrade.resolvers.strategy_resolver - INFO - Strategy using trailing_stop_positive: 0.01
2026-05-29 07:16:08,433 - freqtrade.resolvers.strategy_resolver - INFO - Strategy using trailing_stop_positive_offset: 0.03
2026-05-29 07:16:08,433 - freqtrade.resolvers.strategy_resolver - INFO - Strategy using trailing_only_offset_is_reached: True
2026-05-29 07:16:08,434 - freqtrade.resolvers.strategy_resolver - INFO - Strategy using use_custom_stoploss: True
2026-05-29 07:16:08,434 - freqtrade.resolvers.strategy_resolver - INFO - Strategy using process_only_new_candles: True
2026-05-29 07:16:08,434 - freqtrade.resolvers.strategy_resolver - INFO - Strategy using order_types: {'entry': 'limit', 'exit': 'market', 'emergency_exit': 'market', 'force_exit': 'market', 
'force_entry': 'market', 'stoploss': 'market', 'stoploss_on_exchange': False, 'stoploss_price_type': 'last', 'stoploss_on_exchange_interval': 60, 'stoploss_on_exchange_limit_ratio': 0.99}
2026-05-29 07:16:08,434 - freqtrade.resolvers.strategy_resolver - INFO - Strategy using order_time_in_force: {'entry': 'GTC', 'exit': 'GTC'}
2026-05-29 07:16:08,434 - freqtrade.resolvers.strategy_resolver - INFO - Strategy using stake_currency: USDT
2026-05-29 07:16:08,434 - freqtrade.resolvers.strategy_resolver - INFO - Strategy using stake_amount: 900
2026-05-29 07:16:08,434 - freqtrade.resolvers.strategy_resolver - INFO - Strategy using startup_candle_count: 64
2026-05-29 07:16:08,434 - freqtrade.resolvers.strategy_resolver - INFO - Strategy using unfilledtimeout: {'entry': 10, 'exit': 10, 'exit_timeout_count': 0, 'unit': 'minutes'}
2026-05-29 07:16:08,434 - freqtrade.resolvers.strategy_resolver - INFO - Strategy using use_exit_signal: True
2026-05-29 07:16:08,434 - freqtrade.resolvers.strategy_resolver - INFO - Strategy using exit_profit_only: True
2026-05-29 07:16:08,434 - freqtrade.resolvers.strategy_resolver - INFO - Strategy using ignore_roi_if_entry_signal: True
2026-05-29 07:16:08,435 - freqtrade.resolvers.strategy_resolver - INFO - Strategy using exit_profit_offset: 0.0
2026-05-29 07:16:08,435 - freqtrade.resolvers.strategy_resolver - INFO - Strategy using disable_dataframe_checks: False
2026-05-29 07:16:08,435 - freqtrade.resolvers.strategy_resolver - INFO - Strategy using ignore_buying_expired_candle_after: 0
2026-05-29 07:16:08,435 - freqtrade.resolvers.strategy_resolver - INFO - Strategy using position_adjustment_enable: False
2026-05-29 07:16:08,435 - freqtrade.resolvers.strategy_resolver - INFO - Strategy using max_entry_position_adjustment: -1
2026-05-29 07:16:08,435 - freqtrade.resolvers.strategy_resolver - INFO - Strategy using max_open_trades: 10
2026-05-29 07:16:08,435 - freqtrade.configuration.config_validation - INFO - Validating configuration ...
2026-05-29 07:16:08,439 - freqtrade.resolvers.iresolver - INFO - Using resolved pairlist StaticPairList from '/Users/philprice95/projects/freqtrade/freqtrade/plugins/pairlist/StaticPairList.py'...
2026-05-29 07:16:08,442 - freqtrade.optimize.backtesting - INFO - Using fee 0.1000% - worst case fee from exchange (lowest tier).
2026-05-29 07:16:08,548 - freqtrade.data.history.datahandlers.idatahandler - WARNING - ZEC/USDT, spot, 15m, data ends at 2026-05-27 17:15:00
2026-05-29 07:16:08,553 - freqtrade.data.history.datahandlers.idatahandler - INFO - Price jump in ZEC/USDT, 15m, spot between two candles of 33.14% detected.
2026-05-29 07:16:08,564 - freqtrade.data.history.datahandlers.idatahandler - WARNING - XRP/USDT, spot, 15m, data ends at 2026-05-27 17:15:00
2026-05-29 07:16:08,579 - freqtrade.data.history.datahandlers.idatahandler - WARNING - SOL/USDT, spot, 15m, data ends at 2026-05-27 17:15:00
2026-05-29 07:16:08,592 - freqtrade.data.history.datahandlers.idatahandler - WARNING - LINK/USDT, spot, 15m, data ends at 2026-05-27 17:15:00
2026-05-29 07:16:08,606 - freqtrade.data.history.datahandlers.idatahandler - WARNING - NEAR/USDT, spot, 15m, data ends at 2026-05-27 17:15:00
2026-05-29 07:16:08,619 - freqtrade.data.history.datahandlers.idatahandler - WARNING - AAVE/USDT, spot, 15m, data ends at 2026-05-27 17:15:00
2026-05-29 07:16:08,632 - freqtrade.data.history.datahandlers.idatahandler - WARNING - DASH/USDT, spot, 15m, data ends at 2026-05-28 15:45:00
2026-05-29 07:16:08,636 - freqtrade.data.history.datahandlers.idatahandler - INFO - Price jump in DASH/USDT, 15m, spot between two candles of 61.49% detected.
2026-05-29 07:16:08,646 - freqtrade.data.history.datahandlers.idatahandler - WARNING - SUI/USDT, spot, 15m, data ends at 2026-05-28 15:45:00
2026-05-29 07:16:08,660 - freqtrade.data.history.datahandlers.idatahandler - WARNING - AVAX/USDT, spot, 15m, data ends at 2026-05-28 15:45:00
2026-05-29 07:16:08,673 - freqtrade.data.history.datahandlers.idatahandler - WARNING - LTC/USDT, spot, 15m, data ends at 2026-05-28 15:45:00
2026-05-29 07:16:08,687 - freqtrade.data.history.datahandlers.idatahandler - WARNING - BCH/USDT, spot, 15m, data ends at 2026-05-28 15:45:00
2026-05-29 07:16:08,700 - freqtrade.data.history.datahandlers.idatahandler - WARNING - DOT/USDT, spot, 15m, data ends at 2026-05-28 15:45:00
2026-05-29 07:16:08,713 - freqtrade.data.history.datahandlers.idatahandler - WARNING - NEO/USDT, spot, 15m, data ends at 2026-05-28 15:45:00
2026-05-29 07:16:08,717 - freqtrade.data.history.datahandlers.idatahandler - INFO - Price jump in NEO/USDT, 15m, spot between two candles of 221.60% detected.
2026-05-29 07:16:08,726 - freqtrade.optimize.backtesting - INFO - Loading data from 2024-06-07 08:00:00 up to 2026-05-28 15:45:00 (720 days).
2026-05-29 07:16:11,353 - freqtrade.optimize.backtesting - INFO - Dataload complete. Calculating indicators
2026-05-29 07:16:11,354 - freqtrade.optimize.backtesting - INFO - Running backtesting for Strategy NNNC_DDPM_MLX_LSTM
2026-05-29 07:16:11,377 - freqtrade.strategy.hyper - INFO - Strategy Parameter: cexit_enable_profit_checks = True
2026-05-29 07:16:11,377 - freqtrade.strategy.hyper - INFO - Strategy Parameter: cexit_max_days = 5
2026-05-29 07:16:11,377 - freqtrade.strategy.hyper - INFO - Strategy Parameter: cexit_take_profit = 0.02
2026-05-29 07:16:11,378 - freqtrade.strategy.hyper - INFO - Strategy Parameter: enable_exit_signal = True
2026-05-29 07:16:11,378 - freqtrade.strategy.hyper - INFO - Strategy Parameter: exit_close_norm_threshold = 0.0
2026-05-29 07:16:11,378 - freqtrade.strategy.hyper - INFO - Strategy Parameter: exit_guard_threshold = 0.5
2026-05-29 07:16:11,378 - freqtrade.strategy.hyper - INFO - Strategy Parameter: entry_adx_threshold = 20.0
2026-05-29 07:16:11,378 - freqtrade.strategy.hyper - INFO - Strategy Parameter: entry_atr_pct = 0.006
2026-05-29 07:16:11,378 - freqtrade.strategy.hyper - INFO - Strategy Parameter: entry_bb_width_threshold = 0.014
2026-05-29 07:16:11,378 - freqtrade.strategy.hyper - INFO - Strategy Parameter: entry_close_norm_threshold = 0.0
2026-05-29 07:16:11,378 - freqtrade.strategy.hyper - INFO - Strategy Parameter: entry_enable_guards = True
2026-05-29 07:16:11,378 - freqtrade.strategy.hyper - INFO - Strategy Parameter: entry_guard_threshold = -0.5
2026-05-29 07:16:11,378 - freqtrade.strategy.hyper - INFO - Strategy Parameter: entry_rvol_threshold = 1.0
2026-05-29 07:16:11,378 - freqtrade.strategy.hyper - INFO - Strategy Parameter: prediction_threshold = 0.5

----------------------
NNNC_DDPM_MLX_LSTM
----------------------


Software Environment:

    freqtrade:  2026.4-dev-63819fa7e
    OS Type:    darwin (MacOS), Version: macOS-26.4.1-arm64-arm-64bit
    python:     ['3.12.13 (main, Mar  3 2026, 12:39:30) [Clang 21.0.0 (clang-2100.0.123.102)]']
    sklearn:    1.8.0
    tensorflow: 2.17.0, devices:[PhysicalDevice(name='/physical_device:CPU:0', device_type='CPU'), PhysicalDevice(name='/physical_device:GPU:0', device_type='GPU')]
    keras:      3.14.0
    pytorch:    (not installed)
    lightning:  (not installed)
    darts:      (not installed)


    Current Hyperopt Parameters:
      Buy Parameters:
        entry_adx_threshold: 20.0
        entry_atr_pct: 0.006
        entry_bb_width_threshold: 0.014
        entry_close_norm_threshold: 0.0
        entry_enable_guards: True
        entry_guard_threshold: -0.5
        entry_rvol_threshold: 1.0
        prediction_threshold: 0.5
        cexit_enable_profit_checks: True
        cexit_max_days: 2
        cexit_take_profit: 0.002
        profit_prediction_threshold: 0.3
        apply_task_filters: True

      Sell Parameters:
        cexit_enable_profit_checks: True
        cexit_max_days: 5
        cexit_take_profit: 0.02
        enable_exit_signal: True
        exit_close_norm_threshold: 0.0
        exit_guard_threshold: 0.5

Strategy Parameters/Flags

    refit_model:    False
    model_per_pair: False
    combine_models: False

    ZEC/USDT - adding indicators...
        Buy signals: found 4829 initial peaks, filtered to 4829 peaks with >=0.5% future gain
        Sell signals: found 5517 initial peaks, filtered to 5517 peaks with >=0.5% future loss
        Signal counts: buys=7092, sells=9463, conflicts=0
        Final trading_classes counts: buys=7092, sells=9463
        Trading distribution: [ 9463 52507  7092] [13.7%, 76.0%, 10.3%]
        %train_buy/%train_sell counts: buys=7092, sells=9463, holds=52507
    XRP/USDT - adding indicators...
        Buy signals: found 2379 initial peaks, filtered to 2379 peaks with >=0.5% future gain
        Sell signals: found 2415 initial peaks, filtered to 2415 peaks with >=0.5% future loss
        Signal counts: buys=3982, sells=4355, conflicts=0
        Final trading_classes counts: buys=3982, sells=4355
        Trading distribution: [ 4355 60725  3982] [6.3%, 87.9%, 5.8%]
        %train_buy/%train_sell counts: buys=3982, sells=4355, holds=60725
    SOL/USDT - adding indicators...
        Buy signals: found 2446 initial peaks, filtered to 2446 peaks with >=0.5% future gain
        Sell signals: found 2126 initial peaks, filtered to 2126 peaks with >=0.5% future loss
        Signal counts: buys=4204, sells=3870, conflicts=0
        Final trading_classes counts: buys=4204, sells=3870
        Trading distribution: [ 3870 60988  4204] [5.6%, 88.3%, 6.1%]
        %train_buy/%train_sell counts: buys=4204, sells=3870, holds=60988
    LINK/USDT - adding indicators...
        Buy signals: found 2923 initial peaks, filtered to 2923 peaks with >=0.5% future gain
        Sell signals: found 2800 initial peaks, filtered to 2800 peaks with >=0.5% future loss
        Signal counts: buys=4895, sells=5081, conflicts=0
        Final trading_classes counts: buys=4895, sells=5081
        Trading distribution: [ 5081 59086  4895] [7.4%, 85.6%, 7.1%]
        %train_buy/%train_sell counts: buys=4895, sells=5081, holds=59086
    NEAR/USDT - adding indicators...
        Buy signals: found 4662 initial peaks, filtered to 4662 peaks with >=0.5% future gain
        Sell signals: found 4417 initial peaks, filtered to 4414 peaks with >=0.5% future loss
        Signal counts: buys=7179, sells=7632, conflicts=0
        Final trading_classes counts: buys=7179, sells=7632
        Trading distribution: [ 7632 54251  7179] [11.1%, 78.6%, 10.4%]
        %train_buy/%train_sell counts: buys=7179, sells=7632, holds=54251
    AAVE/USDT - adding indicators...
        Buy signals: found 3786 initial peaks, filtered to 3786 peaks with >=0.5% future gain
        Sell signals: found 3808 initial peaks, filtered to 3808 peaks with >=0.5% future loss
        Signal counts: buys=5945, sells=6640, conflicts=0
        Final trading_classes counts: buys=5945, sells=6640
        Trading distribution: [ 6640 56477  5945] [9.6%, 81.8%, 8.6%]
        %train_buy/%train_sell counts: buys=5945, sells=6640, holds=56477
    DASH/USDT - adding indicators...
        Buy signals: found 3426 initial peaks, filtered to 3426 peaks with >=0.5% future gain
        Sell signals: found 3642 initial peaks, filtered to 3642 peaks with >=0.5% future loss
        Signal counts: buys=4989, sells=6180, conflicts=0
        Final trading_classes counts: buys=4989, sells=6180
        Trading distribution: [ 6180 57983  4989] [8.9%, 83.8%, 7.2%]
        %train_buy/%train_sell counts: buys=4989, sells=6180, holds=57983
    SUI/USDT - adding indicators...
        Buy signals: found 4959 initial peaks, filtered to 4959 peaks with >=0.5% future gain
        Sell signals: found 4712 initial peaks, filtered to 4712 peaks with >=0.5% future loss
        Signal counts: buys=7872, sells=8272, conflicts=0
        Final trading_classes counts: buys=7872, sells=8272
        Trading distribution: [ 8272 53008  7872] [12.0%, 76.7%, 11.4%]
        %train_buy/%train_sell counts: buys=7872, sells=8272, holds=53008
    AVAX/USDT - adding indicators...
        Buy signals: found 3181 initial peaks, filtered to 3181 peaks with >=0.5% future gain
        Sell signals: found 2835 initial peaks, filtered to 2835 peaks with >=0.5% future loss
        Signal counts: buys=5253, sells=5133, conflicts=0
        Final trading_classes counts: buys=5253, sells=5133
        Trading distribution: [ 5133 58766  5253] [7.4%, 85.0%, 7.6%]
        %train_buy/%train_sell counts: buys=5253, sells=5133, holds=58766
    LTC/USDT - adding indicators...
        Buy signals: found 2624 initial peaks, filtered to 2624 peaks with >=0.5% future gain
        Sell signals: found 2327 initial peaks, filtered to 2327 peaks with >=0.5% future loss
        Signal counts: buys=4301, sells=4221, conflicts=0
        Final trading_classes counts: buys=4301, sells=4221
        Trading distribution: [ 4221 60630  4301] [6.1%, 87.7%, 6.2%]
        %train_buy/%train_sell counts: buys=4301, sells=4221, holds=60630
    BCH/USDT - adding indicators...
        Buy signals: found 3033 initial peaks, filtered to 3033 peaks with >=0.5% future gain
        Sell signals: found 2883 initial peaks, filtered to 2883 peaks with >=0.5% future loss
        Signal counts: buys=4742, sells=5225, conflicts=0
        Final trading_classes counts: buys=4742, sells=5225
        Trading distribution: [ 5225 59185  4742] [7.6%, 85.6%, 6.9%]
        %train_buy/%train_sell counts: buys=4742, sells=5225, holds=59185
    DOT/USDT - adding indicators...
        Buy signals: found 3212 initial peaks, filtered to 3212 peaks with >=0.5% future gain
        Sell signals: found 2860 initial peaks, filtered to 2860 peaks with >=0.5% future loss
        Signal counts: buys=5274, sells=5066, conflicts=0
        Final trading_classes counts: buys=5274, sells=5066
        Trading distribution: [ 5066 58812  5274] [7.3%, 85.0%, 7.6%]
        %train_buy/%train_sell counts: buys=5274, sells=5066, holds=58812
    NEO/USDT - adding indicators...
        Buy signals: found 3090 initial peaks, filtered to 3090 peaks with >=0.5% future gain
        Sell signals: found 3046 initial peaks, filtered to 3046 peaks with >=0.5% future loss
        Signal counts: buys=4545, sells=5318, conflicts=0
        Final trading_classes counts: buys=4545, sells=5318
        Trading distribution: [ 5318 59289  4545] [7.7%, 85.7%, 6.6%]
        %train_buy/%train_sell counts: buys=4545, sells=5318, holds=59289
    Training model on 13 pairs
    Main scaler loaded from /Users/philprice95/projects/freqtrade/user_data/strategies/saved_data/
    PCA data loaded: n_components=20
    Columns exceeding ±10 before clipping: [('bb_width', -1.0001307528502497, 18.387945839670714)]
    GAN scaler A loaded from /Users/philprice95/projects/freqtrade/user_data/strategies/saved_data/
      columns: ['bb_width', 'atr_norm', 'rsi_scaled', 'mfi_scaled', 'guard_metric_pos', 'guard_metric_neg', 'gain_norm', 'macdhist_norm', 'ema_fast_norm', 'macd_pos', 'macd_neg', 'fastk_scaled', 'fast_diff', 'adx_scaled', 'aroonosc_scaled', 'bb_position', 'vwap_pos', 'vwap_neg', 'di_diff_scaled', 'sar_ratio', 'spread_ma', 'cci_scaled', 'fisher_ss', 'cg_ss']
    balance_single_task: class counts {0: 7531, 1: 42312, 2: 5391} (gan_type=TAB_DDPM)
    balance_single_task: per-class additions {0: 9393, 2: 11533}
      generated 9393 samples for class 0
      generated 11533 samples for class 2
    balance_single_task: rows 55234 -> 76160; counts {0: 7531, 1: 42312, 2: 5391} -> {0: 16924, 1: 42312, 2: 16924}
    === GAN fidelity diagnostic (real vs synthetic) ===
      real rows:      55234    synth rows:      20926    features: 24
      task        cls     N_real      N_syn    |Δμ|max    σ_syn/σ_real  flag
      ----------------------------------------------------------------------
      class         0       7531       9393      0.46σ   0.56/ 1.09  ok
      class         1      42312          0          -               -  no synth
      class         2       5391      11533      0.40σ   0.64/ 1.10  ok

      worst features per bucket (top 2 by severity):
        class==0:
          bb_width              real μ= -0.450 σ= 0.333    syn μ= -0.603 σ= 0.186    Δμ=-0.46σ  σ_ratio=0.56
          guard_metric_neg      real μ= +0.012 σ= 0.084    syn μ= +0.045 σ= 0.151    Δμ=+0.39σ  σ_ratio=1.81
          bb_position           real μ= +0.556 σ= 0.342    syn μ= +0.444 σ= 0.411    Δμ=-0.33σ  σ_ratio=1.20
        class==2:
          bb_width              real μ= -0.481 σ= 0.300    syn μ= -0.601 σ= 0.192    Δμ=-0.40σ  σ_ratio=0.64
          guard_metric_pos      real μ= +0.009 σ= 0.069    syn μ= +0.032 σ= 0.115    Δμ=+0.34σ  σ_ratio=1.67
          di_diff_scaled        real μ= -0.591 σ= 0.489    syn μ= -0.426 σ= 0.571    Δμ=+0.34σ  σ_ratio=1.17

    === Joint-distribution diagnostic (correlation matrix) ===
      task        cls  used_real   used_syn   |Δρ|max   |Δρ|mean  flag
      ----------------------------------------------------------------------
      class         0       7531       9393     0.194      0.057  ok
      class         2       5391      11533     0.251      0.054  ok

      worst feature PAIRS per bucket (top 2 by |Δρ|):
        class==2:
          guard_metric_pos   × bb_position         real ρ=+0.18  syn ρ=+0.43  Δρ=-0.25
          guard_metric_neg   × macdhist_norm       real ρ=-0.09  syn ρ=-0.28  Δρ=+0.20
          guard_metric_pos   × guard_metric_neg    real ρ=-0.26  syn ρ=-0.45  Δρ=+0.19
        class==0:
          guard_metric_neg   × cci_scaled          real ρ=-0.30  syn ρ=-0.49  Δρ=+0.19
          rsi_scaled         × adx_scaled          real ρ=+0.48  syn ρ=+0.29  Δρ=+0.19
          guard_metric_neg   × bb_position         real ρ=-0.32  syn ρ=-0.51  Δρ=+0.19
    Columns exceeding ±10 before clipping: [('bb_width', -1.0001307528502497, 16.676458335376665)]
    balance_single_task: class counts {0: 3852, 1: 47824, 2: 3558} (gan_type=TAB_DDPM)
    balance_single_task: per-class additions {0: 15277, 2: 15571}
      generated 15277 samples for class 0
      generated 15571 samples for class 2
    balance_single_task: rows 55234 -> 86082; counts {0: 3852, 1: 47824, 2: 3558} -> {0: 19129, 1: 47824, 2: 19129}
    === GAN fidelity diagnostic (real vs synthetic) ===
      real rows:      55234    synth rows:      30848    features: 24
      task        cls     N_real      N_syn    |Δμ|max    σ_syn/σ_real  flag
      ----------------------------------------------------------------------
      class         0       3852      15277      1.54σ   0.69/ 1.40  shifted,joint_drift
      class         1      47824          0          -               -  no synth
      class         2       3558      15571      1.03σ   0.86/ 1.38  shifted

      worst features per bucket (top 2 by severity):
        class==0:
          guard_metric_neg      real μ= +0.002 σ= 0.026    syn μ= +0.043 σ= 0.145    Δμ=+1.54σ  σ_ratio=5.47
          vwap_pos              real μ= -0.927 σ= 0.270    syn μ= -0.777 σ= 0.489    Δμ=+0.55σ  σ_ratio=1.81
          bb_position           real μ= +0.600 σ= 0.305    syn μ= +0.441 σ= 0.411    Δμ=-0.52σ  σ_ratio=1.35
        class==2:
          guard_metric_pos      real μ= +0.002 σ= 0.026    syn μ= +0.029 σ= 0.109    Δμ=+1.03σ  σ_ratio=4.18
          bb_position           real μ= -0.654 σ= 0.279    syn μ= -0.487 σ= 0.394    Δμ=+0.60σ  σ_ratio=1.41
          cci_scaled            real μ= -0.569 σ= 0.267    syn μ= -0.418 σ= 0.353    Δμ=+0.57σ  σ_ratio=1.32

    === Joint-distribution diagnostic (correlation matrix) ===
      task        cls  used_real   used_syn   |Δρ|max   |Δρ|mean  flag
      ----------------------------------------------------------------------
      class         0       3852      15277     0.365      0.072  joint_drift
      class         2       3558      15571     0.295      0.073  ok

      worst feature PAIRS per bucket (top 2 by |Δρ|):
        class==0:
          rsi_scaled         × guard_metric_neg    real ρ=-0.14  syn ρ=-0.50  Δρ=+0.36
          guard_metric_neg   × fastk_scaled        real ρ=-0.08  syn ρ=-0.42  Δρ=+0.33
          guard_metric_neg   × bb_position         real ρ=-0.17  syn ρ=-0.49  Δρ=+0.32
        class==2:
          rsi_scaled         × guard_metric_pos    real ρ=+0.14  syn ρ=+0.43  Δρ=-0.29
          adx_scaled         × sar_ratio           real ρ=-0.33  syn ρ=-0.05  Δρ=-0.29
          guard_metric_pos   × bb_position         real ρ=+0.14  syn ρ=+0.42  Δρ=-0.28
    Columns exceeding ±10 before clipping: [('bb_width', -1.0001307528502497, 13.172310832388956)]
    balance_single_task: class counts {0: 3320, 1: 48233, 2: 3681} (gan_type=TAB_DDPM)
    balance_single_task: per-class additions {0: 15973, 2: 15612}
      generated 15973 samples for class 0
      generated 15612 samples for class 2
    balance_single_task: rows 55234 -> 86819; counts {0: 3320, 1: 48233, 2: 3681} -> {0: 19293, 1: 48233, 2: 19293}
    === GAN fidelity diagnostic (real vs synthetic) ===
      real rows:      55234    synth rows:      31585    features: 24
      task        cls     N_real      N_syn    |Δμ|max    σ_syn/σ_real  flag
      ----------------------------------------------------------------------
      class         0       3320      15973      1.08σ   0.94/ 1.44  shifted,joint_drift
      class         1      48233          0          -               -  no synth
      class         2       3681      15612      1.58σ   1.00/ 1.49  shifted,joint_drift

      worst features per bucket (top 2 by severity):
        class==2:
          guard_metric_pos      real μ= +0.002 σ= 0.020    syn μ= +0.033 σ= 0.116    Δμ=+1.58σ  σ_ratio=5.89
          guard_metric_neg      real μ= +0.695 σ= 0.239    syn μ= +0.523 σ= 0.317    Δμ=-0.72σ  σ_ratio=1.33
          vwap_neg              real μ= -0.952 σ= 0.212    syn μ= -0.817 σ= 0.456    Δμ=+0.64σ  σ_ratio=2.15
        class==0:
          guard_metric_neg      real μ= +0.003 σ= 0.037    syn μ= +0.043 σ= 0.147    Δμ=+1.08σ  σ_ratio=3.98
          vwap_pos              real μ= -0.956 σ= 0.212    syn μ= -0.776 σ= 0.488    Δμ=+0.85σ  σ_ratio=2.31
          macd_neg              real μ= +0.025 σ= 0.103    syn μ= +0.111 σ= 0.237    Δμ=+0.83σ  σ_ratio=2.31

    === Joint-distribution diagnostic (correlation matrix) ===
      task        cls  used_real   used_syn   |Δρ|max   |Δρ|mean  flag
      ----------------------------------------------------------------------
      class         0       3320      15973     0.342      0.074  joint_drift
      class         2       3681      15612     0.311      0.068  joint_drift

      worst feature PAIRS per bucket (top 2 by |Δρ|):
        class==0:
          rsi_scaled         × guard_metric_neg    real ρ=-0.17  syn ρ=-0.51  Δρ=+0.34
          guard_metric_neg   × fastk_scaled        real ρ=-0.12  syn ρ=-0.43  Δρ=+0.31
          macd_neg           × sar_ratio           real ρ=-0.05  syn ρ=+0.25  Δρ=-0.29
        class==2:
          cci_scaled         × fisher_ss           real ρ=+0.45  syn ρ=+0.14  Δρ=+0.31
          sar_ratio          × fisher_ss           real ρ=-0.45  syn ρ=-0.14  Δρ=-0.31
          rsi_scaled         × guard_metric_pos    real ρ=+0.15  syn ρ=+0.45  Δρ=-0.31
    Columns exceeding ±10 before clipping: [('bb_width', -1.0001307528502497, 10.021823762426383)]
    balance_single_task: class counts {0: 4584, 1: 46210, 2: 4440} (gan_type=TAB_DDPM)
    balance_single_task: per-class additions {0: 13900, 2: 14044}
      generated 13900 samples for class 0
      generated 14044 samples for class 2
    balance_single_task: rows 55234 -> 83178; counts {0: 4584, 1: 46210, 2: 4440} -> {0: 18484, 1: 46210, 2: 18484}
    === GAN fidelity diagnostic (real vs synthetic) ===
      real rows:      55234    synth rows:      27944    features: 24
      task        cls     N_real      N_syn    |Δμ|max    σ_syn/σ_real  flag
      ----------------------------------------------------------------------
      class         0       4584      13900      1.23σ   0.87/ 1.38  shifted,joint_drift
      class         1      46210          0          -               -  no synth
      class         2       4440      14044      1.46σ   0.89/ 1.41  shifted,joint_drift

      worst features per bucket (top 2 by severity):
        class==2:
          guard_metric_pos      real μ= +0.002 σ= 0.021    syn μ= +0.032 σ= 0.115    Δμ=+1.46σ  σ_ratio=5.47
          guard_metric_neg      real μ= +0.684 σ= 0.245    syn μ= +0.522 σ= 0.316    Δμ=-0.66σ  σ_ratio=1.29
          bb_position           real μ= -0.653 σ= 0.283    syn μ= -0.482 σ= 0.398    Δμ=+0.60σ  σ_ratio=1.41
        class==0:
          guard_metric_neg      real μ= +0.003 σ= 0.031    syn μ= +0.041 σ= 0.141    Δμ=+1.23σ  σ_ratio=4.63
          macd_neg              real μ= +0.035 σ= 0.129    syn μ= +0.110 σ= 0.237    Δμ=+0.58σ  σ_ratio=1.83
          bb_position           real μ= +0.621 σ= 0.299    syn μ= +0.448 σ= 0.409    Δμ=-0.58σ  σ_ratio=1.37

    === Joint-distribution diagnostic (correlation matrix) ===
      task        cls  used_real   used_syn   |Δρ|max   |Δρ|mean  flag
      ----------------------------------------------------------------------
      class         0       4584      13900     0.344      0.075  joint_drift
      class         2       4440      14044     0.311      0.061  joint_drift

      worst feature PAIRS per bucket (top 2 by |Δρ|):
        class==0:
          rsi_scaled         × guard_metric_neg    real ρ=-0.15  syn ρ=-0.50  Δρ=+0.34
          guard_metric_neg   × vwap_pos            real ρ=+0.14  syn ρ=+0.46  Δρ=-0.32
          guard_metric_neg   × bb_position         real ρ=-0.17  syn ρ=-0.48  Δρ=+0.31
        class==2:
          rsi_scaled         × guard_metric_pos    real ρ=+0.14  syn ρ=+0.45  Δρ=-0.31
          guard_metric_pos   × cci_scaled          real ρ=+0.18  syn ρ=+0.44  Δρ=-0.26
          guard_metric_pos   × bb_position         real ρ=+0.18  syn ρ=+0.44  Δρ=-0.26
    Columns exceeding ±10 before clipping: [('bb_width', -1.0001307528502497, 15.26941264658338)]
    balance_single_task: class counts {0: 6416, 1: 42864, 2: 5954} (gan_type=TAB_DDPM)
    balance_single_task: per-class additions {0: 10729, 2: 11191}
      generated 10729 samples for class 0
      generated 11191 samples for class 2
    balance_single_task: rows 55234 -> 77154; counts {0: 6416, 1: 42864, 2: 5954} -> {0: 17145, 1: 42864, 2: 17145}
    === GAN fidelity diagnostic (real vs synthetic) ===
      real rows:      55234    synth rows:      21920    features: 24
      task        cls     N_real      N_syn    |Δμ|max    σ_syn/σ_real  flag
      ----------------------------------------------------------------------
      class         0       6416      10729      0.84σ   0.99/ 1.27  ok
      class         1      42864          0          -               -  no synth
      class         2       5954      11191      0.96σ   0.88/ 1.28  ok

      worst features per bucket (top 2 by severity):
        class==2:
          guard_metric_pos      real μ= +0.004 σ= 0.031    syn μ= +0.033 σ= 0.118    Δμ=+0.96σ  σ_ratio=3.86
          fastk_scaled          real μ= -0.704 σ= 0.387    syn μ= -0.513 σ= 0.517    Δμ=+0.50σ  σ_ratio=1.34
          bb_position           real μ= -0.628 σ= 0.293    syn μ= -0.485 σ= 0.392    Δμ=+0.49σ  σ_ratio=1.33
        class==0:
          guard_metric_neg      real μ= +0.006 σ= 0.045    syn μ= +0.044 σ= 0.145    Δμ=+0.84σ  σ_ratio=3.22
          macd_neg              real μ= +0.040 σ= 0.132    syn μ= +0.114 σ= 0.241    Δμ=+0.56σ  σ_ratio=1.83
          fastk_scaled          real μ= +0.694 σ= 0.404    syn μ= +0.469 σ= 0.544    Δμ=-0.56σ  σ_ratio=1.35

    === Joint-distribution diagnostic (correlation matrix) ===
      task        cls  used_real   used_syn   |Δρ|max   |Δρ|mean  flag
      ----------------------------------------------------------------------
      class         0       6416      10729     0.287      0.067  ok
      class         2       5954      11191     0.299      0.056  ok

      worst feature PAIRS per bucket (top 2 by |Δρ|):
        class==2:
          rsi_scaled         × guard_metric_pos    real ρ=+0.15  syn ρ=+0.45  Δρ=-0.30
          guard_metric_pos   × bb_position         real ρ=+0.17  syn ρ=+0.44  Δρ=-0.27
          guard_metric_pos   × cci_scaled          real ρ=+0.17  syn ρ=+0.43  Δρ=-0.26
        class==0:
          rsi_scaled         × guard_metric_neg    real ρ=-0.21  syn ρ=-0.50  Δρ=+0.29
          guard_metric_neg   × bb_position         real ρ=-0.23  syn ρ=-0.50  Δρ=+0.27
          guard_metric_neg   × vwap_pos            real ρ=+0.21  syn ρ=+0.47  Δρ=-0.26
    Columns exceeding ±10 before clipping: [('bb_width', -1.0001307528502497, 15.76205569340843)]
    balance_single_task: class counts {0: 5994, 1: 43993, 2: 5247} (gan_type=TAB_DDPM)
    balance_single_task: per-class additions {0: 11603, 2: 12350}
      generated 11603 samples for class 0
      generated 12350 samples for class 2
    balance_single_task: rows 55234 -> 79187; counts {0: 5994, 1: 43993, 2: 5247} -> {0: 17597, 1: 43993, 2: 17597}
    === GAN fidelity diagnostic (real vs synthetic) ===
      real rows:      55234    synth rows:      23953    features: 24
      task        cls     N_real      N_syn    |Δμ|max    σ_syn/σ_real  flag
      ----------------------------------------------------------------------
      class         0       5994      11603      0.82σ   0.93/ 1.26  ok
      class         1      43993          0          -               -  no synth
      class         2       5247      12350      0.85σ   0.97/ 1.24  ok

      worst features per bucket (top 2 by severity):
        class==0:
          guard_metric_neg      real μ= +0.005 σ= 0.048    syn μ= +0.045 σ= 0.149    Δμ=+0.82σ  σ_ratio=3.10
          fastk_scaled          real μ= +0.697 σ= 0.398    syn μ= +0.464 σ= 0.555    Δμ=-0.59σ  σ_ratio=1.40
          vwap_pos              real μ= -0.925 σ= 0.287    syn μ= -0.765 σ= 0.500    Δμ=+0.56σ  σ_ratio=1.74
        class==2:
          guard_metric_pos      real μ= +0.004 σ= 0.035    syn μ= +0.033 σ= 0.117    Δμ=+0.85σ  σ_ratio=3.38
          fastk_scaled          real μ= -0.715 σ= 0.396    syn μ= -0.513 σ= 0.514    Δμ=+0.51σ  σ_ratio=1.30
          bb_position           real μ= -0.622 σ= 0.297    syn μ= -0.485 σ= 0.392    Δμ=+0.46σ  σ_ratio=1.32

    === Joint-distribution diagnostic (correlation matrix) ===
      task        cls  used_real   used_syn   |Δρ|max   |Δρ|mean  flag
      ----------------------------------------------------------------------
      class         0       5994      11603     0.280      0.069  ok
      class         2       5247      12350     0.299      0.057  ok

      worst feature PAIRS per bucket (top 2 by |Δρ|):
        class==2:
          rsi_scaled         × guard_metric_pos    real ρ=+0.15  syn ρ=+0.45  Δρ=-0.30
          guard_metric_pos   × bb_position         real ρ=+0.17  syn ρ=+0.46  Δρ=-0.29
          guard_metric_pos   × cci_scaled          real ρ=+0.17  syn ρ=+0.45  Δρ=-0.28
        class==0:
          rsi_scaled         × guard_metric_neg    real ρ=-0.23  syn ρ=-0.51  Δρ=+0.28
          guard_metric_neg   × bb_position         real ρ=-0.23  syn ρ=-0.50  Δρ=+0.27
          guard_metric_neg   × cci_scaled          real ρ=-0.23  syn ρ=-0.48  Δρ=+0.25
    Columns exceeding ±10 before clipping: [('bb_width', -1.0001307528502497, 34.81767015448198)]
    balance_single_task: class counts {0: 4825, 1: 46803, 2: 3678} (gan_type=TAB_DDPM)
    balance_single_task: per-class additions {0: 13896, 2: 15043}
      generated 13896 samples for class 0
      generated 15043 samples for class 2
    balance_single_task: rows 55306 -> 84245; counts {0: 4825, 1: 46803, 2: 3678} -> {0: 18721, 1: 46803, 2: 18721}
    === GAN fidelity diagnostic (real vs synthetic) ===
      real rows:      55306    synth rows:      28939    features: 24
      task        cls     N_real      N_syn    |Δμ|max    σ_syn/σ_real  flag
      ----------------------------------------------------------------------
      class         0       4825      13896      0.46σ   0.50/ 1.03  ok
      class         1      46803          0          -               -  no synth
      class         2       3678      15043      0.56σ   0.59/ 1.06  joint_drift

      worst features per bucket (top 2 by severity):
        class==2:
          fastk_scaled          real μ= -0.741 σ= 0.415    syn μ= -0.508 σ= 0.521    Δμ=+0.56σ  σ_ratio=1.26
          rsi_scaled            real μ= -0.377 σ= 0.293    syn μ= -0.245 σ= 0.253    Δμ=+0.45σ  σ_ratio=0.86
          bb_width              real μ= -0.458 σ= 0.324    syn μ= -0.601 σ= 0.191    Δμ=-0.44σ  σ_ratio=0.59
        class==0:
          bb_width              real μ= -0.426 σ= 0.380    syn μ= -0.602 σ= 0.188    Δμ=-0.46σ  σ_ratio=0.50
          rsi_scaled            real μ= +0.342 σ= 0.294    syn μ= +0.228 σ= 0.271    Δμ=-0.39σ  σ_ratio=0.92
          sar_ratio             real μ= -0.535 σ= 0.523    syn μ= -0.363 σ= 0.589    Δμ=+0.33σ  σ_ratio=1.13

    === Joint-distribution diagnostic (correlation matrix) ===
      task        cls  used_real   used_syn   |Δρ|max   |Δρ|mean  flag
      ----------------------------------------------------------------------
      class         0       4825      13896     0.217      0.055  ok
      class         2       3678      15043     0.335      0.060  joint_drift

      worst feature PAIRS per bucket (top 2 by |Δρ|):
        class==2:
          bb_width           × adx_scaled          real ρ=-0.12  syn ρ=+0.21  Δρ=-0.33
          guard_metric_neg   × cci_scaled          real ρ=-0.40  syn ρ=-0.60  Δρ=+0.19
          macdhist_norm      × fastk_scaled        real ρ=+0.27  syn ρ=+0.46  Δρ=-0.19
        class==0:
          bb_width           × adx_scaled          real ρ=-0.03  syn ρ=+0.18  Δρ=-0.22
          di_diff_scaled     × cci_scaled          real ρ=+0.41  syn ρ=+0.60  Δρ=-0.19
          macd_neg           × cci_scaled          real ρ=-0.23  syn ρ=-0.40  Δρ=+0.17
    Columns exceeding ±10 before clipping: [('bb_width', -1.0001307528502497, 13.282909868321585)]
    balance_single_task: class counts {0: 7206, 1: 41195, 2: 6905} (gan_type=TAB_DDPM)
    balance_single_task: per-class additions {0: 9272, 2: 9573}
      generated 9272 samples for class 0
      generated 9573 samples for class 2
    balance_single_task: rows 55306 -> 74151; counts {0: 7206, 1: 41195, 2: 6905} -> {0: 16478, 1: 41195, 2: 16478}
    === GAN fidelity diagnostic (real vs synthetic) ===
      real rows:      55306    synth rows:      18845    features: 24
      task        cls     N_real      N_syn    |Δμ|max    σ_syn/σ_real  flag
      ----------------------------------------------------------------------
      class         0       7206       9272      0.95σ   0.81/ 1.26  joint_drift
      class         1      41195          0          -               -  no synth
      class         2       6905       9573      0.89σ   0.97/ 1.27  ok

      worst features per bucket (top 2 by severity):
        class==0:
          guard_metric_neg      real μ= +0.005 σ= 0.040    syn μ= +0.043 σ= 0.146    Δμ=+0.95σ  σ_ratio=3.62
          bb_position           real μ= +0.598 σ= 0.309    syn μ= +0.444 σ= 0.407    Δμ=-0.50σ  σ_ratio=1.32
          cci_scaled            real μ= +0.520 σ= 0.283    syn μ= +0.389 σ= 0.359    Δμ=-0.46σ  σ_ratio=1.27
        class==2:
          guard_metric_pos      real μ= +0.004 σ= 0.032    syn μ= +0.033 σ= 0.117    Δμ=+0.89σ  σ_ratio=3.62
          bb_position           real μ= -0.630 σ= 0.293    syn μ= -0.486 σ= 0.387    Δμ=+0.49σ  σ_ratio=1.32
          cci_scaled            real μ= -0.546 σ= 0.274    syn μ= -0.412 σ= 0.345    Δμ=+0.49σ  σ_ratio=1.26

    === Joint-distribution diagnostic (correlation matrix) ===
      task        cls  used_real   used_syn   |Δρ|max   |Δρ|mean  flag
      ----------------------------------------------------------------------
      class         0       7206       9272     0.338      0.080  joint_drift
      class         2       6905       9573     0.280      0.056  ok

      worst feature PAIRS per bucket (top 2 by |Δρ|):
        class==0:
          rsi_scaled         × guard_metric_neg    real ρ=-0.17  syn ρ=-0.51  Δρ=+0.34
          guard_metric_neg   × vwap_pos            real ρ=+0.15  syn ρ=+0.48  Δρ=-0.33
          guard_metric_neg   × bb_position         real ρ=-0.20  syn ρ=-0.48  Δρ=+0.29
        class==2:
          rsi_scaled         × guard_metric_pos    real ρ=+0.17  syn ρ=+0.45  Δρ=-0.28
          guard_metric_pos   × bb_position         real ρ=+0.20  syn ρ=+0.43  Δρ=-0.23
          guard_metric_pos   × cci_scaled          real ρ=+0.21  syn ρ=+0.44  Δρ=-0.23
    Columns exceeding ±10 before clipping: [('bb_width', -1.0001307528502497, 13.671443881083967)]
    balance_single_task: class counts {0: 4637, 1: 45879, 2: 4790} (gan_type=TAB_DDPM)
    balance_single_task: per-class additions {0: 13714, 2: 13561}
      generated 13714 samples for class 0
      generated 13561 samples for class 2
    balance_single_task: rows 55306 -> 82581; counts {0: 4637, 1: 45879, 2: 4790} -> {0: 18351, 1: 45879, 2: 18351}
    === GAN fidelity diagnostic (real vs synthetic) ===
      real rows:      55306    synth rows:      27275    features: 24
      task        cls     N_real      N_syn    |Δμ|max    σ_syn/σ_real  flag
      ----------------------------------------------------------------------
      class         0       4637      13714      1.07σ   0.98/ 1.40  shifted,joint_drift
      class         1      45879          0          -               -  no synth
      class         2       4790      13561      1.32σ   0.91/ 1.42  shifted

      worst features per bucket (top 2 by severity):
        class==2:
          guard_metric_pos      real μ= +0.002 σ= 0.023    syn μ= +0.032 σ= 0.113    Δμ=+1.32σ  σ_ratio=4.97
          guard_metric_neg      real μ= +0.685 σ= 0.240    syn μ= +0.518 σ= 0.316    Δμ=-0.70σ  σ_ratio=1.32
          bb_position           real μ= -0.666 σ= 0.279    syn μ= -0.476 σ= 0.398    Δμ=+0.68σ  σ_ratio=1.42
        class==0:
          guard_metric_neg      real μ= +0.004 σ= 0.036    syn μ= +0.043 σ= 0.144    Δμ=+1.07σ  σ_ratio=3.96
          macd_neg              real μ= +0.028 σ= 0.112    syn μ= +0.111 σ= 0.236    Δμ=+0.74σ  σ_ratio=2.11
          vwap_pos              real μ= -0.947 σ= 0.236    syn μ= -0.773 σ= 0.490    Δμ=+0.73σ  σ_ratio=2.08

    === Joint-distribution diagnostic (correlation matrix) ===
      task        cls  used_real   used_syn   |Δρ|max   |Δρ|mean  flag
      ----------------------------------------------------------------------
      class         0       4637      13714     0.335      0.075  joint_drift
      class         2       4790      13561     0.297      0.062  ok

      worst feature PAIRS per bucket (top 2 by |Δρ|):
        class==0:
          rsi_scaled         × guard_metric_neg    real ρ=-0.17  syn ρ=-0.51  Δρ=+0.34
          guard_metric_neg   × bb_position         real ρ=-0.22  syn ρ=-0.50  Δρ=+0.27
          macd_neg           × sar_ratio           real ρ=-0.02  syn ρ=+0.25  Δρ=-0.27
        class==2:
          rsi_scaled         × guard_metric_pos    real ρ=+0.13  syn ρ=+0.43  Δρ=-0.30
          guard_metric_pos   × cci_scaled          real ρ=+0.17  syn ρ=+0.44  Δρ=-0.27
          guard_metric_pos   × bb_position         real ρ=+0.17  syn ρ=+0.44  Δρ=-0.26
    Columns exceeding ±10 before clipping: [('bb_width', -1.0001307528502497, 19.190928111705656)]
    balance_single_task: class counts {0: 3686, 1: 47862, 2: 3758} (gan_type=TAB_DDPM)
    balance_single_task: per-class additions {0: 15458, 2: 15386}
      generated 15458 samples for class 0
      generated 15386 samples for class 2
    balance_single_task: rows 55306 -> 86150; counts {0: 3686, 1: 47862, 2: 3758} -> {0: 19144, 1: 47862, 2: 19144}
    === GAN fidelity diagnostic (real vs synthetic) ===
      real rows:      55306    synth rows:      30844    features: 24
      task        cls     N_real      N_syn    |Δμ|max    σ_syn/σ_real  flag
      ----------------------------------------------------------------------
      class         0       3686      15458      1.02σ   0.90/ 1.34  shifted,joint_drift
      class         1      47862          0          -               -  no synth
      class         2       3758      15386      1.41σ   0.86/ 1.41  shifted,joint_drift

      worst features per bucket (top 2 by severity):
        class==2:
          guard_metric_pos      real μ= +0.002 σ= 0.021    syn μ= +0.032 σ= 0.116    Δμ=+1.41σ  σ_ratio=5.44
          bb_position           real μ= -0.652 σ= 0.282    syn μ= -0.485 σ= 0.389    Δμ=+0.59σ  σ_ratio=1.38
          vwap_neg              real μ= -0.946 σ= 0.233    syn μ= -0.816 σ= 0.456    Δμ=+0.56σ  σ_ratio=1.96
        class==0:
          guard_metric_neg      real μ= +0.004 σ= 0.037    syn μ= +0.043 σ= 0.144    Δμ=+1.02σ  σ_ratio=3.84
          vwap_pos              real μ= -0.941 σ= 0.236    syn μ= -0.779 σ= 0.484    Δμ=+0.69σ  σ_ratio=2.05
          bb_position           real μ= +0.601 σ= 0.310    syn μ= +0.445 σ= 0.413    Δμ=-0.50σ  σ_ratio=1.33

    === Joint-distribution diagnostic (correlation matrix) ===
      task        cls  used_real   used_syn   |Δρ|max   |Δρ|mean  flag
      ----------------------------------------------------------------------
      class         0       3686      15458     0.326      0.071  joint_drift
      class         2       3758      15386     0.352      0.069  joint_drift

      worst feature PAIRS per bucket (top 2 by |Δρ|):
        class==2:
          guard_metric_pos   × bb_position         real ρ=+0.10  syn ρ=+0.45  Δρ=-0.35
          rsi_scaled         × guard_metric_pos    real ρ=+0.11  syn ρ=+0.45  Δρ=-0.34
          guard_metric_pos   × cci_scaled          real ρ=+0.13  syn ρ=+0.44  Δρ=-0.31
        class==0:
          rsi_scaled         × guard_metric_neg    real ρ=-0.18  syn ρ=-0.50  Δρ=+0.33
          guard_metric_neg   × fastk_scaled        real ρ=-0.12  syn ρ=-0.42  Δρ=+0.29
          adx_scaled         × sar_ratio           real ρ=+0.27  syn ρ=-0.02  Δρ=+0.28
    Columns exceeding ±10 before clipping: [('bb_width', -1.0001307528502497, 10.502415466485646)]
    balance_single_task: class counts {0: 4565, 1: 46674, 2: 4067} (gan_type=TAB_DDPM)
    balance_single_task: per-class additions {0: 14104, 2: 14602}
      generated 14104 samples for class 0
      generated 14602 samples for class 2
    balance_single_task: rows 55306 -> 84012; counts {0: 4565, 1: 46674, 2: 4067} -> {0: 18669, 1: 46674, 2: 18669}
    === GAN fidelity diagnostic (real vs synthetic) ===
      real rows:      55306    synth rows:      28706    features: 24
      task        cls     N_real      N_syn    |Δμ|max    σ_syn/σ_real  flag
      ----------------------------------------------------------------------
      class         0       4565      14104      0.59σ   0.92/ 1.21  ok
      class         1      46674          0          -               -  no synth
      class         2       4067      14602      0.59σ   0.98/ 1.21  ok

      worst features per bucket (top 2 by severity):
        class==0:
          guard_metric_neg      real μ= +0.008 σ= 0.057    syn μ= +0.042 σ= 0.142    Δμ=+0.59σ  σ_ratio=2.49
          macd_neg              real μ= +0.042 σ= 0.135    syn μ= +0.106 σ= 0.233    Δμ=+0.48σ  σ_ratio=1.72
          vwap_pos              real μ= -0.916 σ= 0.306    syn μ= -0.771 σ= 0.497    Δμ=+0.47σ  σ_ratio=1.62
        class==2:
          guard_metric_pos      real μ= +0.005 σ= 0.044    syn μ= +0.032 σ= 0.114    Δμ=+0.59σ  σ_ratio=2.58
          macd_pos              real μ= +0.041 σ= 0.135    syn μ= +0.097 σ= 0.223    Δμ=+0.42σ  σ_ratio=1.65
          vwap_pos              real μ= +0.483 σ= 0.707    syn μ= +0.195 σ= 0.807    Δμ=-0.41σ  σ_ratio=1.14

    === Joint-distribution diagnostic (correlation matrix) ===
      task        cls  used_real   used_syn   |Δρ|max   |Δρ|mean  flag
      ----------------------------------------------------------------------
      class         0       4565      14104     0.255      0.060  ok
      class         2       4067      14602     0.231      0.051  ok

      worst feature PAIRS per bucket (top 2 by |Δρ|):
        class==0:
          rsi_scaled         × guard_metric_neg    real ρ=-0.25  syn ρ=-0.51  Δρ=+0.26
          macd_neg           × di_diff_scaled      real ρ=-0.20  syn ρ=-0.45  Δρ=+0.25
          guard_metric_neg   × di_diff_scaled      real ρ=-0.11  syn ρ=-0.35  Δρ=+0.24
        class==2:
          rsi_scaled         × guard_metric_pos    real ρ=+0.22  syn ρ=+0.45  Δρ=-0.23
          guard_metric_pos   × bb_position         real ρ=+0.24  syn ρ=+0.43  Δρ=-0.19
          guard_metric_pos   × cci_scaled          real ρ=+0.23  syn ρ=+0.42  Δρ=-0.19
    Columns exceeding ±10 before clipping: [('bb_width', -1.0001307528502497, 13.56570241164032)]
    balance_single_task: class counts {0: 4049, 1: 47009, 2: 4248} (gan_type=TAB_DDPM)
    balance_single_task: per-class additions {0: 14754, 2: 14555}
      generated 14754 samples for class 0
      generated 14555 samples for class 2
    balance_single_task: rows 55306 -> 84615; counts {0: 4049, 1: 47009, 2: 4248} -> {0: 18803, 1: 47009, 2: 18803}
    === GAN fidelity diagnostic (real vs synthetic) ===
      real rows:      55306    synth rows:      29309    features: 24
      task        cls     N_real      N_syn    |Δμ|max    σ_syn/σ_real  flag
      ----------------------------------------------------------------------
      class         0       4049      14754      1.04σ   0.99/ 1.34  shifted,joint_drift
      class         1      47009          0          -               -  no synth
      class         2       4248      14555      0.97σ   0.84/ 1.31  ok

      worst features per bucket (top 2 by severity):
        class==2:
          guard_metric_pos      real μ= +0.003 σ= 0.030    syn μ= +0.032 σ= 0.116    Δμ=+0.97σ  σ_ratio=3.84
          guard_metric_neg      real μ= +0.659 σ= 0.255    syn μ= +0.520 σ= 0.318    Δμ=-0.55σ  σ_ratio=1.25
          bb_position           real μ= -0.641 σ= 0.294    syn μ= -0.483 σ= 0.394    Δμ=+0.54σ  σ_ratio=1.34
        class==0:
          guard_metric_neg      real μ= +0.004 σ= 0.036    syn μ= +0.042 σ= 0.142    Δμ=+1.04σ  σ_ratio=3.92
          macd_neg              real μ= +0.034 σ= 0.121    syn μ= +0.108 σ= 0.236    Δμ=+0.61σ  σ_ratio=1.95
          vwap_pos              real μ= -0.933 σ= 0.255    syn μ= -0.785 σ= 0.480    Δμ=+0.58σ  σ_ratio=1.89

    === Joint-distribution diagnostic (correlation matrix) ===
      task        cls  used_real   used_syn   |Δρ|max   |Δρ|mean  flag
      ----------------------------------------------------------------------
      class         0       4049      14754     0.335      0.072  joint_drift
      class         2       4248      14555     0.284      0.052  ok

      worst feature PAIRS per bucket (top 2 by |Δρ|):
        class==0:
          rsi_scaled         × guard_metric_neg    real ρ=-0.17  syn ρ=-0.50  Δρ=+0.34
          guard_metric_neg   × bb_position         real ρ=-0.19  syn ρ=-0.49  Δρ=+0.30
          guard_metric_neg   × cci_scaled          real ρ=-0.20  syn ρ=-0.47  Δρ=+0.28
        class==2:
          rsi_scaled         × guard_metric_pos    real ρ=+0.16  syn ρ=+0.45  Δρ=-0.28
          guard_metric_pos   × cci_scaled          real ρ=+0.19  syn ρ=+0.42  Δρ=-0.23
          guard_metric_pos   × bb_position         real ρ=+0.20  syn ρ=+0.43  Δρ=-0.23
    Columns exceeding ±10 before clipping: [('bb_width', -1.0001307528502497, 98.36947836360874)]
    balance_single_task: class counts {0: 4827, 1: 46520, 2: 3959} (gan_type=TAB_DDPM)
    balance_single_task: per-class additions {0: 13781, 2: 14649}
      generated 13781 samples for class 0
      generated 14649 samples for class 2
    balance_single_task: rows 55306 -> 83736; counts {0: 4827, 1: 46520, 2: 3959} -> {0: 18608, 1: 46520, 2: 18608}
    === GAN fidelity diagnostic (real vs synthetic) ===
      real rows:      55306    synth rows:      28430    features: 24
      task        cls     N_real      N_syn    |Δμ|max    σ_syn/σ_real  flag
      ----------------------------------------------------------------------
      class         0       4827      13781      0.45σ   0.73/ 1.08  ok
      class         1      46520          0          -               -  no synth
      class         2       3959      14649      0.52σ   0.69/ 1.07  ok

      worst features per bucket (top 2 by severity):
        class==2:
          rsi_scaled            real μ= -0.401 σ= 0.295    syn μ= -0.249 σ= 0.255    Δμ=+0.52σ  σ_ratio=0.87
          fastk_scaled          real μ= -0.714 σ= 0.433    syn μ= -0.514 σ= 0.520    Δμ=+0.46σ  σ_ratio=1.20
          adx_scaled            real μ= +0.359 σ= 0.476    syn μ= +0.166 σ= 0.457    Δμ=-0.41σ  σ_ratio=0.96
        class==0:
          rsi_scaled            real μ= +0.347 σ= 0.277    syn μ= +0.223 σ= 0.273    Δμ=-0.45σ  σ_ratio=0.98
          macd_neg              real μ= +0.051 σ= 0.156    syn μ= +0.111 σ= 0.238    Δμ=+0.39σ  σ_ratio=1.53
          fastk_scaled          real μ= +0.659 σ= 0.518    syn μ= +0.468 σ= 0.543    Δμ=-0.37σ  σ_ratio=1.05

    === Joint-distribution diagnostic (correlation matrix) ===
      task        cls  used_real   used_syn   |Δρ|max   |Δρ|mean  flag
      ----------------------------------------------------------------------
      class         0       4827      13781     0.223      0.055  ok
      class         2       3959      14649     0.261      0.059  ok

      worst feature PAIRS per bucket (top 2 by |Δρ|):
        class==2:
          guard_metric_pos   × fastk_scaled        real ρ=+0.05  syn ρ=+0.32  Δρ=-0.26
          fastk_scaled       × cci_scaled          real ρ=+0.45  syn ρ=+0.69  Δρ=-0.23
          fastk_scaled       × bb_position         real ρ=+0.54  syn ρ=+0.75  Δρ=-0.21
        class==0:
          macd_pos           × di_diff_scaled      real ρ=+0.27  syn ρ=+0.50  Δρ=-0.22
          macd_neg           × di_diff_scaled      real ρ=-0.27  syn ρ=-0.46  Δρ=+0.19
          di_diff_scaled     × cci_scaled          real ρ=+0.40  syn ρ=+0.59  Δρ=-0.19
    MLX model not found (/Users/philprice95/projects/freqtrade/user_data/strategies/saved_data/NNNC_DDPM_MLX_LSTM/NNNC_DDPM_MLX_LSTM.safetensors)...
    MLX model created.  Parameters: 12,483

    Training MLX model: NNNC_DDPM_MLX_LSTM
    train: (1068070, 16, 24)  test: (179890, 16, 24)
    batch_size: 2048  max_epochs: 100
    grad clip (global L2 norm): 1.0
    Epoch   1/100 — loss: 0.5444  val_loss: 0.3813  val_precision: 0.4127  val_f1_class_2: 0.5059  val_mcc: 0.4935  clips:36
    ✓ Best model saved  (val_mcc: 0.4935)
    Epoch   2/100 — loss: 0.3600  val_loss: 0.3501  val_precision: 0.4193  val_f1_class_2: 0.5348  val_mcc: 0.5270
    ✓ Best model saved  (val_mcc: 0.5270)
    Epoch   3/100 — loss: 0.3313  val_loss: 0.3381  val_precision: 0.4236  val_f1_class_2: 0.5419  val_mcc: 0.5380
    ✓ Best model saved  (val_mcc: 0.5380)
    Epoch   4/100 — loss: 0.3185  val_loss: 0.3324  val_precision: 0.4226  val_f1_class_2: 0.5471  val_mcc: 0.5435  clips:2
    ✓ Best model saved  (val_mcc: 0.5435)
    Epoch   5/100 — loss: 0.3098  val_loss: 0.3281  val_precision: 0.4314  val_f1_class_2: 0.5510  val_mcc: 0.5445  clips:2
    ✓ Best model saved  (val_mcc: 0.5445)
    Epoch   6/100 — loss: 0.3046  val_loss: 0.3258  val_precision: 0.4262  val_f1_class_2: 0.5526  val_mcc: 0.5502
    ✓ Best model saved  (val_mcc: 0.5502)
    Epoch   7/100 — loss: 0.3000  val_loss: 0.3237  val_precision: 0.4242  val_f1_class_2: 0.5545  val_mcc: 0.5516
    ✓ Best model saved  (val_mcc: 0.5516)
    Epoch   8/100 — loss: 0.2961  val_loss: 0.3218  val_precision: 0.4390  val_f1_class_2: 0.5565  val_mcc: 0.5502  clips:2
    Epoch   9/100 — loss: 0.2930  val_loss: 0.3208  val_precision: 0.4294  val_f1_class_2: 0.5568  val_mcc: 0.5540
    ✓ Best model saved  (val_mcc: 0.5540)
    Epoch  10/100 — loss: 0.2906  val_loss: 0.3191  val_precision: 0.4293  val_f1_class_2: 0.5573  val_mcc: 0.5544
    ✓ Best model saved  (val_mcc: 0.5544)
    Epoch  11/100 — loss: 0.2881  val_loss: 0.3182  val_precision: 0.4343  val_f1_class_2: 0.5589  val_mcc: 0.5548  clips:1
    ✓ Best model saved  (val_mcc: 0.5548)
    Epoch  12/100 — loss: 0.2864  val_loss: 0.3171  val_precision: 0.4399  val_f1_class_2: 0.5602  val_mcc: 0.5564
    ✓ Best model saved  (val_mcc: 0.5564)
    Epoch  13/100 — loss: 0.2846  val_loss: 0.3165  val_precision: 0.4492  val_f1_class_2: 0.5624  val_mcc: 0.5569
    ✓ Best model saved  (val_mcc: 0.5569)
    Epoch  14/100 — loss: 0.2829  val_loss: 0.3159  val_precision: 0.4362  val_f1_class_2: 0.5615  val_mcc: 0.5588
    ✓ Best model saved  (val_mcc: 0.5588)
    Epoch  15/100 — loss: 0.2814  val_loss: 0.3153  val_precision: 0.4469  val_f1_class_2: 0.5627  val_mcc: 0.5583
    Epoch  16/100 — loss: 0.2805  val_loss: 0.3153  val_precision: 0.4326  val_f1_class_2: 0.5624  val_mcc: 0.5600
    ✓ Best model saved  (val_mcc: 0.5600)
    Epoch  17/100 — loss: 0.2796  val_loss: 0.3146  val_precision: 0.4380  val_f1_class_2: 0.5633  val_mcc: 0.5581  clips:3
    Epoch  18/100 — loss: 0.2787  val_loss: 0.3138  val_precision: 0.4414  val_f1_class_2: 0.5651  val_mcc: 0.5614  clips:1
    ✓ Best model saved  (val_mcc: 0.5614)
    Epoch  19/100 — loss: 0.2772  val_loss: 0.3133  val_precision: 0.4474  val_f1_class_2: 0.5659  val_mcc: 0.5602
    Epoch  20/100 — loss: 0.2762  val_loss: 0.3124  val_precision: 0.4498  val_f1_class_2: 0.5652  val_mcc: 0.5581  clips:1
    Epoch  21/100 — loss: 0.2755  val_loss: 0.3122  val_precision: 0.4438  val_f1_class_2: 0.5661  val_mcc: 0.5614  clips:4
    Epoch  22/100 — loss: 0.2746  val_loss: 0.3122  val_precision: 0.4428  val_f1_class_2: 0.5656  val_mcc: 0.5598
    Epoch  23/100 — loss: 0.2739  val_loss: 0.3118  val_precision: 0.4403  val_f1_class_2: 0.5656  val_mcc: 0.5616  clips:1
    ✓ Best model saved  (val_mcc: 0.5616)
    Epoch  24/100 — loss: 0.2735  val_loss: 0.3111  val_precision: 0.4491  val_f1_class_2: 0.5670  val_mcc: 0.5611  clips:2
    Epoch  25/100 — loss: 0.2729  val_loss: 0.3107  val_precision: 0.4513  val_f1_class_2: 0.5675  val_mcc: 0.5605  clips:1
    Epoch  26/100 — loss: 0.2724  val_loss: 0.3104  val_precision: 0.4478  val_f1_class_2: 0.5670  val_mcc: 0.5622  clips:3
    ✓ Best model saved  (val_mcc: 0.5622)
    Epoch  27/100 — loss: 0.2720  val_loss: 0.3099  val_precision: 0.4543  val_f1_class_2: 0.5682  val_mcc: 0.5617  clips:3
    Epoch  28/100 — loss: 0.2714  val_loss: 0.3104  val_precision: 0.4473  val_f1_class_2: 0.5675  val_mcc: 0.5598
    Epoch  29/100 — loss: 0.2707  val_loss: 0.3099  val_precision: 0.4467  val_f1_class_2: 0.5668  val_mcc: 0.5629  clips:1
    ✓ Best model saved  (val_mcc: 0.5629)
    Epoch  30/100 — loss: 0.2707  val_loss: 0.3098  val_precision: 0.4646  val_f1_class_2: 0.5683  val_mcc: 0.5599  clips:2
    Epoch  31/100 — loss: 0.2702  val_loss: 0.3090  val_precision: 0.4617  val_f1_class_2: 0.5695  val_mcc: 0.5613  clips:2
    Epoch  32/100 — loss: 0.2696  val_loss: 0.3092  val_precision: 0.4603  val_f1_class_2: 0.5683  val_mcc: 0.5609
    Epoch  33/100 — loss: 0.2693  val_loss: 0.3086  val_precision: 0.4497  val_f1_class_2: 0.5684  val_mcc: 0.5641  clips:32026-05-29 07:26:41,536 - freqtrade.optimize.backtesting - INFO - Backtesting with data from 2024-06-08 00:00:00 up to 2026-05-28 15:45:00 (719 days).

    ✓ Best model saved  (val_mcc: 0.5641)
    Epoch  34/100 — loss: 0.2691  val_loss: 0.3087  val_precision: 0.4549  val_f1_class_2: 0.5694  val_mcc: 0.5616  clips:4
    Epoch  35/100 — loss: 0.2685  val_loss: 0.3083  val_precision: 0.4458  val_f1_class_2: 0.5697  val_mcc: 0.5660  clips:1
    ✓ Best model saved  (val_mcc: 0.5660)
    Epoch  36/100 — loss: 0.2683  val_loss: 0.3082  val_precision: 0.4556  val_f1_class_2: 0.5702  val_mcc: 0.5637  clips:1
    Epoch  37/100 — loss: 0.2674  val_loss: 0.3082  val_precision: 0.4546  val_f1_class_2: 0.5708  val_mcc: 0.5665  clips:1
    ✓ Best model saved  (val_mcc: 0.5665)
    Epoch  38/100 — loss: 0.2677  val_loss: 0.3075  val_precision: 0.4606  val_f1_class_2: 0.5706  val_mcc: 0.5629  clips:6
    Epoch  39/100 — loss: 0.2672  val_loss: 0.3078  val_precision: 0.4563  val_f1_class_2: 0.5697  val_mcc: 0.5617  clips:4
    Epoch  40/100 — loss: 0.2669  val_loss: 0.3078  val_precision: 0.4473  val_f1_class_2: 0.5694  val_mcc: 0.5659
    Epoch  41/100 — loss: 0.2669  val_loss: 0.3073  val_precision: 0.4620  val_f1_class_2: 0.5702  val_mcc: 0.5618  clips:3
    Epoch  42/100 — loss: 0.2665  val_loss: 0.3071  val_precision: 0.4608  val_f1_class_2: 0.5703  val_mcc: 0.5628  clips:1
    Epoch  43/100 — loss: 0.2664  val_loss: 0.3068  val_precision: 0.4557  val_f1_class_2: 0.5718  val_mcc: 0.5658  clips:3
    Epoch  44/100 — loss: 0.2661  val_loss: 0.3071  val_precision: 0.4523  val_f1_class_2: 0.5709  val_mcc: 0.5658  clips:2
    Epoch  45/100 — loss: 0.2664  val_loss: 0.3073  val_precision: 0.4515  val_f1_class_2: 0.5696  val_mcc: 0.5643  clips:2
    ReduceLROnPlateau → lr=1.00e-05
    Epoch  46/100 — loss: 0.2653  val_loss: 0.3064  val_precision: 0.4651  val_f1_class_2: 0.5712  val_mcc: 0.5643  clips:2
    Epoch  47/100 — loss: 0.2647  val_loss: 0.3065  val_precision: 0.4637  val_f1_class_2: 0.5718  val_mcc: 0.5648  clips:3
    Epoch  48/100 — loss: 0.2651  val_loss: 0.3064  val_precision: 0.4618  val_f1_class_2: 0.5714  val_mcc: 0.5649  clips:1
    Epoch  49/100 — loss: 0.2648  val_loss: 0.3064  val_precision: 0.4655  val_f1_class_2: 0.5718  val_mcc: 0.5644  clips:1
    Epoch  50/100 — loss: 0.2646  val_loss: 0.3064  val_precision: 0.4606  val_f1_class_2: 0.5711  val_mcc: 0.5649  clips:2
    Epoch  51/100 — loss: 0.2652  val_loss: 0.3063  val_precision: 0.4644  val_f1_class_2: 0.5722  val_mcc: 0.5650  clips:1
    Epoch  52/100 — loss: 0.2643  val_loss: 0.3063  val_precision: 0.4631  val_f1_class_2: 0.5716  val_mcc: 0.5651  clips:1
    Epoch  53/100 — loss: 0.2649  val_loss: 0.3063  val_precision: 0.4640  val_f1_class_2: 0.5719  val_mcc: 0.5653
    ReduceLROnPlateau → lr=1.00e-06
    Epoch  54/100 — loss: 0.2645  val_loss: 0.3063  val_precision: 0.4611  val_f1_class_2: 0.5713  val_mcc: 0.5650  clips:1
    Epoch  55/100 — loss: 0.2650  val_loss: 0.3063  val_precision: 0.4618  val_f1_class_2: 0.5715  val_mcc: 0.5651  clips:3
    Epoch  56/100 — loss: 0.2650  val_loss: 0.3063  val_precision: 0.4618  val_f1_class_2: 0.5717  val_mcc: 0.5653  clips:1
    Epoch  57/100 — loss: 0.2644  val_loss: 0.3062  val_precision: 0.4624  val_f1_class_2: 0.5719  val_mcc: 0.5654  clips:1
    EarlyStopping at epoch 57 (no improvement for 20 epochs)
    Restoring best weights from /tmp/NNNC_DDPM_MLX_LSTM/checkpoint.safetensors
    Saving MLX model to: /Users/philprice95/projects/freqtrade/user_data/strategies/saved_data/NNNC_DDPM_MLX_LSTM/NNNC_DDPM_MLX_LSTM.safetensors
    Trading - Sell:
        min: 0.000 max: 0.881, mean: 0.177
        signals > 0.500: 12540 (18.2%)
        counts: [44300, 3379, 1952, 2024, 4867, 7272, 4520, 738, 10, 0, 0]
        percentages: [0.64, 0.05, 0.03, 0.03, 0.07, 0.11, 0.07, 0.01, 0.0, 0.0, 0.0]
        cumulative: [0.64, 0.69, 0.72, 0.75, 0.82, 0.92, 0.99, 1.0, 1.0, 1.0, 1.0]
    Trading - Hold:
        min: 0.035 max: 0.974, mean: 0.665
        signals > 0.500: 47097 (68.2%)
        counts: [1, 14, 1345, 7857, 12748, 11468, 5258, 3877, 6118, 20376, 0]
        percentages: [0.0, 0.0, 0.02, 0.11, 0.18, 0.17, 0.08, 0.06, 0.09, 0.3, 0.0]
        cumulative: [0.0, 0.0, 0.02, 0.13, 0.32, 0.48, 0.56, 0.62, 0.7, 1.0, 1.0]
    Trading - Buy:
        min: 0.000 max: 0.965, mean: 0.157
        signals > 0.500: 8664 (12.5%)
        counts: [45371, 3755, 2466, 2911, 5895, 4888, 3189, 583, 3, 1, 0]
        percentages: [0.66, 0.05, 0.04, 0.04, 0.09, 0.07, 0.05, 0.01, 0.0, 0.0, 0.0]
        cumulative: [0.66, 0.71, 0.75, 0.79, 0.87, 0.95, 0.99, 1.0, 1.0, 1.0, 1.0]

ZEC/USDT
    Comparing actual vs predicted signals

================================================================================
CLASSIFICATION PERFORMANCE ASSESSMENT (Tri-State)
================================================================================
--- Detailed Classification Report ---
              precision    recall  f1-score   support

         0.0      0.576     0.763     0.657      9463
         1.0      0.902     0.822     0.860     52507
         2.0      0.530     0.648     0.583      7092

    accuracy                          0.796     69062
   macro avg      0.669     0.744     0.700     69062
weighted avg      0.819     0.796     0.804     69062


--- Confusion Matrix ---
Rows = True, Columns = Predicted
             Sell     Hold      Buy
    Sell     7223     2220       20
    Hold     5297    43160     4050
     Buy       20     2478     4594

--- Qualitative Assessment of Key Metrics ---
Metric                    Score   Assessment                               Trading Context
-------------------------   -------   ----------------------------------------   ------------------------------
Precision (Sell)          0.576   Okay. Acceptable, but needs improvement. Avoid false sell signals (support: 9463.0)
Recall (Sell)             0.763   Good. Reliable performance.              Find all sell opportunities (support: 9463.0)
F1-Score (Sell)           0.657   Good. Reliable performance.              Balanced performance on Sell signal (support: 9463.0)
Precision (Hold)          0.902   Excellent. Very strong performance.      Correctly identify neutral periods (support: 52507.0)
Recall (Hold)             0.822   Excellent. Very strong performance.      Find all neutral periods (support: 52507.0)
F1-Score (Hold)           0.860   Excellent. Very strong performance.      Balanced performance on Hold signal (support: 52507.0)
Precision (Buy)           0.530   Okay. Acceptable, but needs improvement. Avoid false buy signals (support: 7092.0)
Recall (Buy)              0.648   Good. Reliable performance.              Find all buy opportunities (support: 7092.0)
F1-Score (Buy)            0.583   Okay. Acceptable, but needs improvement. Balanced performance on Buy signal (support: 7092.0)

--- Overall Performance Metrics ---

--- Qualitative Assessment of Key Metrics ---
Metric                    Score   Assessment                               Trading Context
-------------------------   -------   ----------------------------------------   ------------------------------
Macro Avg Precision       0.669   Good. Reliable performance.              Average precision across all classes
Macro Avg Recall          0.744   Good. Reliable performance.              Average recall across all classes
Macro Avg F1-Score        0.700   Good. Reliable performance.              Average F1-score across all classes
Weighted Avg Precision    0.819   Excellent. Very strong performance.      Support-weighted average precision
Weighted Avg Recall       0.796   Good. Reliable performance.              Support-weighted average recall
Weighted Avg F1-Score     0.804   Excellent. Very strong performance.      Support-weighted average F1-score
MCC                       0.538   Good. Reliable positive correlation.     Correlation between prediction and reality
Cohen's Kappa             0.532   Moderate. Meaningful agreement.          Agreement better than random chance

--- Summary and Recommendation ---
🌟 GOOD PERFORMANCE: The model shows strong balance (Macro F1-Score 0.700, Weighted F1-Score 0.804) and reliable correlation (MCC 0.538). All classes performing reasonably well.
================================================================================
    Trading - Sell:
        min: 0.000 max: 0.789, mean: 0.090
        signals > 0.500: 5931 (8.6%)
        counts: [57128, 2817, 1187, 926, 1073, 3013, 2573, 345, 0, 0, 0]
        percentages: [0.83, 0.04, 0.02, 0.01, 0.02, 0.04, 0.04, 0.0, 0.0, 0.0, 0.0]
        cumulative: [0.83, 0.87, 0.89, 0.9, 0.91, 0.96, 1.0, 1.0, 1.0, 1.0, 1.0]
    Trading - Hold:
        min: 0.074 max: 0.975, mean: 0.825
        signals > 0.500: 58016 (84.0%)
        counts: [1, 2, 649, 4983, 5411, 2402, 1955, 2230, 6017, 45412, 0]
        percentages: [0.0, 0.0, 0.01, 0.07, 0.08, 0.03, 0.03, 0.03, 0.09, 0.66, 0.0]
        cumulative: [0.0, 0.0, 0.01, 0.08, 0.16, 0.19, 0.22, 0.26, 0.34, 1.0, 1.0]
    Trading - Buy:
        min: 0.000 max: 0.926, mean: 0.085
        signals > 0.500: 4942 (7.2%)
        counts: [57918, 2998, 1153, 950, 1101, 2316, 2331, 292, 2, 1, 0]
        percentages: [0.84, 0.04, 0.02, 0.01, 0.02, 0.03, 0.03, 0.0, 0.0, 0.0, 0.0]
        cumulative: [0.84, 0.88, 0.9, 0.91, 0.93, 0.96, 1.0, 1.0, 1.0, 1.0, 1.0]

XRP/USDT
    Comparing actual vs predicted signals

================================================================================
CLASSIFICATION PERFORMANCE ASSESSMENT (Tri-State)
================================================================================
--- Detailed Classification Report ---
              precision    recall  f1-score   support

         0.0      0.635     0.865     0.733      4355
         1.0      0.977     0.936     0.956     60725
         2.0      0.652     0.810     0.723      3982

    accuracy                          0.924     69062
   macro avg      0.755     0.870     0.804     69062
weighted avg      0.937     0.924     0.929     69062


--- Confusion Matrix ---
Rows = True, Columns = Predicted
             Sell     Hold      Buy
    Sell     3769      585        1
    Hold     2154    56854     1717
     Buy        8      750     3224

--- Qualitative Assessment of Key Metrics ---
Metric                    Score   Assessment                               Trading Context
-------------------------   -------   ----------------------------------------   ------------------------------
Precision (Sell)          0.635   Good. Reliable performance.              Avoid false sell signals (support: 4355.0)
Recall (Sell)             0.865   Excellent. Very strong performance.      Find all sell opportunities (support: 4355.0)
F1-Score (Sell)           0.733   Good. Reliable performance.              Balanced performance on Sell signal (support: 4355.0)
Precision (Hold)          0.977   Excellent. Very strong performance.      Correctly identify neutral periods (support: 60725.0)
Recall (Hold)             0.936   Excellent. Very strong performance.      Find all neutral periods (support: 60725.0)
F1-Score (Hold)           0.956   Excellent. Very strong performance.      Balanced performance on Hold signal (support: 60725.0)
Precision (Buy)           0.652   Good. Reliable performance.              Avoid false buy signals (support: 3982.0)
Recall (Buy)              0.810   Excellent. Very strong performance.      Find all buy opportunities (support: 3982.0)
F1-Score (Buy)            0.723   Good. Reliable performance.              Balanced performance on Buy signal (support: 3982.0)

--- Overall Performance Metrics ---

--- Qualitative Assessment of Key Metrics ---
Metric                    Score   Assessment                               Trading Context
-------------------------   -------   ----------------------------------------   ------------------------------
Macro Avg Precision       0.755   Good. Reliable performance.              Average precision across all classes
Macro Avg Recall          0.870   Excellent. Very strong performance.      Average recall across all classes
Macro Avg F1-Score        0.804   Excellent. Very strong performance.      Average F1-score across all classes
Weighted Avg Precision    0.937   Excellent. Very strong performance.      Support-weighted average precision
Weighted Avg Recall       0.924   Excellent. Very strong performance.      Support-weighted average recall
Weighted Avg F1-Score     0.929   Excellent. Very strong performance.      Support-weighted average F1-score
MCC                       0.705   Excellent. Strong positive correlation.  Correlation between prediction and reality
Cohen's Kappa             0.697   Substantial. Strong agreement.           Agreement better than random chance

--- Summary and Recommendation ---
🌟 GOOD PERFORMANCE: The model shows strong balance (Macro F1-Score 0.804, Weighted F1-Score 0.929) and reliable correlation (MCC 0.705). All classes performing reasonably well.
================================================================================
    Trading - Sell:
        min: 0.000 max: 0.786, mean: 0.095
        signals > 0.500: 5930 (8.6%)
        counts: [55549, 3320, 1612, 1212, 1439, 3552, 2276, 102, 0, 0, 0]
        percentages: [0.8, 0.05, 0.02, 0.02, 0.02, 0.05, 0.03, 0.0, 0.0, 0.0, 0.0]
        cumulative: [0.8, 0.85, 0.88, 0.89, 0.91, 0.97, 1.0, 1.0, 1.0, 1.0, 1.0]
    Trading - Hold:
        min: 0.169 max: 0.975, mean: 0.810
        signals > 0.500: 57356 (83.1%)
        counts: [0, 3, 221, 4926, 6556, 2968, 2566, 3135, 7534, 41153, 0]
        percentages: [0.0, 0.0, 0.0, 0.07, 0.09, 0.04, 0.04, 0.05, 0.11, 0.6, 0.0]
        cumulative: [0.0, 0.0, 0.0, 0.07, 0.17, 0.21, 0.25, 0.3, 0.4, 1.0, 1.0]
    Trading - Buy:
        min: 0.000 max: 0.831, mean: 0.095
        signals > 0.500: 5580 (8.1%)
        counts: [55490, 3832, 1558, 1176, 1426, 2902, 2563, 112, 3, 0, 0]
        percentages: [0.8, 0.06, 0.02, 0.02, 0.02, 0.04, 0.04, 0.0, 0.0, 0.0, 0.0]
        cumulative: [0.8, 0.86, 0.88, 0.9, 0.92, 0.96, 1.0, 1.0, 1.0, 1.0, 1.0]

SOL/USDT
    Comparing actual vs predicted signals

================================================================================
CLASSIFICATION PERFORMANCE ASSESSMENT (Tri-State)
================================================================================
--- Detailed Classification Report ---
              precision    recall  f1-score   support

         0.0      0.553     0.848     0.670      3870
         1.0      0.974     0.919     0.946     60988
         2.0      0.588     0.780     0.671      4204

    accuracy                          0.907     69062
   macro avg      0.705     0.849     0.762     69062
weighted avg      0.927     0.907     0.913     69062


--- Confusion Matrix ---
Rows = True, Columns = Predicted
             Sell     Hold      Buy
    Sell     3281      585        4
    Hold     2647    56046     2295
     Buy        2      921     3281

--- Qualitative Assessment of Key Metrics ---
Metric                    Score   Assessment                               Trading Context
-------------------------   -------   ----------------------------------------   ------------------------------
Precision (Sell)          0.553   Okay. Acceptable, but needs improvement. Avoid false sell signals (support: 3870.0)
Recall (Sell)             0.848   Excellent. Very strong performance.      Find all sell opportunities (support: 3870.0)
F1-Score (Sell)           0.670   Good. Reliable performance.              Balanced performance on Sell signal (support: 3870.0)
Precision (Hold)          0.974   Excellent. Very strong performance.      Correctly identify neutral periods (support: 60988.0)
Recall (Hold)             0.919   Excellent. Very strong performance.      Find all neutral periods (support: 60988.0)
F1-Score (Hold)           0.946   Excellent. Very strong performance.      Balanced performance on Hold signal (support: 60988.0)
Precision (Buy)           0.588   Okay. Acceptable, but needs improvement. Avoid false buy signals (support: 4204.0)
Recall (Buy)              0.780   Good. Reliable performance.              Find all buy opportunities (support: 4204.0)
F1-Score (Buy)            0.671   Good. Reliable performance.              Balanced performance on Buy signal (support: 4204.0)

--- Overall Performance Metrics ---

--- Qualitative Assessment of Key Metrics ---
Metric                    Score   Assessment                               Trading Context
-------------------------   -------   ----------------------------------------   ------------------------------
Macro Avg Precision       0.705   Good. Reliable performance.              Average precision across all classes
Macro Avg Recall          0.849   Excellent. Very strong performance.      Average recall across all classes
Macro Avg F1-Score        0.762   Good. Reliable performance.              Average F1-score across all classes
Weighted Avg Precision    0.927   Excellent. Very strong performance.      Support-weighted average precision
Weighted Avg Recall       0.907   Excellent. Very strong performance.      Support-weighted average recall
Weighted Avg F1-Score     0.913   Excellent. Very strong performance.      Support-weighted average F1-score
MCC                       0.645   Excellent. Strong positive correlation.  Correlation between prediction and reality
Cohen's Kappa             0.633   Substantial. Strong agreement.           Agreement better than random chance

--- Summary and Recommendation ---
🌟 GOOD PERFORMANCE: The model shows strong balance (Macro F1-Score 0.762, Weighted F1-Score 0.913) and reliable correlation (MCC 0.645). All classes performing reasonably well.
================================================================================
    Trading - Sell:
        min: 0.000 max: 0.799, mean: 0.108
        signals > 0.500: 7088 (10.3%)
        counts: [53648, 3536, 1648, 1339, 1803, 4133, 2788, 167, 0, 0, 0]
        percentages: [0.78, 0.05, 0.02, 0.02, 0.03, 0.06, 0.04, 0.0, 0.0, 0.0, 0.0]
        cumulative: [0.78, 0.83, 0.85, 0.87, 0.9, 0.96, 1.0, 1.0, 1.0, 1.0, 1.0]
    Trading - Hold:
        min: 0.201 max: 0.973, mean: 0.788
        signals > 0.500: 55660 (80.6%)
        counts: [0, 0, 386, 5492, 7524, 3799, 2851, 3340, 7976, 37694, 0]
        percentages: [0.0, 0.0, 0.01, 0.08, 0.11, 0.06, 0.04, 0.05, 0.12, 0.55, 0.0]
        cumulative: [0.0, 0.0, 0.01, 0.09, 0.19, 0.25, 0.29, 0.34, 0.45, 1.0, 1.0]
    Trading - Buy:
        min: 0.000 max: 0.777, mean: 0.104
        signals > 0.500: 6074 (8.8%)
        counts: [54105, 4004, 1706, 1389, 1784, 3258, 2606, 210, 0, 0, 0]
        percentages: [0.78, 0.06, 0.02, 0.02, 0.03, 0.05, 0.04, 0.0, 0.0, 0.0, 0.0]
        cumulative: [0.78, 0.84, 0.87, 0.89, 0.91, 0.96, 1.0, 1.0, 1.0, 1.0, 1.0]

LINK/USDT
    Comparing actual vs predicted signals

================================================================================
CLASSIFICATION PERFORMANCE ASSESSMENT (Tri-State)
================================================================================
--- Detailed Classification Report ---
              precision    recall  f1-score   support

         0.0      0.589     0.822     0.686      5081
         1.0      0.962     0.911     0.936     59086
         2.0      0.608     0.754     0.673      4895

    accuracy                          0.893     69062
   macro avg      0.720     0.829     0.765     69062
weighted avg      0.910     0.893     0.899     69062


--- Confusion Matrix ---
Rows = True, Columns = Predicted
             Sell     Hold      Buy
    Sell     4177      903        1
    Hold     2904    53802     2380
     Buy        7     1195     3693

--- Qualitative Assessment of Key Metrics ---
Metric                    Score   Assessment                               Trading Context
-------------------------   -------   ----------------------------------------   ------------------------------
Precision (Sell)          0.589   Okay. Acceptable, but needs improvement. Avoid false sell signals (support: 5081.0)
Recall (Sell)             0.822   Excellent. Very strong performance.      Find all sell opportunities (support: 5081.0)
F1-Score (Sell)           0.686   Good. Reliable performance.              Balanced performance on Sell signal (support: 5081.0)
Precision (Hold)          0.962   Excellent. Very strong performance.      Correctly identify neutral periods (support: 59086.0)
Recall (Hold)             0.911   Excellent. Very strong performance.      Find all neutral periods (support: 59086.0)
F1-Score (Hold)           0.936   Excellent. Very strong performance.      Balanced performance on Hold signal (support: 59086.0)
Precision (Buy)           0.608   Good. Reliable performance.              Avoid false buy signals (support: 4895.0)
Recall (Buy)              0.754   Good. Reliable performance.              Find all buy opportunities (support: 4895.0)
F1-Score (Buy)            0.673   Good. Reliable performance.              Balanced performance on Buy signal (support: 4895.0)

--- Overall Performance Metrics ---

--- Qualitative Assessment of Key Metrics ---
Metric                    Score   Assessment                               Trading Context
-------------------------   -------   ----------------------------------------   ------------------------------
Macro Avg Precision       0.720   Good. Reliable performance.              Average precision across all classes
Macro Avg Recall          0.829   Excellent. Very strong performance.      Average recall across all classes
Macro Avg F1-Score        0.765   Good. Reliable performance.              Average F1-score across all classes
Weighted Avg Precision    0.910   Excellent. Very strong performance.      Support-weighted average precision
Weighted Avg Recall       0.893   Excellent. Very strong performance.      Support-weighted average recall
Weighted Avg F1-Score     0.899   Excellent. Very strong performance.      Support-weighted average F1-score
MCC                       0.644   Excellent. Strong positive correlation.  Correlation between prediction and reality
Cohen's Kappa             0.636   Substantial. Strong agreement.           Agreement better than random chance

--- Summary and Recommendation ---
🌟 GOOD PERFORMANCE: The model shows strong balance (Macro F1-Score 0.765, Weighted F1-Score 0.899) and reliable correlation (MCC 0.644). All classes performing reasonably well.
================================================================================
    Trading - Sell:
        min: 0.000 max: 0.834, mean: 0.160
        signals > 0.500: 10480 (15.2%)
        counts: [45265, 4123, 2410, 2302, 4482, 7309, 2980, 189, 2, 0, 0]
        percentages: [0.66, 0.06, 0.03, 0.03, 0.06, 0.11, 0.04, 0.0, 0.0, 0.0, 0.0]
        cumulative: [0.66, 0.72, 0.75, 0.78, 0.85, 0.95, 1.0, 1.0, 1.0, 1.0, 1.0]
    Trading - Hold:
        min: 0.074 max: 0.973, mean: 0.695
        signals > 0.500: 50309 (72.8%)
        counts: [1, 3, 415, 5297, 13037, 10180, 5843, 4846, 7998, 21442, 0]
        percentages: [0.0, 0.0, 0.01, 0.08, 0.19, 0.15, 0.08, 0.07, 0.12, 0.31, 0.0]
        cumulative: [0.0, 0.0, 0.01, 0.08, 0.27, 0.42, 0.5, 0.57, 0.69, 1.0, 1.0]
    Trading - Buy:
        min: 0.000 max: 0.922, mean: 0.145
        signals > 0.500: 7705 (11.2%)
        counts: [46088, 4372, 2869, 3027, 5001, 5265, 2224, 215, 0, 1, 0]
        percentages: [0.67, 0.06, 0.04, 0.04, 0.07, 0.08, 0.03, 0.0, 0.0, 0.0, 0.0]
        cumulative: [0.67, 0.73, 0.77, 0.82, 0.89, 0.96, 1.0, 1.0, 1.0, 1.0, 1.0]

NEAR/USDT
    Comparing actual vs predicted signals

================================================================================
CLASSIFICATION PERFORMANCE ASSESSMENT (Tri-State)
================================================================================
--- Detailed Classification Report ---
              precision    recall  f1-score   support

         0.0      0.528     0.725     0.611      7632
         1.0      0.900     0.844     0.871     54251
         2.0      0.543     0.583     0.562      7179

    accuracy                          0.804     69062
   macro avg      0.657     0.717     0.682     69062
weighted avg      0.822     0.804     0.810     69062


--- Confusion Matrix ---
Rows = True, Columns = Predicted
             Sell     Hold      Buy
    Sell     5534     2092        6
    Hold     4938    45799     3514
     Buy        8     2986     4185

--- Qualitative Assessment of Key Metrics ---
Metric                    Score   Assessment                               Trading Context
-------------------------   -------   ----------------------------------------   ------------------------------
Precision (Sell)          0.528   Okay. Acceptable, but needs improvement. Avoid false sell signals (support: 7632.0)
Recall (Sell)             0.725   Good. Reliable performance.              Find all sell opportunities (support: 7632.0)
F1-Score (Sell)           0.611   Good. Reliable performance.              Balanced performance on Sell signal (support: 7632.0)
Precision (Hold)          0.900   Excellent. Very strong performance.      Correctly identify neutral periods (support: 54251.0)
Recall (Hold)             0.844   Excellent. Very strong performance.      Find all neutral periods (support: 54251.0)
F1-Score (Hold)           0.871   Excellent. Very strong performance.      Balanced performance on Hold signal (support: 54251.0)
Precision (Buy)           0.543   Okay. Acceptable, but needs improvement. Avoid false buy signals (support: 7179.0)
Recall (Buy)              0.583   Okay. Acceptable, but needs improvement. Find all buy opportunities (support: 7179.0)
F1-Score (Buy)            0.562   Okay. Acceptable, but needs improvement. Balanced performance on Buy signal (support: 7179.0)

--- Overall Performance Metrics ---

--- Qualitative Assessment of Key Metrics ---
Metric                    Score   Assessment                               Trading Context
-------------------------   -------   ----------------------------------------   ------------------------------
Macro Avg Precision       0.657   Good. Reliable performance.              Average precision across all classes
Macro Avg Recall          0.717   Good. Reliable performance.              Average recall across all classes
Macro Avg F1-Score        0.682   Good. Reliable performance.              Average F1-score across all classes
Weighted Avg Precision    0.822   Excellent. Very strong performance.      Support-weighted average precision
Weighted Avg Recall       0.804   Excellent. Very strong performance.      Support-weighted average recall
Weighted Avg F1-Score     0.810   Excellent. Very strong performance.      Support-weighted average F1-score
MCC                       0.505   Good. Reliable positive correlation.     Correlation between prediction and reality
Cohen's Kappa             0.501   Moderate. Meaningful agreement.          Agreement better than random chance

--- Summary and Recommendation ---
🌟 GOOD PERFORMANCE: The model shows strong balance (Macro F1-Score 0.682, Weighted F1-Score 0.810) and reliable correlation (MCC 0.505). All classes performing reasonably well.
================================================================================
    Trading - Sell:
        min: 0.000 max: 0.829, mean: 0.146
        signals > 0.500: 9007 (13.0%)
        counts: [47251, 4188, 2319, 2222, 4075, 6251, 2564, 190, 2, 0, 0]
        percentages: [0.68, 0.06, 0.03, 0.03, 0.06, 0.09, 0.04, 0.0, 0.0, 0.0, 0.0]
        cumulative: [0.68, 0.74, 0.78, 0.81, 0.87, 0.96, 1.0, 1.0, 1.0, 1.0, 1.0]
    Trading - Hold:
        min: 0.042 max: 0.975, mean: 0.725
        signals > 0.500: 53432 (77.4%)
        counts: [2, 5, 380, 4595, 10648, 9085, 5563, 4796, 8553, 25435, 0]
        percentages: [0.0, 0.0, 0.01, 0.07, 0.15, 0.13, 0.08, 0.07, 0.12, 0.37, 0.0]
        cumulative: [0.0, 0.0, 0.01, 0.07, 0.23, 0.36, 0.44, 0.51, 0.63, 1.0, 1.0]
    Trading - Buy:
        min: 0.000 max: 0.957, mean: 0.129
        signals > 0.500: 6180 (8.9%)
        counts: [48464, 4465, 2713, 2861, 4379, 4055, 1939, 181, 3, 2, 0]
        percentages: [0.7, 0.06, 0.04, 0.04, 0.06, 0.06, 0.03, 0.0, 0.0, 0.0, 0.0]
        cumulative: [0.7, 0.77, 0.81, 0.85, 0.91, 0.97, 1.0, 1.0, 1.0, 1.0, 1.0]

AAVE/USDT
    Comparing actual vs predicted signals

================================================================================
CLASSIFICATION PERFORMANCE ASSESSMENT (Tri-State)
================================================================================
--- Detailed Classification Report ---
              precision    recall  f1-score   support

         0.0      0.530     0.719     0.610      6640
         1.0      0.918     0.876     0.897     56477
         2.0      0.551     0.573     0.562      5945

    accuracy                          0.835     69062
   macro avg      0.667     0.723     0.690     69062
weighted avg      0.850     0.835     0.840     69062


--- Confusion Matrix ---
Rows = True, Columns = Predicted
             Sell     Hold      Buy
    Sell     4772     1860        8
    Hold     4229    49484     2764
     Buy        6     2531     3408

--- Qualitative Assessment of Key Metrics ---
Metric                    Score   Assessment                               Trading Context
-------------------------   -------   ----------------------------------------   ------------------------------
Precision (Sell)          0.530   Okay. Acceptable, but needs improvement. Avoid false sell signals (support: 6640.0)
Recall (Sell)             0.719   Good. Reliable performance.              Find all sell opportunities (support: 6640.0)
F1-Score (Sell)           0.610   Good. Reliable performance.              Balanced performance on Sell signal (support: 6640.0)
Precision (Hold)          0.918   Excellent. Very strong performance.      Correctly identify neutral periods (support: 56477.0)
Recall (Hold)             0.876   Excellent. Very strong performance.      Find all neutral periods (support: 56477.0)
F1-Score (Hold)           0.897   Excellent. Very strong performance.      Balanced performance on Hold signal (support: 56477.0)
Precision (Buy)           0.551   Okay. Acceptable, but needs improvement. Avoid false buy signals (support: 5945.0)
Recall (Buy)              0.573   Okay. Acceptable, but needs improvement. Find all buy opportunities (support: 5945.0)
F1-Score (Buy)            0.562   Okay. Acceptable, but needs improvement. Balanced performance on Buy signal (support: 5945.0)

--- Overall Performance Metrics ---

--- Qualitative Assessment of Key Metrics ---
Metric                    Score   Assessment                               Trading Context
-------------------------   -------   ----------------------------------------   ------------------------------
Macro Avg Precision       0.667   Good. Reliable performance.              Average precision across all classes
Macro Avg Recall          0.723   Good. Reliable performance.              Average recall across all classes
Macro Avg F1-Score        0.690   Good. Reliable performance.              Average F1-score across all classes
Weighted Avg Precision    0.850   Excellent. Very strong performance.      Support-weighted average precision
Weighted Avg Recall       0.835   Excellent. Very strong performance.      Support-weighted average recall
Weighted Avg F1-Score     0.840   Excellent. Very strong performance.      Support-weighted average F1-score
MCC                       0.521   Good. Reliable positive correlation.     Correlation between prediction and reality
Cohen's Kappa             0.517   Moderate. Meaningful agreement.          Agreement better than random chance

--- Summary and Recommendation ---
🌟 GOOD PERFORMANCE: The model shows strong balance (Macro F1-Score 0.690, Weighted F1-Score 0.840) and reliable correlation (MCC 0.521). All classes performing reasonably well.
================================================================================
    Trading - Sell:
        min: 0.000 max: 0.831, mean: 0.147
        signals > 0.500: 8557 (12.4%)
        counts: [48342, 3006, 1861, 1941, 5445, 5825, 2223, 487, 22, 0, 0]
        percentages: [0.7, 0.04, 0.03, 0.03, 0.08, 0.08, 0.03, 0.01, 0.0, 0.0, 0.0]
        cumulative: [0.7, 0.74, 0.77, 0.8, 0.88, 0.96, 0.99, 1.0, 1.0, 1.0, 1.0]
    Trading - Hold:
        min: 0.167 max: 0.976, mean: 0.721
        signals > 0.500: 54306 (78.5%)
        counts: [0, 35, 814, 3804, 10193, 12354, 5395, 3575, 5695, 27287, 0]
        percentages: [0.0, 0.0, 0.01, 0.06, 0.15, 0.18, 0.08, 0.05, 0.08, 0.39, 0.0]
        cumulative: [0.0, 0.0, 0.01, 0.07, 0.21, 0.39, 0.47, 0.52, 0.61, 1.0, 1.0]
    Trading - Buy:
        min: 0.000 max: 0.824, mean: 0.133
        signals > 0.500: 5720 (8.3%)
        counts: [48719, 3274, 2137, 3201, 6101, 3924, 1485, 300, 11, 0, 0]
        percentages: [0.7, 0.05, 0.03, 0.05, 0.09, 0.06, 0.02, 0.0, 0.0, 0.0, 0.0]
        cumulative: [0.7, 0.75, 0.78, 0.83, 0.92, 0.97, 1.0, 1.0, 1.0, 1.0, 1.0]

DASH/USDT
    Comparing actual vs predicted signals

================================================================================
CLASSIFICATION PERFORMANCE ASSESSMENT (Tri-State)
================================================================================
--- Detailed Classification Report ---
              precision    recall  f1-score   support

         0.0      0.479     0.663     0.556      6180
         1.0      0.919     0.870     0.894     57983
         2.0      0.453     0.520     0.484      4989

    accuracy                          0.826     69152
   macro avg      0.617     0.684     0.645     69152
weighted avg      0.846     0.826     0.834     69152


--- Confusion Matrix ---
Rows = True, Columns = Predicted
             Sell     Hold      Buy
    Sell     4096     2065       19
    Hold     4440    50435     3108
     Buy       21     2375     2593

--- Qualitative Assessment of Key Metrics ---
Metric                    Score   Assessment                               Trading Context
-------------------------   -------   ----------------------------------------   ------------------------------
Precision (Sell)          0.479   Okay. Acceptable, but needs improvement. Avoid false sell signals (support: 6180.0)
Recall (Sell)             0.663   Good. Reliable performance.              Find all sell opportunities (support: 6180.0)
F1-Score (Sell)           0.556   Okay. Acceptable, but needs improvement. Balanced performance on Sell signal (support: 6180.0)
Precision (Hold)          0.919   Excellent. Very strong performance.      Correctly identify neutral periods (support: 57983.0)
Recall (Hold)             0.870   Excellent. Very strong performance.      Find all neutral periods (support: 57983.0)
F1-Score (Hold)           0.894   Excellent. Very strong performance.      Balanced performance on Hold signal (support: 57983.0)
Precision (Buy)           0.453   Okay. Acceptable, but needs improvement. Avoid false buy signals (support: 4989.0)
Recall (Buy)              0.520   Okay. Acceptable, but needs improvement. Find all buy opportunities (support: 4989.0)
F1-Score (Buy)            0.484   Okay. Acceptable, but needs improvement. Balanced performance on Buy signal (support: 4989.0)

--- Overall Performance Metrics ---

--- Qualitative Assessment of Key Metrics ---
Metric                    Score   Assessment                               Trading Context
-------------------------   -------   ----------------------------------------   ------------------------------
Macro Avg Precision       0.617   Good. Reliable performance.              Average precision across all classes
Macro Avg Recall          0.684   Good. Reliable performance.              Average recall across all classes
Macro Avg F1-Score        0.645   Good. Reliable performance.              Average F1-score across all classes
Weighted Avg Precision    0.846   Excellent. Very strong performance.      Support-weighted average precision
Weighted Avg Recall       0.826   Excellent. Very strong performance.      Support-weighted average recall
Weighted Avg F1-Score     0.834   Excellent. Very strong performance.      Support-weighted average F1-score
MCC                       0.457   Good. Reliable positive correlation.     Correlation between prediction and reality
Cohen's Kappa             0.452   Moderate. Meaningful agreement.          Agreement better than random chance

--- Summary and Recommendation ---
🌟 GOOD PERFORMANCE: The model shows strong balance (Macro F1-Score 0.645, Weighted F1-Score 0.834) and reliable correlation (MCC 0.457). All classes performing reasonably well.
================================================================================
    Trading - Sell:
        min: 0.000 max: 0.808, mean: 0.150
        signals > 0.500: 11008 (15.9%)
        counts: [47563, 4076, 2156, 1848, 2501, 6192, 4465, 350, 1, 0, 0]
        percentages: [0.69, 0.06, 0.03, 0.03, 0.04, 0.09, 0.06, 0.01, 0.0, 0.0, 0.0]
        cumulative: [0.69, 0.75, 0.78, 0.8, 0.84, 0.93, 0.99, 1.0, 1.0, 1.0, 1.0]
    Trading - Hold:
        min: 0.073 max: 0.973, mean: 0.703
        signals > 0.500: 48249 (69.8%)
        counts: [2, 7, 764, 8566, 11564, 6061, 4435, 4614, 8660, 24479, 0]
        percentages: [0.0, 0.0, 0.01, 0.12, 0.17, 0.09, 0.06, 0.07, 0.13, 0.35, 0.0]
        cumulative: [0.0, 0.0, 0.01, 0.14, 0.3, 0.39, 0.45, 0.52, 0.65, 1.0, 1.0]
    Trading - Buy:
        min: 0.000 max: 0.927, mean: 0.146
        signals > 0.500: 9365 (13.5%)
        counts: [47075, 4693, 2681, 2182, 3156, 5012, 3949, 397, 5, 2, 0]
        percentages: [0.68, 0.07, 0.04, 0.03, 0.05, 0.07, 0.06, 0.01, 0.0, 0.0, 0.0]
        cumulative: [0.68, 0.75, 0.79, 0.82, 0.86, 0.94, 0.99, 1.0, 1.0, 1.0, 1.0]

SUI/USDT
    Comparing actual vs predicted signals

================================================================================
CLASSIFICATION PERFORMANCE ASSESSMENT (Tri-State)
================================================================================
--- Detailed Classification Report ---
              precision    recall  f1-score   support

         0.0      0.616     0.820     0.703      8272
         1.0      0.926     0.852     0.887     53008
         2.0      0.610     0.726     0.663      7872

    accuracy                          0.834     69152
   macro avg      0.717     0.799     0.751     69152
weighted avg      0.853     0.834     0.840     69152


--- Confusion Matrix ---
Rows = True, Columns = Predicted
             Sell     Hold      Buy
    Sell     6781     1480       11
    Hold     4215    45155     3638
     Buy       12     2144     5716

--- Qualitative Assessment of Key Metrics ---
Metric                    Score   Assessment                               Trading Context
-------------------------   -------   ----------------------------------------   ------------------------------
Precision (Sell)          0.616   Good. Reliable performance.              Avoid false sell signals (support: 8272.0)
Recall (Sell)             0.820   Excellent. Very strong performance.      Find all sell opportunities (support: 8272.0)
F1-Score (Sell)           0.703   Good. Reliable performance.              Balanced performance on Sell signal (support: 8272.0)
Precision (Hold)          0.926   Excellent. Very strong performance.      Correctly identify neutral periods (support: 53008.0)
Recall (Hold)             0.852   Excellent. Very strong performance.      Find all neutral periods (support: 53008.0)
F1-Score (Hold)           0.887   Excellent. Very strong performance.      Balanced performance on Hold signal (support: 53008.0)
Precision (Buy)           0.610   Good. Reliable performance.              Avoid false buy signals (support: 7872.0)
Recall (Buy)              0.726   Good. Reliable performance.              Find all buy opportunities (support: 7872.0)
F1-Score (Buy)            0.663   Good. Reliable performance.              Balanced performance on Buy signal (support: 7872.0)

--- Overall Performance Metrics ---

--- Qualitative Assessment of Key Metrics ---
Metric                    Score   Assessment                               Trading Context
-------------------------   -------   ----------------------------------------   ------------------------------
Macro Avg Precision       0.717   Good. Reliable performance.              Average precision across all classes
Macro Avg Recall          0.799   Good. Reliable performance.              Average recall across all classes
Macro Avg F1-Score        0.751   Good. Reliable performance.              Average F1-score across all classes
Weighted Avg Precision    0.853   Excellent. Very strong performance.      Support-weighted average precision
Weighted Avg Recall       0.834   Excellent. Very strong performance.      Support-weighted average recall
Weighted Avg F1-Score     0.840   Excellent. Very strong performance.      Support-weighted average F1-score
MCC                       0.615   Excellent. Strong positive correlation.  Correlation between prediction and reality
Cohen's Kappa             0.609   Moderate. Meaningful agreement.          Agreement better than random chance

--- Summary and Recommendation ---
🌟 GOOD PERFORMANCE: The model shows strong balance (Macro F1-Score 0.751, Weighted F1-Score 0.840) and reliable correlation (MCC 0.615). All classes performing reasonably well.
================================================================================
    Trading - Sell:
        min: 0.000 max: 0.764, mean: 0.115
        signals > 0.500: 7506 (10.9%)
        counts: [52455, 3851, 1883, 1500, 1957, 4636, 2751, 119, 0, 0, 0]
        percentages: [0.76, 0.06, 0.03, 0.02, 0.03, 0.07, 0.04, 0.0, 0.0, 0.0, 0.0]
        cumulative: [0.76, 0.81, 0.84, 0.86, 0.89, 0.96, 1.0, 1.0, 1.0, 1.0, 1.0]
    Trading - Hold:
        min: 0.213 max: 0.973, mean: 0.776
        signals > 0.500: 55310 (80.0%)
        counts: [0, 0, 312, 5444, 8086, 4462, 3438, 3904, 8801, 34705, 0]
        percentages: [0.0, 0.0, 0.0, 0.08, 0.12, 0.06, 0.05, 0.06, 0.13, 0.5, 0.0]
        cumulative: [0.0, 0.0, 0.0, 0.08, 0.2, 0.26, 0.31, 0.37, 0.5, 1.0, 1.0]
    Trading - Buy:
        min: 0.000 max: 0.786, mean: 0.110
        signals > 0.500: 6099 (8.8%)
        counts: [52739, 4318, 2069, 1726, 2201, 3320, 2592, 187, 0, 0, 0]
        percentages: [0.76, 0.06, 0.03, 0.02, 0.03, 0.05, 0.04, 0.0, 0.0, 0.0, 0.0]
        cumulative: [0.76, 0.83, 0.86, 0.88, 0.91, 0.96, 1.0, 1.0, 1.0, 1.0, 1.0]

AVAX/USDT
    Comparing actual vs predicted signals

================================================================================
CLASSIFICATION PERFORMANCE ASSESSMENT (Tri-State)
================================================================================
--- Detailed Classification Report ---
              precision    recall  f1-score   support

         0.0      0.561     0.820     0.666      5133
         1.0      0.957     0.904     0.930     58766
         2.0      0.618     0.718     0.664      5253

    accuracy                          0.884     69152
   macro avg      0.712     0.814     0.753     69152
weighted avg      0.902     0.884     0.890     69152


--- Confusion Matrix ---
Rows = True, Columns = Predicted
             Sell     Hold      Buy
    Sell     4210      916        7
    Hold     3291    53153     2322
     Buy        5     1478     3770

--- Qualitative Assessment of Key Metrics ---
Metric                    Score   Assessment                               Trading Context
-------------------------   -------   ----------------------------------------   ------------------------------
Precision (Sell)          0.561   Okay. Acceptable, but needs improvement. Avoid false sell signals (support: 5133.0)
Recall (Sell)             0.820   Excellent. Very strong performance.      Find all sell opportunities (support: 5133.0)
F1-Score (Sell)           0.666   Good. Reliable performance.              Balanced performance on Sell signal (support: 5133.0)
Precision (Hold)          0.957   Excellent. Very strong performance.      Correctly identify neutral periods (support: 58766.0)
Recall (Hold)             0.904   Excellent. Very strong performance.      Find all neutral periods (support: 58766.0)
F1-Score (Hold)           0.930   Excellent. Very strong performance.      Balanced performance on Hold signal (support: 58766.0)
Precision (Buy)           0.618   Good. Reliable performance.              Avoid false buy signals (support: 5253.0)
Recall (Buy)              0.718   Good. Reliable performance.              Find all buy opportunities (support: 5253.0)
F1-Score (Buy)            0.664   Good. Reliable performance.              Balanced performance on Buy signal (support: 5253.0)

--- Overall Performance Metrics ---

--- Qualitative Assessment of Key Metrics ---
Metric                    Score   Assessment                               Trading Context
-------------------------   -------   ----------------------------------------   ------------------------------
Macro Avg Precision       0.712   Good. Reliable performance.              Average precision across all classes
Macro Avg Recall          0.814   Excellent. Very strong performance.      Average recall across all classes
Macro Avg F1-Score        0.753   Good. Reliable performance.              Average F1-score across all classes
Weighted Avg Precision    0.902   Excellent. Very strong performance.      Support-weighted average precision
Weighted Avg Recall       0.884   Excellent. Very strong performance.      Support-weighted average recall
Weighted Avg F1-Score     0.890   Excellent. Very strong performance.      Support-weighted average F1-score
MCC                       0.624   Excellent. Strong positive correlation.  Correlation between prediction and reality
Cohen's Kappa             0.617   Substantial. Strong agreement.           Agreement better than random chance

--- Summary and Recommendation ---
🌟 GOOD PERFORMANCE: The model shows strong balance (Macro F1-Score 0.753, Weighted F1-Score 0.890) and reliable correlation (MCC 0.624). All classes performing reasonably well.
================================================================================
    Trading - Sell:
        min: 0.000 max: 0.855, mean: 0.093
        signals > 0.500: 5434 (7.9%)
        counts: [55804, 3594, 1707, 1265, 1348, 2863, 2419, 151, 1, 0, 0]
        percentages: [0.81, 0.05, 0.02, 0.02, 0.02, 0.04, 0.03, 0.0, 0.0, 0.0, 0.0]
        cumulative: [0.81, 0.86, 0.88, 0.9, 0.92, 0.96, 1.0, 1.0, 1.0, 1.0, 1.0]
    Trading - Hold:
        min: 0.144 max: 0.974, mean: 0.814
        signals > 0.500: 58531 (84.6%)
        counts: [0, 1, 357, 4646, 5617, 3271, 2763, 3342, 7697, 41458, 0]
        percentages: [0.0, 0.0, 0.01, 0.07, 0.08, 0.05, 0.04, 0.05, 0.11, 0.6, 0.0]
        cumulative: [0.0, 0.0, 0.01, 0.07, 0.15, 0.2, 0.24, 0.29, 0.4, 1.0, 1.0]
    Trading - Buy:
        min: 0.000 max: 0.783, mean: 0.093
        signals > 0.500: 4965 (7.2%)
        counts: [55837, 3715, 1715, 1309, 1611, 2625, 2146, 194, 0, 0, 0]
        percentages: [0.81, 0.05, 0.02, 0.02, 0.02, 0.04, 0.03, 0.0, 0.0, 0.0, 0.0]
        cumulative: [0.81, 0.86, 0.89, 0.9, 0.93, 0.97, 1.0, 1.0, 1.0, 1.0, 1.0]

LTC/USDT
    Comparing actual vs predicted signals

================================================================================
CLASSIFICATION PERFORMANCE ASSESSMENT (Tri-State)
================================================================================
--- Detailed Classification Report ---
              precision    recall  f1-score   support

         0.0      0.624     0.803     0.702      4221
         1.0      0.967     0.937     0.952     60630
         2.0      0.647     0.747     0.693      4301

    accuracy                          0.917     69152
   macro avg      0.746     0.829     0.783     69152
weighted avg      0.926     0.917     0.921     69152


--- Confusion Matrix ---
Rows = True, Columns = Predicted
             Sell     Hold      Buy
    Sell     3390      829        2
    Hold     2042    56837     1751
     Buy        2     1087     3212

--- Qualitative Assessment of Key Metrics ---
Metric                    Score   Assessment                               Trading Context
-------------------------   -------   ----------------------------------------   ------------------------------
Precision (Sell)          0.624   Good. Reliable performance.              Avoid false sell signals (support: 4221.0)
Recall (Sell)             0.803   Excellent. Very strong performance.      Find all sell opportunities (support: 4221.0)
F1-Score (Sell)           0.702   Good. Reliable performance.              Balanced performance on Sell signal (support: 4221.0)
Precision (Hold)          0.967   Excellent. Very strong performance.      Correctly identify neutral periods (support: 60630.0)
Recall (Hold)             0.937   Excellent. Very strong performance.      Find all neutral periods (support: 60630.0)
F1-Score (Hold)           0.952   Excellent. Very strong performance.      Balanced performance on Hold signal (support: 60630.0)
Precision (Buy)           0.647   Good. Reliable performance.              Avoid false buy signals (support: 4301.0)
Recall (Buy)              0.747   Good. Reliable performance.              Find all buy opportunities (support: 4301.0)
F1-Score (Buy)            0.693   Good. Reliable performance.              Balanced performance on Buy signal (support: 4301.0)

--- Overall Performance Metrics ---

--- Qualitative Assessment of Key Metrics ---
Metric                    Score   Assessment                               Trading Context
-------------------------   -------   ----------------------------------------   ------------------------------
Macro Avg Precision       0.746   Good. Reliable performance.              Average precision across all classes
Macro Avg Recall          0.829   Excellent. Very strong performance.      Average recall across all classes
Macro Avg F1-Score        0.783   Good. Reliable performance.              Average F1-score across all classes
Weighted Avg Precision    0.926   Excellent. Very strong performance.      Support-weighted average precision
Weighted Avg Recall       0.917   Excellent. Very strong performance.      Support-weighted average recall
Weighted Avg F1-Score     0.921   Excellent. Very strong performance.      Support-weighted average F1-score
MCC                       0.668   Excellent. Strong positive correlation.  Correlation between prediction and reality
Cohen's Kappa             0.664   Substantial. Strong agreement.           Agreement better than random chance

--- Summary and Recommendation ---
🌟 GOOD PERFORMANCE: The model shows strong balance (Macro F1-Score 0.783, Weighted F1-Score 0.921) and reliable correlation (MCC 0.668). All classes performing reasonably well.
================================================================================
    Trading - Sell:
        min: 0.000 max: 0.814, mean: 0.116
        signals > 0.500: 6768 (9.8%)
        counts: [51569, 4214, 2115, 1805, 2681, 4815, 1857, 95, 1, 0, 0]
        percentages: [0.75, 0.06, 0.03, 0.03, 0.04, 0.07, 0.03, 0.0, 0.0, 0.0, 0.0]
        cumulative: [0.75, 0.81, 0.84, 0.86, 0.9, 0.97, 1.0, 1.0, 1.0, 1.0, 1.0]
    Trading - Hold:
        min: 0.078 max: 0.973, mean: 0.777
        signals > 0.500: 57081 (82.5%)
        counts: [2, 4, 212, 3200, 8653, 6394, 4210, 4169, 8512, 33796, 0]
        percentages: [0.0, 0.0, 0.0, 0.05, 0.13, 0.09, 0.06, 0.06, 0.12, 0.49, 0.0]
        cumulative: [0.0, 0.0, 0.0, 0.05, 0.17, 0.27, 0.33, 0.39, 0.51, 1.0, 1.0]
    Trading - Buy:
        min: 0.000 max: 0.922, mean: 0.107
        signals > 0.500: 4885 (7.1%)
        counts: [52515, 4327, 2309, 1987, 3129, 3503, 1265, 112, 3, 2, 0]
        percentages: [0.76, 0.06, 0.03, 0.03, 0.05, 0.05, 0.02, 0.0, 0.0, 0.0, 0.0]
        cumulative: [0.76, 0.82, 0.86, 0.88, 0.93, 0.98, 1.0, 1.0, 1.0, 1.0, 1.0]

BCH/USDT
    Comparing actual vs predicted signals

================================================================================
CLASSIFICATION PERFORMANCE ASSESSMENT (Tri-State)
================================================================================
--- Detailed Classification Report ---
              precision    recall  f1-score   support

         0.0      0.540     0.700     0.610      5225
         1.0      0.936     0.909     0.923     59185
         2.0      0.536     0.552     0.544      4742

    accuracy                          0.869     69152
   macro avg      0.671     0.720     0.692     69152
weighted avg      0.879     0.869     0.873     69152


--- Confusion Matrix ---
Rows = True, Columns = Predicted
             Sell     Hold      Buy
    Sell     3656     1559       10
    Hold     3104    53824     2257
     Buy        8     2116     2618

--- Qualitative Assessment of Key Metrics ---
Metric                    Score   Assessment                               Trading Context
-------------------------   -------   ----------------------------------------   ------------------------------
Precision (Sell)          0.540   Okay. Acceptable, but needs improvement. Avoid false sell signals (support: 5225.0)
Recall (Sell)             0.700   Good. Reliable performance.              Find all sell opportunities (support: 5225.0)
F1-Score (Sell)           0.610   Good. Reliable performance.              Balanced performance on Sell signal (support: 5225.0)
Precision (Hold)          0.936   Excellent. Very strong performance.      Correctly identify neutral periods (support: 59185.0)
Recall (Hold)             0.909   Excellent. Very strong performance.      Find all neutral periods (support: 59185.0)
F1-Score (Hold)           0.923   Excellent. Very strong performance.      Balanced performance on Hold signal (support: 59185.0)
Precision (Buy)           0.536   Okay. Acceptable, but needs improvement. Avoid false buy signals (support: 4742.0)
Recall (Buy)              0.552   Okay. Acceptable, but needs improvement. Find all buy opportunities (support: 4742.0)
F1-Score (Buy)            0.544   Okay. Acceptable, but needs improvement. Balanced performance on Buy signal (support: 4742.0)

--- Overall Performance Metrics ---

--- Qualitative Assessment of Key Metrics ---
Metric                    Score   Assessment                               Trading Context
-------------------------   -------   ----------------------------------------   ------------------------------
Macro Avg Precision       0.671   Good. Reliable performance.              Average precision across all classes
Macro Avg Recall          0.720   Good. Reliable performance.              Average recall across all classes
Macro Avg F1-Score        0.692   Good. Reliable performance.              Average F1-score across all classes
Weighted Avg Precision    0.879   Excellent. Very strong performance.      Support-weighted average precision
Weighted Avg Recall       0.869   Excellent. Very strong performance.      Support-weighted average recall
Weighted Avg F1-Score     0.873   Excellent. Very strong performance.      Support-weighted average F1-score
MCC                       0.528   Good. Reliable positive correlation.     Correlation between prediction and reality
Cohen's Kappa             0.526   Moderate. Meaningful agreement.          Agreement better than random chance

--- Summary and Recommendation ---
🌟 GOOD PERFORMANCE: The model shows strong balance (Macro F1-Score 0.692, Weighted F1-Score 0.873) and reliable correlation (MCC 0.528). All classes performing reasonably well.
================================================================================
    Trading - Sell:
        min: 0.000 max: 0.840, mean: 0.116
        signals > 0.500: 6962 (10.1%)
        counts: [51666, 4212, 2108, 1695, 2509, 4579, 2238, 141, 4, 0, 0]
        percentages: [0.75, 0.06, 0.03, 0.02, 0.04, 0.07, 0.03, 0.0, 0.0, 0.0, 0.0]
        cumulative: [0.75, 0.81, 0.84, 0.86, 0.9, 0.97, 1.0, 1.0, 1.0, 1.0, 1.0]
    Trading - Hold:
        min: 0.160 max: 0.974, mean: 0.771
        signals > 0.500: 56219 (81.3%)
        counts: [0, 7, 333, 4259, 8334, 5741, 4049, 4413, 9214, 32802, 0]
        percentages: [0.0, 0.0, 0.0, 0.06, 0.12, 0.08, 0.06, 0.06, 0.13, 0.47, 0.0]
        cumulative: [0.0, 0.0, 0.0, 0.07, 0.19, 0.27, 0.33, 0.39, 0.53, 1.0, 1.0]
    Trading - Buy:
        min: 0.000 max: 0.824, mean: 0.112
        signals > 0.500: 5651 (8.2%)
        counts: [51646, 4636, 2366, 2011, 2842, 3537, 1926, 185, 3, 0, 0]
        percentages: [0.75, 0.07, 0.03, 0.03, 0.04, 0.05, 0.03, 0.0, 0.0, 0.0, 0.0]
        cumulative: [0.75, 0.81, 0.85, 0.88, 0.92, 0.97, 1.0, 1.0, 1.0, 1.0, 1.0]

DOT/USDT
    Comparing actual vs predicted signals

================================================================================
CLASSIFICATION PERFORMANCE ASSESSMENT (Tri-State)
================================================================================
--- Detailed Classification Report ---
              precision    recall  f1-score   support

         0.0      0.550     0.755     0.636      5066
         1.0      0.943     0.906     0.924     58812
         2.0      0.577     0.618     0.597      5274

    accuracy                          0.873     69152
   macro avg      0.690     0.760     0.719     69152
weighted avg      0.886     0.873     0.878     69152


--- Confusion Matrix ---
Rows = True, Columns = Predicted
             Sell     Hold      Buy
    Sell     3826     1232        8
    Hold     3131    53298     2383
     Buy        5     2009     3260

--- Qualitative Assessment of Key Metrics ---
Metric                    Score   Assessment                               Trading Context2026-05-29 07:26:51,342 - freqtrade.misc - INFO - dumping json to "/Users/philprice95/projects/freqtrade/user_data/backtest_results/backtest-result-2026-05-29_07-26-51.meta.json"

-------------------------   -------   ----------------------------------------   ------------------------------
Precision (Sell)          0.550   Okay. Acceptable, but needs improvement. Avoid false sell signals (support: 5066.0)
Recall (Sell)             0.755   Good. Reliable performance.              Find all sell opportunities (support: 5066.0)
F1-Score (Sell)           0.636   Good. Reliable performance.              Balanced performance on Sell signal (support: 5066.0)
Precision (Hold)          0.943   Excellent. Very strong performance.      Correctly identify neutral periods (support: 58812.0)
Recall (Hold)             0.906   Excellent. Very strong performance.      Find all neutral periods (support: 58812.0)
F1-Score (Hold)           0.924   Excellent. Very strong performance.      Balanced performance on Hold signal (support: 58812.0)
Precision (Buy)           0.577   Okay. Acceptable, but needs improvement. Avoid false buy signals (support: 5274.0)
Recall (Buy)              0.618   Good. Reliable performance.              Find all buy opportunities (support: 5274.0)
F1-Score (Buy)            0.597   Okay. Acceptable, but needs improvement. Balanced performance on Buy signal (support: 5274.0)

--- Overall Performance Metrics ---

--- Qualitative Assessment of Key Metrics ---
Metric                    Score   Assessment                               Trading Context
-------------------------   -------   ----------------------------------------   ------------------------------
Macro Avg Precision       0.690   Good. Reliable performance.              Average precision across all classes
Macro Avg Recall          0.760   Good. Reliable performance.              Average recall across all classes
Macro Avg F1-Score        0.719   Good. Reliable performance.              Average F1-score across all classes
Weighted Avg Precision    0.886   Excellent. Very strong performance.      Support-weighted average precision
Weighted Avg Recall       0.873   Excellent. Very strong performance.      Support-weighted average recall
Weighted Avg F1-Score     0.878   Excellent. Very strong performance.      Support-weighted average F1-score
MCC                       0.568   Good. Reliable positive correlation.     Correlation between prediction and reality
Cohen's Kappa             0.564   Moderate. Meaningful agreement.          Agreement better than random chance

--- Summary and Recommendation ---
🌟 GOOD PERFORMANCE: The model shows strong balance (Macro F1-Score 0.719, Weighted F1-Score 0.878) and reliable correlation (MCC 0.568). All classes performing reasonably well.
================================================================================
    Trading - Sell:
        min: 0.000 max: 0.826, mean: 0.146
        signals > 0.500: 8376 (12.1%)
        counts: [47902, 3209, 1938, 2007, 5720, 6639, 1590, 144, 3, 0, 0]
        percentages: [0.69, 0.05, 0.03, 0.03, 0.08, 0.1, 0.02, 0.0, 0.0, 0.0, 0.0]
        cumulative: [0.69, 0.74, 0.77, 0.8, 0.88, 0.97, 1.0, 1.0, 1.0, 1.0, 1.0]
    Trading - Hold:
        min: 0.016 max: 0.975, mean: 0.728
        signals > 0.500: 55608 (80.4%)
        counts: [6, 6, 258, 2508, 10766, 13358, 5408, 3469, 5987, 27386, 0]
        percentages: [0.0, 0.0, 0.0, 0.04, 0.16, 0.19, 0.08, 0.05, 0.09, 0.4, 0.0]
        cumulative: [0.0, 0.0, 0.0, 0.04, 0.2, 0.39, 0.47, 0.52, 0.6, 1.0, 1.0]
    Trading - Buy:
        min: 0.000 max: 0.984, mean: 0.126
        signals > 0.500: 4594 (6.6%)
        counts: [49396, 3148, 2089, 3052, 6873, 3639, 842, 104, 3, 6, 0]
        percentages: [0.71, 0.05, 0.03, 0.04, 0.1, 0.05, 0.01, 0.0, 0.0, 0.0, 0.0]
        cumulative: [0.71, 0.76, 0.79, 0.83, 0.93, 0.99, 1.0, 1.0, 1.0, 1.0, 1.0]

NEO/USDT
    Comparing actual vs predicted signals

================================================================================
CLASSIFICATION PERFORMANCE ASSESSMENT (Tri-State)
================================================================================
--- Detailed Classification Report ---
              precision    recall  f1-score   support

         0.0      0.389     0.613     0.476      5318
         1.0      0.915     0.867     0.891     59289
         2.0      0.401     0.406     0.403      4545

    accuracy                          0.818     69152
   macro avg      0.569     0.629     0.590     69152
weighted avg      0.841     0.818     0.827     69152


--- Confusion Matrix ---
Rows = True, Columns = Predicted
             Sell     Hold      Buy
    Sell     3260     2054        4
    Hold     5113    51429     2747
     Buy        3     2699     1843

--- Qualitative Assessment of Key Metrics ---
Metric                    Score   Assessment                               Trading Context
-------------------------   -------   ----------------------------------------   ------------------------------
Precision (Sell)          0.389   Poor. Significant room for improvement.  Avoid false sell signals (support: 5318.0)
Recall (Sell)             0.613   Good. Reliable performance.              Find all sell opportunities (support: 5318.0)
F1-Score (Sell)           0.476   Okay. Acceptable, but needs improvement. Balanced performance on Sell signal (support: 5318.0)
Precision (Hold)          0.915   Excellent. Very strong performance.      Correctly identify neutral periods (support: 59289.0)
Recall (Hold)             0.867   Excellent. Very strong performance.      Find all neutral periods (support: 59289.0)
F1-Score (Hold)           0.891   Excellent. Very strong performance.      Balanced performance on Hold signal (support: 59289.0)
Precision (Buy)           0.401   Okay. Acceptable, but needs improvement. Avoid false buy signals (support: 4545.0)
Recall (Buy)              0.406   Okay. Acceptable, but needs improvement. Find all buy opportunities (support: 4545.0)
F1-Score (Buy)            0.403   Okay. Acceptable, but needs improvement. Balanced performance on Buy signal (support: 4545.0)

--- Overall Performance Metrics ---

--- Qualitative Assessment of Key Metrics ---
Metric                    Score   Assessment                               Trading Context
-------------------------   -------   ----------------------------------------   ------------------------------
Macro Avg Precision       0.569   Okay. Acceptable, but needs improvement. Average precision across all classes
Macro Avg Recall          0.629   Good. Reliable performance.              Average recall across all classes
Macro Avg F1-Score        0.590   Okay. Acceptable, but needs improvement. Average F1-score across all classes
Weighted Avg Precision    0.841   Excellent. Very strong performance.      Support-weighted average precision
Weighted Avg Recall       0.818   Excellent. Very strong performance.      Support-weighted average recall
Weighted Avg F1-Score     0.827   Excellent. Very strong performance.      Support-weighted average F1-score
MCC                       0.375   Okay. Weak but meaningful correlation.   Correlation between prediction and reality
Cohen's Kappa             0.370   Fair. Weak agreement.                    Agreement better than random chance

--- Summary and Recommendation ---
⚠️ CONCERN: Buy class recall is only 0.406. The model is missing over 59% of available 'Buy' signals. **Priority: Improve Buy Recall and overall F1.**
================================================================================
Result for strategy NNNC_DDPM_MLX_LSTM
                                              BACKTESTING REPORT                                              
┏━━━━━━━━━━━┳━━━━━━━━┳━━━━━━━━━━━━━━┳━━━━━━━━━━━━━━━━━┳━━━━━━━━━━━━━━┳━━━━━━━━━━━━━━┳━━━━━━━━━━━━━━━━━━━━━━━━┓
┃      Pair ┃ Trades ┃ Avg Profit % ┃ Tot Profit USDT ┃ Tot Profit % ┃ Avg Duration ┃  Win  Draw  Loss  Win% ┃
┡━━━━━━━━━━━╇━━━━━━━━╇━━━━━━━━━━━━━━╇━━━━━━━━━━━━━━━━━╇━━━━━━━━━━━━━━╇━━━━━━━━━━━━━━╇━━━━━━━━━━━━━━━━━━━━━━━━┩
│  XRP/USDT │    204 │         0.29 │         530.062 │          5.3 │      4:05:00 │  122     0    82  59.8 │
│  SUI/USDT │    149 │         0.28 │         374.430 │         3.74 │      3:47:00 │   80     0    69  53.7 │
│ DASH/USDT │      6 │         3.98 │         215.060 │         2.15 │      1:25:00 │    6     0     0   100 │
│  SOL/USDT │    181 │         0.11 │         181.458 │         1.81 │      4:59:00 │  101     0    80  55.8 │
│  ZEC/USDT │    109 │         0.17 │         169.916 │          1.7 │      2:50:00 │   55     0    54  50.5 │
│  DOT/USDT │     34 │         0.23 │          71.182 │         0.71 │      2:34:00 │   19     0    15  55.9 │
│ LINK/USDT │     86 │         0.03 │          20.657 │         0.21 │      3:12:00 │   40     0    46  46.5 │
│  NEO/USDT │      2 │         -0.0 │          -0.086 │         -0.0 │      1:52:00 │    1     0     1  50.0 │
│  BCH/USDT │      5 │        -0.06 │          -2.706 │        -0.03 │      2:57:00 │    2     0     3  40.0 │
│  LTC/USDT │     82 │        -0.05 │         -34.935 │        -0.35 │      2:57:00 │   41     0    41  50.0 │
│ NEAR/USDT │     20 │        -0.27 │         -49.265 │        -0.49 │      2:13:00 │   12     0     8  60.0 │
│ AAVE/USDT │     18 │        -0.44 │         -71.090 │        -0.71 │      1:48:00 │   10     0     8  55.6 │
│ AVAX/USDT │     57 │        -0.45 │        -233.083 │        -2.33 │      2:23:00 │   25     0    32  43.9 │
│     TOTAL │    953 │         0.14 │        1171.600 │        11.72 │      3:37:00 │  514     0   439  53.9 │
└───────────┴────────┴──────────────┴─────────────────┴──────────────┴──────────────┴────────────────────────┘
                                         LEFT OPEN TRADES REPORT                                          
┏━━━━━━━┳━━━━━━━━┳━━━━━━━━━━━━━━┳━━━━━━━━━━━━━━━━━┳━━━━━━━━━━━━━━┳━━━━━━━━━━━━━━┳━━━━━━━━━━━━━━━━━━━━━━━━┓
┃  Pair ┃ Trades ┃ Avg Profit % ┃ Tot Profit USDT ┃ Tot Profit % ┃ Avg Duration ┃  Win  Draw  Loss  Win% ┃
┡━━━━━━━╇━━━━━━━━╇━━━━━━━━━━━━━━╇━━━━━━━━━━━━━━━━━╇━━━━━━━━━━━━━━╇━━━━━━━━━━━━━━╇━━━━━━━━━━━━━━━━━━━━━━━━┩
│ TOTAL │      0 │          0.0 │           0.000 │          0.0 │         0:00 │    0     0     0     0 │
└───────┴────────┴──────────────┴─────────────────┴──────────────┴──────────────┴────────────────────────┘
                                                 ENTER TAG STATS                                                  
┏━━━━━━━━━━━━━━┳━━━━━━━━━┳━━━━━━━━━━━━━━┳━━━━━━━━━━━━━━━━━┳━━━━━━━━━━━━━━┳━━━━━━━━━━━━━━┳━━━━━━━━━━━━━━━━━━━━━━━━┓
┃    Enter Tag ┃ Entries ┃ Avg Profit % ┃ Tot Profit USDT ┃ Tot Profit % ┃ Avg Duration ┃  Win  Draw  Loss  Win% ┃
┡━━━━━━━━━━━━━━╇━━━━━━━━━╇━━━━━━━━━━━━━━╇━━━━━━━━━━━━━━━━━╇━━━━━━━━━━━━━━╇━━━━━━━━━━━━━━╇━━━━━━━━━━━━━━━━━━━━━━━━┩
│  model_entry │     953 │         0.14 │        1171.600 │        11.72 │      3:37:00 │  514     0   439  53.9 │
│        TOTAL │     953 │         0.14 │        1171.600 │        11.72 │      3:37:00 │  514     0   439  53.9 │
└──────────────┴─────────┴──────────────┴─────────────────┴──────────────┴──────────────┴────────────────────────┘
                                                EXIT REASON STATS                                                
┏━━━━━━━━━━━━━┳━━━━━━━┳━━━━━━━━━━━━━━┳━━━━━━━━━━━━━━━━━┳━━━━━━━━━━━━━━┳━━━━━━━━━━━━━━━━┳━━━━━━━━━━━━━━━━━━━━━━━━┓
┃ Exit Reason ┃ Exits ┃ Avg Profit % ┃ Tot Profit USDT ┃ Tot Profit % ┃   Avg Duration ┃  Win  Draw  Loss  Win% ┃
┡━━━━━━━━━━━━━╇━━━━━━━╇━━━━━━━━━━━━━━╇━━━━━━━━━━━━━━━━━╇━━━━━━━━━━━━━━╇━━━━━━━━━━━━━━━━╇━━━━━━━━━━━━━━━━━━━━━━━━┩
│ take_profit │   365 │         2.91 │        9566.532 │        95.67 │        2:41:00 │  365     0     0   100 │
│         roi │    94 │          3.0 │        2540.117 │         25.4 │        3:06:00 │   94     0     0   100 │
│  model_exit │    23 │         1.88 │         389.753 │          3.9 │        7:14:00 │   23     0     0   100 │
│  unclog_12h │    31 │          0.9 │         251.027 │         2.51 │       13:41:00 │   31     0     0   100 │
│   unclog_1d │     1 │         0.15 │           1.359 │         0.01 │ 1 day, 2:45:00 │    1     0     0   100 │
│   stop_loss │   439 │        -2.93 │      -11577.189 │      -115.77 │        3:34:00 │    0     0   439     0 │
│       TOTAL │   953 │         0.14 │        1171.600 │        11.72 │        3:37:00 │  514     0   439  53.9 │
└─────────────┴───────┴──────────────┴─────────────────┴──────────────┴────────────────┴────────────────────────┘
                                                         MIXED TAG STATS                                                         
┏━━━━━━━━━━━━━━┳━━━━━━━━━━━━━┳━━━━━━━━┳━━━━━━━━━━━━━━┳━━━━━━━━━━━━━━━━━┳━━━━━━━━━━━━━━┳━━━━━━━━━━━━━━━━┳━━━━━━━━━━━━━━━━━━━━━━━━┓
┃    Enter Tag ┃ Exit Reason ┃ Trades ┃ Avg Profit % ┃ Tot Profit USDT ┃ Tot Profit % ┃   Avg Duration ┃  Win  Draw  Loss  Win% ┃
┡━━━━━━━━━━━━━━╇━━━━━━━━━━━━━╇━━━━━━━━╇━━━━━━━━━━━━━━╇━━━━━━━━━━━━━━━━━╇━━━━━━━━━━━━━━╇━━━━━━━━━━━━━━━━╇━━━━━━━━━━━━━━━━━━━━━━━━┩
│  model_entry │ take_profit │    365 │         2.91 │        9566.532 │        95.67 │        2:41:00 │  365     0     0   100 │
│  model_entry │         roi │     94 │          3.0 │        2540.117 │         25.4 │        3:06:00 │   94     0     0   100 │
│  model_entry │  model_exit │     23 │         1.88 │         389.753 │          3.9 │        7:14:00 │   23     0     0   100 │
│  model_entry │  unclog_12h │     31 │          0.9 │         251.027 │         2.51 │       13:41:00 │   31     0     0   100 │
│  model_entry │   unclog_1d │      1 │         0.15 │           1.359 │         0.01 │ 1 day, 2:45:00 │    1     0     0   100 │
│  model_entry │   stop_loss │    439 │        -2.93 │      -11577.189 │      -115.77 │        3:34:00 │    0     0   439     0 │
│        TOTAL │             │    953 │         0.14 │        1171.600 │        11.72 │        3:37:00 │  514     0   439  53.9 │
└──────────────┴─────────────┴────────┴──────────────┴─────────────────┴──────────────┴────────────────┴────────────────────────┘
                                 MONTH BREAKDOWN                                  
┏━━━━━━━━━━━━┳━━━━━━━━┳━━━━━━━━━━━━━━━━━┳━━━━━━━━━━━━━━━┳━━━━━━━━━━━━━━━━━━━━━━━━┓
┃      Month ┃ Trades ┃ Tot Profit USDT ┃ Profit Factor ┃  Win  Draw  Loss  Win% ┃
┡━━━━━━━━━━━━╇━━━━━━━━╇━━━━━━━━━━━━━━━━━╇━━━━━━━━━━━━━━━╇━━━━━━━━━━━━━━━━━━━━━━━━┩
│ 30/06/2024 │      8 │          36.553 │          1.56 │    5     0     3  62.5 │
│ 31/07/2024 │     14 │         -20.532 │          0.88 │    7     0     7  50.0 │
│ 31/08/2024 │     37 │        -157.476 │          0.76 │   16     0    21  43.2 │
│ 30/09/2024 │      6 │          36.426 │           1.9 │    4     0     2  66.7 │
│ 31/10/2024 │     23 │           0.997 │           1.0 │   13     0    10  56.5 │
│ 30/11/2024 │     99 │         685.654 │          1.84 │   65     0    34  65.7 │
│ 31/12/2024 │    175 │         279.374 │          1.14 │   97     0    78  55.4 │
│ 31/01/2025 │     84 │         536.074 │          1.81 │   54     0    30  64.3 │
│ 28/02/2025 │    107 │        -365.444 │          0.77 │   53     0    54  49.5 │
│ 31/03/2025 │     56 │        -105.138 │          0.86 │   26     0    30  46.4 │
│ 30/04/2025 │     26 │        -149.813 │          0.63 │   11     0    15  42.3 │
│ 31/05/2025 │     17 │         -51.929 │          0.74 │    8     0     9  47.1 │
│ 30/06/2025 │      3 │          67.843 │           0.0 │    3     0     0   100 │
│ 31/07/2025 │     30 │           -1.67 │          0.99 │   16     0    14  53.3 │
│ 31/08/2025 │     25 │         -63.352 │          0.76 │   12     0    13  48.0 │
│ 30/09/2025 │      3 │          18.258 │          1.93 │    2     0     1  66.7 │
│ 31/10/2025 │     60 │         238.304 │          1.28 │   30     0    30  50.0 │
│ 30/11/2025 │     95 │         361.517 │          1.28 │   50     0    45  52.6 │
│ 31/12/2025 │     18 │         -71.696 │          0.73 │    9     0     9  50.0 │
│ 31/01/2026 │     15 │          56.936 │          1.34 │   10     0     5  66.7 │
│ 28/02/2026 │     32 │         -28.552 │          0.94 │   15     0    17  46.9 │
│ 31/03/2026 │      3 │          -9.738 │          0.51 │    2     0     1  66.7 │
│ 30/04/2026 │      2 │          -7.069 │          0.64 │    1     0     1  50.0 │
│ 31/05/2026 │     15 │        -113.928 │           0.5 │    5     0    10  33.3 │
└────────────┴────────┴─────────────────┴───────────────┴────────────────────────┘
                                   SUMMARY METRICS                                    
┏━━━━━━━━━━━━━━━━━━━━━━━━━━━━━━━━━━━━━━━━┳━━━━━━━━━━━━━━━━━━━━━━━━━━━━━━━━━━━━━━━━━━━┓
┃ Metric                                 ┃ Value                                     ┃
┡━━━━━━━━━━━━━━━━━━━━━━━━━━━━━━━━━━━━━━━━╇━━━━━━━━━━━━━━━━━━━━━━━━━━━━━━━━━━━━━━━━━━━┩
│ Backtesting from                       │ 2024-06-08 00:00:00                       │
│ Backtesting to                         │ 2026-05-28 15:45:00                       │
│ Trading Mode                           │ Spot                                      │
│ Max open trades                        │ 10                                        │
│                                        │                                           │
│ Total/Daily Avg Trades                 │ 953 / 1.33                                │
│ Starting balance                       │ 10000 USDT                                │
│ Final balance                          │ 11171.6 USDT                              │
│ Absolute profit                        │ 1171.6 USDT                               │
│ Total profit %                         │ 11.72%                                    │
│ CAGR %                                 │ 5.79%                                     │
│ Sharpe (closed trades)                 │ 1.08                                      │
│ Sortino (closed trades)                │ 2.35                                      │
│ Calmar (closed trades)                 │ 4.44                                      │
│ SQN                                    │ 1.32                                      │
│ Profit factor                          │ 1.10                                      │
│ Expectancy (Ratio)                     │ 1.23 (0.05)                               │
│ Avg. daily profit                      │ 1.629 USDT                                │
│ Avg. stake amount                      │ 899.878 USDT                              │
│ Market change                          │ 138.98%                                   │
│ Total trade volume                     │ 1719775.444 USDT                          │
│                                        │                                           │
│ Best Pair                              │ XRP/USDT 5.30%                            │
│ Worst Pair                             │ AVAX/USDT -2.33%                          │
│ Best trade                             │ XRP/USDT 15.25%                           │
│ Worst trade                            │ LTC/USDT -17.45%                          │
│ Best day                               │ 286.655 USDT                              │
│ Worst day                              │ -347.96 USDT                              │
│ Days win/draw/lose                     │ 160 / 446 / 108                           │
│ Min/Max/Avg. Duration Winners          │ 0d 01:00 / 1d 02:45 / 0d 03:40            │
│ Min/Max/Avg. Duration Losers           │ 0d 01:00 / 1d 08:15 / 0d 03:34            │
│ Max Consecutive Wins / Loss            │ 13 / 12                                   │
│ Rejected Entry signals                 │ 1                                         │
│ Entry/Exit Timeouts                    │ 0 / 0                                     │
│                                        │                                           │
│ Min/Max balance (closed trades)        │ 9533.041 USDT / 11461.496 USDT            │
│ Max % of account underwater            │ 7.01%                                     │
│ Absolute drawdown                      │ 804 USDT (7.01%)                          │
│ Drawdown duration                      │ 63 days 23:00:00                          │
│ Profit at drawdown start               │ 1461.496 USDT                             │
│ Profit at drawdown end                 │ 657.496 USDT                              │
│ Drawdown start                         │ 2025-02-02 08:30:00                       │
│ Drawdown end                           │ 2025-04-07 07:30:00                       │
│                                        │                                           │
│ Wallet based Metrics                   │                                           │
│ Min/Max balance (wallet balance)       │ 9503.033 USDT / 11477.39 USDT             │
│ Min/Max balance dates (wallet balance) │ 2024-08-05 06:45:00 / 2025-02-02 10:00:00 │
│ Max % of account underwater (balance)  │ 7.40%                                     │
│ Absolute drawdown (wallet balance)     │ 848.97 USDT (7.40%)                       │
│ Drawdown duration                      │ 250 days 11:30:00                         │
│ Profit at drawdown start               │ 1477.39 USDT                              │
│ Profit at drawdown end                 │ 628.42 USDT                               │
│ Drawdown start                         │ 2025-02-02 10:00:00                       │
│ Drawdown end                           │ 2025-10-10 21:30:00                       │
│ Sharpe (daily wallet balance)          │ 0.86                                      │
│ Sortino (daily wallet balance)         │ 0.62                                      │
│ Calmar (daily wallet balance)          │ 4.21                                      │
└────────────────────────────────────────┴───────────────────────────────────────────┘

Backtested 2024-06-08 00:00:00 -> 2026-05-28 15:45:00 | Max open trades : 10
                                                            STRATEGY SUMMARY                                                             
┏━━━━━━━━━━━━━━━━━━━━┳━━━━━━━━┳━━━━━━━━━━━━━━┳━━━━━━━━━━━━━━━━━┳━━━━━━━━━━━━━━┳━━━━━━━━━━━━━━┳━━━━━━━━━━━━━━━━━━━━━━━━┳━━━━━━━━━━━━━━━━━┓
┃           Strategy ┃ Trades ┃ Avg Profit % ┃ Tot Profit USDT ┃ Tot Profit % ┃ Avg Duration ┃  Win  Draw  Loss  Win% ┃        Drawdown ┃
┡━━━━━━━━━━━━━━━━━━━━╇━━━━━━━━╇━━━━━━━━━━━━━━╇━━━━━━━━━━━━━━━━━╇━━━━━━━━━━━━━━╇━━━━━━━━━━━━━━╇━━━━━━━━━━━━━━━━━━━━━━━━╇━━━━━━━━━━━━━━━━━┩
│ NNNC_DDPM_MLX_LSTM │    953 │         0.14 │        1171.600 │        11.72 │      3:37:00 │  514     0   439  53.9 │ 804 USDT  7.01% │
└────────────────────┴────────┴──────────────┴─────────────────┴──────────────┴──────────────┴────────────────────────┴─────────────────┘

