2026-05-29 09:10:52,291 - freqtrade - INFO - freqtrade 2026.4-dev-63819fa7e
2026-05-29 09:10:53,080 - numexpr.utils - INFO - NumExpr defaulting to 14 threads.

Using config file: user_data/strategies/config/config.json and Strategy dir: user_data/strategies/NNNC

Fri May 29 09:10:54 PDT 2026
Testing strategy:NNNC_DDPM_MLX_LSTM for exchange:...
freqtrade backtesting --cache none  --breakdown month --timerange=20240608-20260529 -c user_data/strategies/config/config.json --strategy-path user_data/strategies/NNNC --strategy-list NNNC_DDPM_MLX_LSTM
2026-05-29 09:10:54,237 - freqtrade - INFO - freqtrade 2026.4-dev-63819fa7e
2026-05-29 09:10:54,417 - numexpr.utils - INFO - NumExpr defaulting to 14 threads.
2026-05-29 09:10:54,961 - freqtrade.configuration.load_config - INFO - Using config: user_data/strategies/config/config.json ...
2026-05-29 09:10:54,962 - freqtrade.loggers - INFO - Enabling colorized output.
2026-05-29 09:10:54,962 - freqtrade.loggers - INFO - Logfile configured
2026-05-29 09:10:54,963 - freqtrade.loggers - INFO - Verbosity set to 0
2026-05-29 09:10:54,963 - freqtrade.configuration.configuration - INFO - Using additional Strategy lookup path: user_data/strategies/NNNC
2026-05-29 09:10:54,963 - freqtrade.configuration.configuration - INFO - Using max_open_trades: 10 ...
2026-05-29 09:10:54,963 - freqtrade.configuration.configuration - INFO - Parameter --timerange detected: 20240608-20260529 ...
2026-05-29 09:10:54,963 - freqtrade.configuration.configuration - INFO - Using user-data directory: /Users/philprice95/Documents/freqtrade/user_data ...
2026-05-29 09:10:54,963 - freqtrade.configuration.configuration - INFO - Using data directory: /Users/philprice95/Documents/freqtrade/user_data/data/binanceus ...
2026-05-29 09:10:54,963 - freqtrade.configuration.configuration - INFO - Using strategy list of 1 strategies
2026-05-29 09:10:54,963 - freqtrade.configuration.configuration - INFO - Parameter --breakdown detected ...
2026-05-29 09:10:54,963 - freqtrade.configuration.configuration - INFO - Parameter --cache=none detected ...
2026-05-29 09:10:54,964 - freqtrade.configuration.configuration - INFO - Filter trades by timerange: 20240608-20260529
2026-05-29 09:10:54,964 - freqtrade.exchange.check_exchange - INFO - Checking exchange...
2026-05-29 09:10:54,970 - freqtrade.exchange.check_exchange - INFO - Exchange "binanceus" is officially supported by the Freqtrade development team.
2026-05-29 09:10:54,970 - freqtrade.configuration.configuration - INFO - Using pairlist from configuration.
2026-05-29 09:10:54,970 - freqtrade.configuration.config_validation - INFO - Validating configuration ...
2026-05-29 09:10:54,971 - freqtrade.commands.optimize_commands - INFO - Starting freqtrade in Backtesting mode
2026-05-29 09:10:54,971 - freqtrade.exchange.exchange - INFO - Instance is running with dry_run enabled
2026-05-29 09:10:54,972 - freqtrade.exchange.exchange - INFO - Using CCXT 4.5.50
2026-05-29 09:10:54,980 - freqtrade.exchange.exchange - INFO - Using Exchange "Binance US"
2026-05-29 09:10:55,177 - freqtrade.resolvers.exchange_resolver - INFO - Using resolved exchange 'Binanceus'...
/Users/philprice95/Documents/freqtrade/.venv/lib/python3.12/site-packages/_distutils_hack/__init__.py:15: UserWarning: Distutils was imported before Setuptools, but importing Setuptools also replaces the `distutils` module in `sys.modules`. This may lead to undesirable behaviors or errors. To avoid these issues, avoid using distutils directly, ensure that setuptools is installed in the traditional way (e.g. not an editable install), and/or make sure that setuptools is always imported before distutils.
  warnings.warn(
/Users/philprice95/Documents/freqtrade/.venv/lib/python3.12/site-packages/_distutils_hack/__init__.py:30: UserWarning: Setuptools is replacing distutils. Support for replacing an already imported distutils is deprecated. In the future, this condition will fail. Register concerns at https://github.com/pypa/setuptools/issues/new?template=distutils-deprecation.yml
  warnings.warn(
2026-05-29 09:10:57,912 - freqtrade.resolvers.iresolver - INFO - Using resolved strategy NNNC_DDPM_MLX_LSTM from 
'/Users/philprice95/Documents/freqtrade/user_data/strategies/NNNC/NNNC_DDPM_MLX_LSTM.py'...
2026-05-29 09:10:57,912 - freqtrade.strategy.hyper - INFO - Found no parameter file.
2026-05-29 09:10:57,912 - freqtrade.resolvers.strategy_resolver - INFO - Override strategy 'timeframe' with value from the configuration: 15m.
2026-05-29 09:10:57,912 - freqtrade.resolvers.strategy_resolver - INFO - Override strategy 'order_types' with value from the configuration: {'entry': 'limit', 'exit': 'market', 'emergency_exit': 
'market', 'force_exit': 'market', 'force_entry': 'market', 'stoploss': 'market', 'stoploss_on_exchange': False, 'stoploss_price_type': 'last', 'stoploss_on_exchange_interval': 60, 
'stoploss_on_exchange_limit_ratio': 0.99}.
2026-05-29 09:10:57,913 - freqtrade.resolvers.strategy_resolver - INFO - Override strategy 'stake_currency' with value from the configuration: USDT.
2026-05-29 09:10:57,913 - freqtrade.resolvers.strategy_resolver - INFO - Override strategy 'stake_amount' with value from the configuration: 900.
2026-05-29 09:10:57,913 - freqtrade.resolvers.strategy_resolver - INFO - Override strategy 'unfilledtimeout' with value from the configuration: {'entry': 10, 'exit': 10, 'exit_timeout_count': 0, 
'unit': 'minutes'}.
2026-05-29 09:10:57,913 - freqtrade.resolvers.strategy_resolver - INFO - Override strategy 'max_open_trades' with value from the configuration: 10.
2026-05-29 09:10:57,913 - freqtrade.resolvers.strategy_resolver - INFO - Strategy using minimal_roi: {'0': 0.03}
2026-05-29 09:10:57,913 - freqtrade.resolvers.strategy_resolver - INFO - Strategy using timeframe: 15m
2026-05-29 09:10:57,913 - freqtrade.resolvers.strategy_resolver - INFO - Strategy using stoploss: -0.05
2026-05-29 09:10:57,913 - freqtrade.resolvers.strategy_resolver - INFO - Strategy using trailing_stop: False
2026-05-29 09:10:57,913 - freqtrade.resolvers.strategy_resolver - INFO - Strategy using trailing_stop_positive: 0.01
2026-05-29 09:10:57,913 - freqtrade.resolvers.strategy_resolver - INFO - Strategy using trailing_stop_positive_offset: 0.03
2026-05-29 09:10:57,914 - freqtrade.resolvers.strategy_resolver - INFO - Strategy using trailing_only_offset_is_reached: True
2026-05-29 09:10:57,914 - freqtrade.resolvers.strategy_resolver - INFO - Strategy using use_custom_stoploss: True
2026-05-29 09:10:57,914 - freqtrade.resolvers.strategy_resolver - INFO - Strategy using process_only_new_candles: True
2026-05-29 09:10:57,914 - freqtrade.resolvers.strategy_resolver - INFO - Strategy using order_types: {'entry': 'limit', 'exit': 'market', 'emergency_exit': 'market', 'force_exit': 'market', 
'force_entry': 'market', 'stoploss': 'market', 'stoploss_on_exchange': False, 'stoploss_price_type': 'last', 'stoploss_on_exchange_interval': 60, 'stoploss_on_exchange_limit_ratio': 0.99}
2026-05-29 09:10:57,914 - freqtrade.resolvers.strategy_resolver - INFO - Strategy using order_time_in_force: {'entry': 'GTC', 'exit': 'GTC'}
2026-05-29 09:10:57,914 - freqtrade.resolvers.strategy_resolver - INFO - Strategy using stake_currency: USDT
2026-05-29 09:10:57,914 - freqtrade.resolvers.strategy_resolver - INFO - Strategy using stake_amount: 900
2026-05-29 09:10:57,914 - freqtrade.resolvers.strategy_resolver - INFO - Strategy using startup_candle_count: 64
2026-05-29 09:10:57,914 - freqtrade.resolvers.strategy_resolver - INFO - Strategy using unfilledtimeout: {'entry': 10, 'exit': 10, 'exit_timeout_count': 0, 'unit': 'minutes'}
2026-05-29 09:10:57,914 - freqtrade.resolvers.strategy_resolver - INFO - Strategy using use_exit_signal: True
2026-05-29 09:10:57,914 - freqtrade.resolvers.strategy_resolver - INFO - Strategy using exit_profit_only: True
2026-05-29 09:10:57,915 - freqtrade.resolvers.strategy_resolver - INFO - Strategy using ignore_roi_if_entry_signal: True
2026-05-29 09:10:57,915 - freqtrade.resolvers.strategy_resolver - INFO - Strategy using exit_profit_offset: 0.0
2026-05-29 09:10:57,915 - freqtrade.resolvers.strategy_resolver - INFO - Strategy using disable_dataframe_checks: False
2026-05-29 09:10:57,915 - freqtrade.resolvers.strategy_resolver - INFO - Strategy using ignore_buying_expired_candle_after: 0
2026-05-29 09:10:57,915 - freqtrade.resolvers.strategy_resolver - INFO - Strategy using position_adjustment_enable: False
2026-05-29 09:10:57,915 - freqtrade.resolvers.strategy_resolver - INFO - Strategy using max_entry_position_adjustment: -1
2026-05-29 09:10:57,915 - freqtrade.resolvers.strategy_resolver - INFO - Strategy using max_open_trades: 10
2026-05-29 09:10:57,915 - freqtrade.configuration.config_validation - INFO - Validating configuration ...
2026-05-29 09:10:57,919 - freqtrade.resolvers.iresolver - INFO - Using resolved pairlist StaticPairList from '/Users/philprice95/Documents/freqtrade/freqtrade/plugins/pairlist/StaticPairList.py'...
2026-05-29 09:10:57,922 - freqtrade.optimize.backtesting - INFO - Using fee 0.1000% - worst case fee from exchange (lowest tier).
2026-05-29 09:10:58,022 - freqtrade.data.history.datahandlers.idatahandler - WARNING - ZEC/USDT, spot, 15m, data ends at 2026-05-27 17:15:00
2026-05-29 09:10:58,026 - freqtrade.data.history.datahandlers.idatahandler - INFO - Price jump in ZEC/USDT, 15m, spot between two candles of 33.14% detected.
2026-05-29 09:10:58,037 - freqtrade.data.history.datahandlers.idatahandler - WARNING - XRP/USDT, spot, 15m, data ends at 2026-05-27 17:15:00
2026-05-29 09:10:58,050 - freqtrade.data.history.datahandlers.idatahandler - WARNING - SOL/USDT, spot, 15m, data ends at 2026-05-27 17:15:00
2026-05-29 09:10:58,063 - freqtrade.data.history.datahandlers.idatahandler - WARNING - LINK/USDT, spot, 15m, data ends at 2026-05-27 17:15:00
2026-05-29 09:10:58,076 - freqtrade.data.history.datahandlers.idatahandler - WARNING - NEAR/USDT, spot, 15m, data ends at 2026-05-27 17:15:00
2026-05-29 09:10:58,089 - freqtrade.data.history.datahandlers.idatahandler - WARNING - AAVE/USDT, spot, 15m, data ends at 2026-05-27 17:15:00
2026-05-29 09:10:58,102 - freqtrade.data.history.datahandlers.idatahandler - WARNING - DASH/USDT, spot, 15m, data ends at 2026-05-28 15:45:00
2026-05-29 09:10:58,105 - freqtrade.data.history.datahandlers.idatahandler - INFO - Price jump in DASH/USDT, 15m, spot between two candles of 61.49% detected.
2026-05-29 09:10:58,115 - freqtrade.data.history.datahandlers.idatahandler - WARNING - SUI/USDT, spot, 15m, data ends at 2026-05-28 15:45:00
2026-05-29 09:10:58,127 - freqtrade.data.history.datahandlers.idatahandler - WARNING - AVAX/USDT, spot, 15m, data ends at 2026-05-28 15:45:00
2026-05-29 09:10:58,140 - freqtrade.data.history.datahandlers.idatahandler - WARNING - LTC/USDT, spot, 15m, data ends at 2026-05-28 15:45:00
2026-05-29 09:10:58,153 - freqtrade.data.history.datahandlers.idatahandler - WARNING - BCH/USDT, spot, 15m, data ends at 2026-05-28 15:45:00
2026-05-29 09:10:58,165 - freqtrade.data.history.datahandlers.idatahandler - WARNING - DOT/USDT, spot, 15m, data ends at 2026-05-28 15:45:00
2026-05-29 09:10:58,178 - freqtrade.data.history.datahandlers.idatahandler - WARNING - NEO/USDT, spot, 15m, data ends at 2026-05-28 15:45:00
2026-05-29 09:10:58,181 - freqtrade.data.history.datahandlers.idatahandler - INFO - Price jump in NEO/USDT, 15m, spot between two candles of 221.60% detected.
2026-05-29 09:10:58,189 - freqtrade.optimize.backtesting - INFO - Loading data from 2024-06-07 08:00:00 up to 2026-05-28 15:45:00 (720 days).
2026-05-29 09:11:00,723 - freqtrade.optimize.backtesting - INFO - Dataload complete. Calculating indicators
2026-05-29 09:11:00,724 - freqtrade.optimize.backtesting - INFO - Running backtesting for Strategy NNNC_DDPM_MLX_LSTM
2026-05-29 09:11:00,746 - freqtrade.strategy.hyper - INFO - Strategy Parameter: cexit_enable_profit_checks = True
2026-05-29 09:11:00,747 - freqtrade.strategy.hyper - INFO - Strategy Parameter: cexit_max_days = 5
2026-05-29 09:11:00,747 - freqtrade.strategy.hyper - INFO - Strategy Parameter: cexit_take_profit = 0.02
2026-05-29 09:11:00,747 - freqtrade.strategy.hyper - INFO - Strategy Parameter: enable_exit_signal = True
2026-05-29 09:11:00,747 - freqtrade.strategy.hyper - INFO - Strategy Parameter: exit_close_norm_threshold = 0.0
2026-05-29 09:11:00,747 - freqtrade.strategy.hyper - INFO - Strategy Parameter: exit_guard_threshold = 0.5
2026-05-29 09:11:00,747 - freqtrade.strategy.hyper - INFO - Strategy Parameter: entry_adx_threshold = 20.0
2026-05-29 09:11:00,747 - freqtrade.strategy.hyper - INFO - Strategy Parameter: entry_atr_pct = 0.006
2026-05-29 09:11:00,747 - freqtrade.strategy.hyper - INFO - Strategy Parameter: entry_bb_width_threshold = 0.014
2026-05-29 09:11:00,748 - freqtrade.strategy.hyper - INFO - Strategy Parameter: entry_close_norm_threshold = 0.0
2026-05-29 09:11:00,748 - freqtrade.strategy.hyper - INFO - Strategy Parameter: entry_enable_guards = True
2026-05-29 09:11:00,748 - freqtrade.strategy.hyper - INFO - Strategy Parameter: entry_guard_threshold = -0.5
2026-05-29 09:11:00,748 - freqtrade.strategy.hyper - INFO - Strategy Parameter: entry_rvol_threshold = 1.0
2026-05-29 09:11:00,748 - freqtrade.strategy.hyper - INFO - Strategy Parameter: prediction_threshold = 0.5

----------------------
NNNC_DDPM_MLX_LSTM
----------------------


Software Environment:

    freqtrade:  2026.4-dev-63819fa7e
    OS Type:    darwin (MacOS), Version: macOS-26.4.1-arm64-arm-64bit
    python:     ['3.12.13 (main, Mar  3 2026, 12:39:30) [Clang 21.0.0 (clang-2100.0.123.102)]']
    sklearn:    1.8.0
    tensorflow: 2.17.0, devices:[PhysicalDevice(name='/physical_device:CPU:0', device_type='CPU'), PhysicalDevice(name='/physical_device:GPU:0', device_type='GPU')]
    keras:      3.14.0
    pytorch:    (not installed)
    lightning:  (not installed)
    darts:      (not installed)


    Current Hyperopt Parameters:
      Buy Parameters:
        entry_adx_threshold: 20.0
        entry_atr_pct: 0.006
        entry_bb_width_threshold: 0.014
        entry_close_norm_threshold: 0.0
        entry_enable_guards: True
        entry_guard_threshold: -0.5
        entry_rvol_threshold: 1.0
        prediction_threshold: 0.5
        cexit_enable_profit_checks: True
        cexit_max_days: 2
        cexit_take_profit: 0.002
        profit_prediction_threshold: 0.3
        apply_task_filters: True

      Sell Parameters:
        cexit_enable_profit_checks: True
        cexit_max_days: 5
        cexit_take_profit: 0.02
        enable_exit_signal: True
        exit_close_norm_threshold: 0.0
        exit_guard_threshold: 0.5

Strategy Parameters/Flags

    refit_model:    False
    model_per_pair: False
    combine_models: False

    ZEC/USDT - adding indicators...
        Buy signals: found 4829 initial peaks, filtered to 4829 peaks with >=0.5% future gain
        Sell signals: found 5517 initial peaks, filtered to 5517 peaks with >=0.5% future loss
        Signal counts: buys=7092, sells=9463, conflicts=0
        Final trading_classes counts: buys=7092, sells=9463
        Trading distribution: [ 9463 52507  7092] [13.7%, 76.0%, 10.3%]
        %train_buy/%train_sell counts: buys=7092, sells=9463, holds=52507
    XRP/USDT - adding indicators...
        Buy signals: found 2379 initial peaks, filtered to 2379 peaks with >=0.5% future gain
        Sell signals: found 2415 initial peaks, filtered to 2415 peaks with >=0.5% future loss
        Signal counts: buys=3982, sells=4355, conflicts=0
        Final trading_classes counts: buys=3982, sells=4355
        Trading distribution: [ 4355 60725  3982] [6.3%, 87.9%, 5.8%]
        %train_buy/%train_sell counts: buys=3982, sells=4355, holds=60725
    SOL/USDT - adding indicators...
        Buy signals: found 2446 initial peaks, filtered to 2446 peaks with >=0.5% future gain
        Sell signals: found 2126 initial peaks, filtered to 2126 peaks with >=0.5% future loss
        Signal counts: buys=4204, sells=3870, conflicts=0
        Final trading_classes counts: buys=4204, sells=3870
        Trading distribution: [ 3870 60988  4204] [5.6%, 88.3%, 6.1%]
        %train_buy/%train_sell counts: buys=4204, sells=3870, holds=60988
    LINK/USDT - adding indicators...
        Buy signals: found 2923 initial peaks, filtered to 2923 peaks with >=0.5% future gain
        Sell signals: found 2800 initial peaks, filtered to 2800 peaks with >=0.5% future loss
        Signal counts: buys=4895, sells=5081, conflicts=0
        Final trading_classes counts: buys=4895, sells=5081
        Trading distribution: [ 5081 59086  4895] [7.4%, 85.6%, 7.1%]
        %train_buy/%train_sell counts: buys=4895, sells=5081, holds=59086
    NEAR/USDT - adding indicators...
        Buy signals: found 4662 initial peaks, filtered to 4662 peaks with >=0.5% future gain
        Sell signals: found 4417 initial peaks, filtered to 4414 peaks with >=0.5% future loss
        Signal counts: buys=7179, sells=7632, conflicts=0
        Final trading_classes counts: buys=7179, sells=7632
        Trading distribution: [ 7632 54251  7179] [11.1%, 78.6%, 10.4%]
        %train_buy/%train_sell counts: buys=7179, sells=7632, holds=54251
    AAVE/USDT - adding indicators...
        Buy signals: found 3786 initial peaks, filtered to 3786 peaks with >=0.5% future gain
        Sell signals: found 3808 initial peaks, filtered to 3808 peaks with >=0.5% future loss
        Signal counts: buys=5945, sells=6640, conflicts=0
        Final trading_classes counts: buys=5945, sells=6640
        Trading distribution: [ 6640 56477  5945] [9.6%, 81.8%, 8.6%]
        %train_buy/%train_sell counts: buys=5945, sells=6640, holds=56477
    DASH/USDT - adding indicators...
        Buy signals: found 3426 initial peaks, filtered to 3426 peaks with >=0.5% future gain
        Sell signals: found 3642 initial peaks, filtered to 3642 peaks with >=0.5% future loss
        Signal counts: buys=4989, sells=6180, conflicts=0
        Final trading_classes counts: buys=4989, sells=6180
        Trading distribution: [ 6180 57983  4989] [8.9%, 83.8%, 7.2%]
        %train_buy/%train_sell counts: buys=4989, sells=6180, holds=57983
    SUI/USDT - adding indicators...
        Buy signals: found 4959 initial peaks, filtered to 4959 peaks with >=0.5% future gain
        Sell signals: found 4712 initial peaks, filtered to 4712 peaks with >=0.5% future loss
        Signal counts: buys=7872, sells=8272, conflicts=0
        Final trading_classes counts: buys=7872, sells=8272
        Trading distribution: [ 8272 53008  7872] [12.0%, 76.7%, 11.4%]
        %train_buy/%train_sell counts: buys=7872, sells=8272, holds=53008
    AVAX/USDT - adding indicators...
        Buy signals: found 3181 initial peaks, filtered to 3181 peaks with >=0.5% future gain
        Sell signals: found 2835 initial peaks, filtered to 2835 peaks with >=0.5% future loss
        Signal counts: buys=5253, sells=5133, conflicts=0
        Final trading_classes counts: buys=5253, sells=5133
        Trading distribution: [ 5133 58766  5253] [7.4%, 85.0%, 7.6%]
        %train_buy/%train_sell counts: buys=5253, sells=5133, holds=58766
    LTC/USDT - adding indicators...
        Buy signals: found 2624 initial peaks, filtered to 2624 peaks with >=0.5% future gain
        Sell signals: found 2327 initial peaks, filtered to 2327 peaks with >=0.5% future loss
        Signal counts: buys=4301, sells=4221, conflicts=0
        Final trading_classes counts: buys=4301, sells=4221
        Trading distribution: [ 4221 60630  4301] [6.1%, 87.7%, 6.2%]
        %train_buy/%train_sell counts: buys=4301, sells=4221, holds=60630
    BCH/USDT - adding indicators...
        Buy signals: found 3033 initial peaks, filtered to 3033 peaks with >=0.5% future gain
        Sell signals: found 2883 initial peaks, filtered to 2883 peaks with >=0.5% future loss
        Signal counts: buys=4742, sells=5225, conflicts=0
        Final trading_classes counts: buys=4742, sells=5225
        Trading distribution: [ 5225 59185  4742] [7.6%, 85.6%, 6.9%]
        %train_buy/%train_sell counts: buys=4742, sells=5225, holds=59185
    DOT/USDT - adding indicators...
        Buy signals: found 3212 initial peaks, filtered to 3212 peaks with >=0.5% future gain
        Sell signals: found 2860 initial peaks, filtered to 2860 peaks with >=0.5% future loss
        Signal counts: buys=5274, sells=5066, conflicts=0
        Final trading_classes counts: buys=5274, sells=5066
        Trading distribution: [ 5066 58812  5274] [7.3%, 85.0%, 7.6%]
        %train_buy/%train_sell counts: buys=5274, sells=5066, holds=58812
    NEO/USDT - adding indicators...
        Buy signals: found 3090 initial peaks, filtered to 3090 peaks with >=0.5% future gain
        Sell signals: found 3046 initial peaks, filtered to 3046 peaks with >=0.5% future loss
        Signal counts: buys=4545, sells=5318, conflicts=0
        Final trading_classes counts: buys=4545, sells=5318
        Trading distribution: [ 5318 59289  4545] [7.7%, 85.7%, 6.6%]
        %train_buy/%train_sell counts: buys=4545, sells=5318, holds=59289
    Training model on 13 pairs
    Main scaler loaded from /Users/philprice95/Documents/freqtrade/user_data/strategies/saved_data/
    PCA data loaded: n_components=20
    Columns exceeding ±10 before clipping: [('bb_width', -1.0001307528502497, 18.387945839670714)]
    GAN scaler A loaded from /Users/philprice95/Documents/freqtrade/user_data/strategies/saved_data/
      columns: ['bb_width', 'atr_norm', 'rsi_scaled', 'mfi_scaled', 'guard_metric_pos', 'guard_metric_neg', 'gain_norm', 'macdhist_norm', 'ema_fast_norm', 'macd_pos', 'macd_neg', 'fastk_scaled', 'fast_diff', 'adx_scaled', 'aroonosc_scaled', 'bb_position', 'vwap_pos', 'vwap_neg', 'di_diff_scaled', 'sar_ratio', 'spread_ma', 'cci_scaled', 'fisher_ss', 'cg_ss']
    balance_single_task: class counts {0: 7531, 1: 42312, 2: 5391} (gan_type=TAB_DDPM)
    balance_single_task: per-class additions {0: 9393, 2: 11533}
      density filter: kept 9393/18787 synth samples for class 0 (reject_pct=0.50)
      generated 9393 samples for class 0
      density filter: kept 11533/23067 synth samples for class 2 (reject_pct=0.50)
      generated 11533 samples for class 2
    balance_single_task: rows 55234 -> 76160; counts {0: 7531, 1: 42312, 2: 5391} -> {0: 16924, 1: 42312, 2: 16924}
    === GAN fidelity diagnostic (real vs synthetic) ===
      real rows:      55234    synth rows:      20926    features: 24
      task        cls     N_real      N_syn    |Δμ|max    σ_syn/σ_real  flag
      ----------------------------------------------------------------------
      class         0       7531       9393      0.39σ   0.02/ 0.75  MODE_COLLAPSE,joint_drift
      class         1      42312          0          -               -  no synth
      class         2       5391      11533      0.36σ   0.03/ 0.77  MODE_COLLAPSE,joint_drift

      worst features per bucket (top 2 by severity):
        class==0:
          vwap_neg              real μ= +0.342 σ= 0.771    syn μ= +0.645 σ= 0.513    Δμ=+0.39σ  σ_ratio=0.66
          macd_pos              real μ= +0.628 σ= 0.394    syn μ= +0.778 σ= 0.297    Δμ=+0.38σ  σ_ratio=0.75
          bb_width              real μ= -0.450 σ= 0.333    syn μ= -0.571 σ= 0.193    Δμ=-0.36σ  σ_ratio=0.58
        class==2:
          guard_metric_neg      real μ= +0.595 σ= 0.283    syn μ= +0.696 σ= 0.224    Δμ=+0.36σ  σ_ratio=0.79
          vwap_pos              real μ= +0.389 σ= 0.773    syn μ= +0.645 σ= 0.542    Δμ=+0.33σ  σ_ratio=0.70
          macd_neg              real μ= +0.650 σ= 0.391    syn μ= +0.778 σ= 0.308    Δμ=+0.33σ  σ_ratio=0.79

    === Joint-distribution diagnostic (correlation matrix) ===
      task        cls  used_real   used_syn   |Δρ|max   |Δρ|mean  flag
      ----------------------------------------------------------------------
      class         0       7531       9393     0.466      0.084  joint_drift
      class         2       5391      11533     0.330      0.067  joint_drift

      worst feature PAIRS per bucket (top 2 by |Δρ|):
        class==0:
          vwap_pos           × vwap_neg            real ρ=-0.57  syn ρ=-0.11  Δρ=-0.47
          guard_metric_neg   × vwap_pos            real ρ=+0.39  syn ρ=+0.03  Δρ=+0.37
          rsi_scaled         × vwap_pos            real ρ=-0.39  syn ρ=-0.03  Δρ=-0.36
        class==2:
          guard_metric_pos   × vwap_neg            real ρ=+0.35  syn ρ=+0.02  Δρ=+0.33
          rsi_scaled         × guard_metric_pos    real ρ=+0.30  syn ρ=+0.07  Δρ=+0.23
          vwap_pos           × vwap_neg            real ρ=-0.58  syn ρ=-0.37  Δρ=-0.22
    Columns exceeding ±10 before clipping: [('bb_width', -1.0001307528502497, 16.676458335376665)]
    balance_single_task: class counts {0: 3852, 1: 47824, 2: 3558} (gan_type=TAB_DDPM)
    balance_single_task: per-class additions {0: 15277, 2: 15571}
      density filter: kept 15277/30555 synth samples for class 0 (reject_pct=0.50)
      generated 15277 samples for class 0
      density filter: kept 15571/31143 synth samples for class 2 (reject_pct=0.50)
      generated 15571 samples for class 2
    balance_single_task: rows 55234 -> 86082; counts {0: 3852, 1: 47824, 2: 3558} -> {0: 19129, 1: 47824, 2: 19129}
    === GAN fidelity diagnostic (real vs synthetic) ===
      real rows:      55234    synth rows:      30848    features: 24
      task        cls     N_real      N_syn    |Δμ|max    σ_syn/σ_real  flag
      ----------------------------------------------------------------------
      class         0       3852      15277      0.34σ   0.07/ 0.86  MODE_COLLAPSE
      class         1      47824          0          -               -  no synth
      class         2       3558      15571      0.37σ   0.07/ 0.88  MODE_COLLAPSE,joint_drift

      worst features per bucket (top 2 by severity):
        class==2:
          fastk_scaled          real μ= -0.556 σ= 0.338    syn μ= -0.682 σ= 0.342    Δμ=-0.37σ  σ_ratio=1.01
          rsi_scaled            real μ= -0.271 σ= 0.157    syn μ= -0.329 σ= 0.187    Δμ=-0.37σ  σ_ratio=1.19
          vwap_neg              real μ= -0.944 σ= 0.238    syn μ= -0.999 σ= 0.027    Δμ=-0.23σ  σ_ratio=0.12
        class==0:
          rsi_scaled            real μ= +0.264 σ= 0.176    syn μ= +0.325 σ= 0.202    Δμ=+0.34σ  σ_ratio=1.15
          fastk_scaled          real μ= +0.572 σ= 0.346    syn μ= +0.680 σ= 0.343    Δμ=+0.31σ  σ_ratio=0.99
          vwap_neg              real μ= +0.410 σ= 0.719    syn μ= +0.594 σ= 0.554    Δμ=+0.26σ  σ_ratio=0.77

    === Joint-distribution diagnostic (correlation matrix) ===
      task        cls  used_real   used_syn   |Δρ|max   |Δρ|mean  flag
      ----------------------------------------------------------------------
      class         0       3852      15277     0.250      0.076  ok
      class         2       3558      15571     0.388      0.079  joint_drift

      worst feature PAIRS per bucket (top 2 by |Δρ|):
        class==2:
          vwap_pos           × vwap_neg            real ρ=-0.54  syn ρ=-0.15  Δρ=-0.39
          macd_pos           × vwap_neg            real ρ=+0.37  syn ρ=+0.02  Δρ=+0.35
          aroonosc_scaled    × vwap_neg            real ρ=+0.34  syn ρ=+0.01  Δρ=+0.32
        class==0:
          vwap_pos           × vwap_neg            real ρ=-0.53  syn ρ=-0.28  Δρ=-0.25
          macd_neg           × di_diff_scaled      real ρ=-0.44  syn ρ=-0.19  Δρ=-0.25
          mfi_scaled         × guard_metric_pos    real ρ=+0.53  syn ρ=+0.29  Δρ=+0.24
    Columns exceeding ±10 before clipping: [('bb_width', -1.0001307528502497, 13.172310832388956)]
    balance_single_task: class counts {0: 3320, 1: 48233, 2: 3681} (gan_type=TAB_DDPM)
    balance_single_task: per-class additions {0: 15973, 2: 15612}
      density filter: kept 15973/31947 synth samples for class 0 (reject_pct=0.50)
      generated 15973 samples for class 0
      density filter: kept 15612/31225 synth samples for class 2 (reject_pct=0.50)
      generated 15612 samples for class 2
    balance_single_task: rows 55234 -> 86819; counts {0: 3320, 1: 48233, 2: 3681} -> {0: 19293, 1: 48233, 2: 19293}
    === GAN fidelity diagnostic (real vs synthetic) ===
      real rows:      55234    synth rows:      31585    features: 24
      task        cls     N_real      N_syn    |Δμ|max    σ_syn/σ_real  flag
      ----------------------------------------------------------------------
      class         0       3320      15973      0.25σ   0.08/ 0.92  MODE_COLLAPSE,joint_drift
      class         1      48233          0          -               -  no synth
      class         2       3681      15612      0.21σ   0.10/ 0.91  MODE_COLLAPSE,joint_drift

      worst features per bucket (top 2 by severity):
        class==0:
          rsi_scaled            real μ= +0.280 σ= 0.176    syn μ= +0.324 σ= 0.200    Δμ=+0.25σ  σ_ratio=1.14
          bb_width              real μ= -0.614 σ= 0.197    syn μ= -0.585 σ= 0.180    Δμ=+0.15σ  σ_ratio=0.91
          vwap_pos              real μ= -0.956 σ= 0.212    syn μ= -0.986 σ= 0.107    Δμ=-0.15σ  σ_ratio=0.51
        class==2:
          rsi_scaled            real μ= -0.304 σ= 0.158    syn μ= -0.338 σ= 0.196    Δμ=-0.21σ  σ_ratio=1.24
          vwap_neg              real μ= -0.952 σ= 0.212    syn μ= -0.997 σ= 0.047    Δμ=-0.21σ  σ_ratio=0.22
          fastk_scaled          real μ= -0.608 σ= 0.327    syn μ= -0.677 σ= 0.342    Δμ=-0.21σ  σ_ratio=1.05

    === Joint-distribution diagnostic (correlation matrix) ===
      task        cls  used_real   used_syn   |Δρ|max   |Δρ|mean  flag
      ----------------------------------------------------------------------
      class         0       3320      15973     0.336      0.073  joint_drift
      class         2       3681      15612     0.322      0.077  joint_drift

      worst feature PAIRS per bucket (top 2 by |Δρ|):
        class==0:
          macd_neg           × vwap_pos            real ρ=+0.41  syn ρ=+0.07  Δρ=+0.34
          macd_neg           × vwap_neg            real ρ=-0.36  syn ρ=-0.10  Δρ=-0.26
          ema_fast_norm      × macd_pos            real ρ=+0.23  syn ρ=-0.03  Δρ=+0.26
        class==2:
          vwap_pos           × vwap_neg            real ρ=-0.53  syn ρ=-0.21  Δρ=-0.32
          rsi_scaled         × vwap_neg            real ρ=+0.34  syn ρ=+0.07  Δρ=+0.27
          ema_fast_norm      × vwap_neg            real ρ=+0.26  syn ρ=+0.01  Δρ=+0.25
    Columns exceeding ±10 before clipping: [('bb_width', -1.0001307528502497, 10.021823762426383)]
    balance_single_task: class counts {0: 4584, 1: 46210, 2: 4440} (gan_type=TAB_DDPM)
    balance_single_task: per-class additions {0: 13900, 2: 14044}
      density filter: kept 13900/27801 synth samples for class 0 (reject_pct=0.50)
      generated 13900 samples for class 0
      density filter: kept 14044/28089 synth samples for class 2 (reject_pct=0.50)
      generated 14044 samples for class 2
    balance_single_task: rows 55234 -> 83178; counts {0: 4584, 1: 46210, 2: 4440} -> {0: 18484, 1: 46210, 2: 18484}
    === GAN fidelity diagnostic (real vs synthetic) ===
      real rows:      55234    synth rows:      27944    features: 24
      task        cls     N_real      N_syn    |Δμ|max    σ_syn/σ_real  flag
      ----------------------------------------------------------------------
      class         0       4584      13900      0.27σ   0.05/ 0.88  MODE_COLLAPSE,joint_drift
      class         1      46210          0          -               -  no synth
      class         2       4440      14044      0.30σ   0.09/ 0.89  MODE_COLLAPSE,joint_drift

      worst features per bucket (top 2 by severity):
        class==0:
          rsi_scaled            real μ= +0.279 σ= 0.178    syn μ= +0.328 σ= 0.206    Δμ=+0.27σ  σ_ratio=1.16
          macd_neg              real μ= +0.035 σ= 0.129    syn μ= +0.009 σ= 0.049    Δμ=-0.20σ  σ_ratio=0.38
          adx_scaled            real μ= +0.085 σ= 0.378    syn μ= +0.156 σ= 0.420    Δμ=+0.19σ  σ_ratio=1.11
        class==2:
          rsi_scaled            real μ= -0.300 σ= 0.170    syn μ= -0.351 σ= 0.211    Δμ=-0.30σ  σ_ratio=1.24
          macd_pos              real μ= +0.043 σ= 0.146    syn μ= +0.006 σ= 0.043    Δμ=-0.26σ  σ_ratio=0.29
          fastk_scaled          real μ= -0.617 σ= 0.342    syn μ= -0.691 σ= 0.337    Δμ=-0.22σ  σ_ratio=0.98

    === Joint-distribution diagnostic (correlation matrix) ===
      task        cls  used_real   used_syn   |Δρ|max   |Δρ|mean  flag
      ----------------------------------------------------------------------
      class         0       4584      13900     0.306      0.061  joint_drift
      class         2       4440      14044     0.348      0.071  joint_drift

      worst feature PAIRS per bucket (top 2 by |Δρ|):
        class==2:
          macd_pos           × vwap_neg            real ρ=+0.35  syn ρ=+0.00  Δρ=+0.35
          macd_pos           × di_diff_scaled      real ρ=+0.46  syn ρ=+0.15  Δρ=+0.30
          macd_pos           × vwap_pos            real ρ=-0.36  syn ρ=-0.08  Δρ=-0.29
        class==0:
          guard_metric_neg   × macd_neg            real ρ=+0.35  syn ρ=+0.05  Δρ=+0.31
          guard_metric_neg   × fast_diff           real ρ=-0.21  syn ρ=+0.08  Δρ=-0.29
          guard_metric_pos   × guard_metric_neg    real ρ=-0.27  syn ρ=-0.01  Δρ=-0.25
    Columns exceeding ±10 before clipping: [('bb_width', -1.0001307528502497, 15.26941264658338)]
    balance_single_task: class counts {0: 6416, 1: 42864, 2: 5954} (gan_type=TAB_DDPM)
    balance_single_task: per-class additions {0: 10729, 2: 11191}
      density filter: kept 10729/21459 synth samples for class 0 (reject_pct=0.50)
      generated 10729 samples for class 0
      density filter: kept 11191/22383 synth samples for class 2 (reject_pct=0.50)
      generated 11191 samples for class 2
    balance_single_task: rows 55234 -> 77154; counts {0: 6416, 1: 42864, 2: 5954} -> {0: 17145, 1: 42864, 2: 17145}
    === GAN fidelity diagnostic (real vs synthetic) ===
      real rows:      55234    synth rows:      21920    features: 24
      task        cls     N_real      N_syn    |Δμ|max    σ_syn/σ_real  flag
      ----------------------------------------------------------------------
      class         0       6416      10729      0.26σ   0.03/ 0.83  MODE_COLLAPSE,joint_drift
      class         1      42864          0          -               -  no synth
      class         2       5954      11191      0.28σ   0.12/ 0.83  MODE_COLLAPSE

      worst features per bucket (top 2 by severity):
        class==0:
          guard_metric_pos      real μ= +0.613 σ= 0.265    syn μ= +0.682 σ= 0.223    Δμ=+0.26σ  σ_ratio=0.84
          macd_pos              real μ= +0.676 σ= 0.374    syn μ= +0.754 σ= 0.322    Δμ=+0.21σ  σ_ratio=0.86
          vwap_neg              real μ= +0.427 σ= 0.736    syn μ= +0.576 σ= 0.598    Δμ=+0.20σ  σ_ratio=0.81
        class==2:
          vwap_pos              real μ= +0.439 σ= 0.736    syn μ= +0.644 σ= 0.539    Δμ=+0.28σ  σ_ratio=0.73
          macd_neg              real μ= +0.661 σ= 0.389    syn μ= +0.760 σ= 0.321    Δμ=+0.26σ  σ_ratio=0.83
          guard_metric_neg      real μ= +0.629 σ= 0.271    syn μ= +0.694 σ= 0.225    Δμ=+0.24σ  σ_ratio=0.83

    === Joint-distribution diagnostic (correlation matrix) ===
      task        cls  used_real   used_syn   |Δρ|max   |Δρ|mean  flag
      ----------------------------------------------------------------------
      class         0       6416      10729     0.319      0.070  joint_drift
      class         2       5954      11191     0.217      0.068  ok

      worst feature PAIRS per bucket (top 2 by |Δρ|):
        class==0:
          guard_metric_neg   × macd_neg            real ρ=+0.34  syn ρ=+0.02  Δρ=+0.32
          guard_metric_pos   × guard_metric_neg    real ρ=-0.29  syn ρ=+0.02  Δρ=-0.31
          fastk_scaled       × vwap_pos            real ρ=-0.31  syn ρ=-0.04  Δρ=-0.27
        class==2:
          macd_pos           × vwap_neg            real ρ=+0.30  syn ρ=+0.09  Δρ=+0.22
          vwap_neg           × di_diff_scaled      real ρ=+0.29  syn ρ=+0.09  Δρ=+0.20
          macd_pos           × vwap_pos            real ρ=-0.35  syn ρ=-0.16  Δρ=-0.19
    Columns exceeding ±10 before clipping: [('bb_width', -1.0001307528502497, 15.76205569340843)]
    balance_single_task: class counts {0: 5994, 1: 43993, 2: 5247} (gan_type=TAB_DDPM)
    balance_single_task: per-class additions {0: 11603, 2: 12350}
      density filter: kept 11603/23207 synth samples for class 0 (reject_pct=0.50)
      generated 11603 samples for class 0
      density filter: kept 12350/24701 synth samples for class 2 (reject_pct=0.50)
      generated 12350 samples for class 2
    balance_single_task: rows 55234 -> 79187; counts {0: 5994, 1: 43993, 2: 5247} -> {0: 17597, 1: 43993, 2: 17597}
    === GAN fidelity diagnostic (real vs synthetic) ===
      real rows:      55234    synth rows:      23953    features: 24
      task        cls     N_real      N_syn    |Δμ|max    σ_syn/σ_real  flag
      ----------------------------------------------------------------------
      class         0       5994      11603      0.28σ   0.03/ 0.83  MODE_COLLAPSE
      class         1      43993          0          -               -  no synth
      class         2       5247      12350      0.30σ   0.06/ 0.83  MODE_COLLAPSE,joint_drift

      worst features per bucket (top 2 by severity):
        class==0:
          macd_neg              real μ= +0.045 σ= 0.141    syn μ= +0.006 σ= 0.040    Δμ=-0.28σ  σ_ratio=0.29
          macd_pos              real μ= +0.686 σ= 0.375    syn μ= +0.770 σ= 0.297    Δμ=+0.23σ  σ_ratio=0.79
          guard_metric_pos      real μ= +0.631 σ= 0.265    syn μ= +0.687 σ= 0.222    Δμ=+0.21σ  σ_ratio=0.84
        class==2:
          macd_pos              real μ= +0.047 σ= 0.148    syn μ= +0.002 σ= 0.023    Δμ=-0.30σ  σ_ratio=0.15
          macd_neg              real μ= +0.675 σ= 0.382    syn μ= +0.786 σ= 0.287    Δμ=+0.29σ  σ_ratio=0.75
          guard_metric_neg      real μ= +0.623 σ= 0.272    syn μ= +0.694 σ= 0.229    Δμ=+0.26σ  σ_ratio=0.84

    === Joint-distribution diagnostic (correlation matrix) ===
      task        cls  used_real   used_syn   |Δρ|max   |Δρ|mean  flag
      ----------------------------------------------------------------------
      class         0       5994      11603     0.297      0.068  ok
      class         2       5247      12350     0.316      0.064  joint_drift

      worst feature PAIRS per bucket (top 2 by |Δρ|):
        class==2:
          gain_norm          × macd_pos            real ρ=-0.35  syn ρ=-0.03  Δρ=-0.32
          macd_pos           × macd_neg            real ρ=-0.56  syn ρ=-0.28  Δρ=-0.28
          guard_metric_pos   × macd_pos            real ρ=+0.29  syn ρ=+0.02  Δρ=+0.27
        class==0:
          guard_metric_pos   × guard_metric_neg    real ρ=-0.27  syn ρ=+0.02  Δρ=-0.30
          guard_metric_neg   × ema_fast_norm       real ρ=-0.18  syn ρ=+0.10  Δρ=-0.28
          guard_metric_neg   × vwap_pos            real ρ=+0.27  syn ρ=+0.01  Δρ=+0.27
    Columns exceeding ±10 before clipping: [('bb_width', -1.0001307528502497, 34.81767015448198)]
    balance_single_task: class counts {0: 4825, 1: 46803, 2: 3678} (gan_type=TAB_DDPM)
    balance_single_task: per-class additions {0: 13896, 2: 15043}
      density filter: kept 13896/27793 synth samples for class 0 (reject_pct=0.50)
      generated 13896 samples for class 0
      density filter: kept 15043/30087 synth samples for class 2 (reject_pct=0.50)
      generated 15043 samples for class 2
    balance_single_task: rows 55306 -> 84245; counts {0: 4825, 1: 46803, 2: 3678} -> {0: 18721, 1: 46803, 2: 18721}
    === GAN fidelity diagnostic (real vs synthetic) ===
      real rows:      55306    synth rows:      28939    features: 24
      task        cls     N_real      N_syn    |Δμ|max    σ_syn/σ_real  flag
      ----------------------------------------------------------------------
      class         0       4825      13896      0.42σ   0.01/ 0.72  MODE_COLLAPSE,joint_drift
      class         1      46803          0          -               -  no synth
      class         2       3678      15043      0.40σ   0.02/ 0.75  MODE_COLLAPSE,joint_drift

      worst features per bucket (top 2 by severity):
        class==0:
          vwap_neg              real μ= +0.325 σ= 0.788    syn μ= +0.652 σ= 0.509    Δμ=+0.42σ  σ_ratio=0.65
          bb_width              real μ= -0.426 σ= 0.380    syn μ= -0.569 σ= 0.194    Δμ=-0.38σ  σ_ratio=0.51
          macd_pos              real μ= +0.639 σ= 0.395    syn μ= +0.784 σ= 0.291    Δμ=+0.37σ  σ_ratio=0.74
        class==2:
          macd_neg              real μ= +0.645 σ= 0.396    syn μ= +0.804 σ= 0.284    Δμ=+0.40σ  σ_ratio=0.72
          bb_width              real μ= -0.458 σ= 0.324    syn μ= -0.575 σ= 0.191    Δμ=-0.36σ  σ_ratio=0.59
          macd_pos              real μ= +0.059 σ= 0.165    syn μ= +0.005 σ= 0.040    Δμ=-0.32σ  σ_ratio=0.24

    === Joint-distribution diagnostic (correlation matrix) ===
      task        cls  used_real   used_syn   |Δρ|max   |Δρ|mean  flag
      ----------------------------------------------------------------------
      class         0       4825      13896     0.408      0.096  joint_drift
      class         2       3678      15043     0.355      0.081  joint_drift

      worst feature PAIRS per bucket (top 2 by |Δρ|):
        class==0:
          guard_metric_neg   × vwap_pos            real ρ=+0.44  syn ρ=+0.03  Δρ=+0.41
          vwap_pos           × vwap_neg            real ρ=-0.59  syn ρ=-0.22  Δρ=-0.37
          rsi_scaled         × vwap_pos            real ρ=-0.47  syn ρ=-0.10  Δρ=-0.37
        class==2:
          bb_width           × adx_scaled          real ρ=-0.12  syn ρ=+0.24  Δρ=-0.36
          gain_norm          × macd_pos            real ρ=-0.41  syn ρ=-0.07  Δρ=-0.34
          rsi_scaled         × guard_metric_pos    real ρ=+0.35  syn ρ=+0.07  Δρ=+0.28
    Columns exceeding ±10 before clipping: [('bb_width', -1.0001307528502497, 13.282909868321585)]
    balance_single_task: class counts {0: 7206, 1: 41195, 2: 6905} (gan_type=TAB_DDPM)
    balance_single_task: per-class additions {0: 9272, 2: 9573}
      density filter: kept 9272/18545 synth samples for class 0 (reject_pct=0.50)
      generated 9272 samples for class 0
      density filter: kept 9573/19147 synth samples for class 2 (reject_pct=0.50)
      generated 9573 samples for class 2
    balance_single_task: rows 55306 -> 74151; counts {0: 7206, 1: 41195, 2: 6905} -> {0: 16478, 1: 41195, 2: 16478}
    === GAN fidelity diagnostic (real vs synthetic) ===
      real rows:      55306    synth rows:      18845    features: 24
      task        cls     N_real      N_syn    |Δμ|max    σ_syn/σ_real  flag
      ----------------------------------------------------------------------
      class         0       7206       9272      0.34σ   0.04/ 0.86  MODE_COLLAPSE
      class         1      41195          0          -               -  no synth
      class         2       6905       9573      0.36σ   0.06/ 0.84  MODE_COLLAPSE,joint_drift

      worst features per bucket (top 2 by severity):
        class==2:
          rsi_scaled            real μ= -0.279 σ= 0.182    syn μ= -0.344 σ= 0.203    Δμ=-0.36σ  σ_ratio=1.12
          vwap_neg              real μ= -0.922 σ= 0.278    syn μ= -0.995 σ= 0.058    Δμ=-0.26σ  σ_ratio=0.21
          macd_neg              real μ= +0.677 σ= 0.382    syn μ= +0.776 σ= 0.303    Δμ=+0.26σ  σ_ratio=0.79
        class==0:
          rsi_scaled            real μ= +0.267 σ= 0.190    syn μ= +0.331 σ= 0.205    Δμ=+0.34σ  σ_ratio=1.08
          vwap_neg              real μ= +0.370 σ= 0.754    syn μ= +0.546 σ= 0.633    Δμ=+0.23σ  σ_ratio=0.84
          guard_metric_pos      real μ= +0.611 σ= 0.261    syn μ= +0.666 σ= 0.234    Δμ=+0.21σ  σ_ratio=0.90

    === Joint-distribution diagnostic (correlation matrix) ===
      task        cls  used_real   used_syn   |Δρ|max   |Δρ|mean  flag
      ----------------------------------------------------------------------
      class         0       7206       9272     0.273      0.045  ok
      class         2       6905       9573     0.322      0.076  joint_drift

      worst feature PAIRS per bucket (top 2 by |Δρ|):
        class==2:
          macd_pos           × vwap_pos            real ρ=-0.33  syn ρ=-0.01  Δρ=-0.32
          macd_pos           × vwap_neg            real ρ=+0.32  syn ρ=+0.01  Δρ=+0.31
          vwap_pos           × vwap_neg            real ρ=-0.56  syn ρ=-0.26  Δρ=-0.29
        class==0:
          guard_metric_neg   × fast_diff           real ρ=-0.17  syn ρ=+0.10  Δρ=-0.27
          guard_metric_pos   × guard_metric_neg    real ρ=-0.28  syn ρ=-0.04  Δρ=-0.23
          guard_metric_neg   × aroonosc_scaled     real ρ=-0.19  syn ρ=+0.02  Δρ=-0.21
    Columns exceeding ±10 before clipping: [('bb_width', -1.0001307528502497, 13.671443881083967)]
    balance_single_task: class counts {0: 4637, 1: 45879, 2: 4790} (gan_type=TAB_DDPM)
    balance_single_task: per-class additions {0: 13714, 2: 13561}
      density filter: kept 13714/27429 synth samples for class 0 (reject_pct=0.50)
      generated 13714 samples for class 0
      density filter: kept 13561/27123 synth samples for class 2 (reject_pct=0.50)
      generated 13561 samples for class 2
    balance_single_task: rows 55306 -> 82581; counts {0: 4637, 1: 45879, 2: 4790} -> {0: 18351, 1: 45879, 2: 18351}
    === GAN fidelity diagnostic (real vs synthetic) ===
      real rows:      55306    synth rows:      27275    features: 24
      task        cls     N_real      N_syn    |Δμ|max    σ_syn/σ_real  flag
      ----------------------------------------------------------------------
      class         0       4637      13714      0.28σ   0.04/ 0.88  MODE_COLLAPSE,joint_drift
      class         1      45879          0          -               -  no synth
      class         2       4790      13561      0.20σ   0.08/ 0.89  MODE_COLLAPSE,joint_drift

      worst features per bucket (top 2 by severity):
        class==0:
          rsi_scaled            real μ= +0.286 σ= 0.182    syn μ= +0.338 σ= 0.204    Δμ=+0.28σ  σ_ratio=1.12
          vwap_pos              real μ= -0.947 σ= 0.236    syn μ= -0.994 σ= 0.073    Δμ=-0.20σ  σ_ratio=0.31
          bb_width              real μ= -0.614 σ= 0.174    syn μ= -0.588 σ= 0.176    Δμ=+0.15σ  σ_ratio=1.01
        class==2:
          vwap_neg              real μ= -0.951 σ= 0.223    syn μ= -0.995 σ= 0.057    Δμ=-0.20σ  σ_ratio=0.26
          rsi_scaled            real μ= -0.316 σ= 0.173    syn μ= -0.347 σ= 0.198    Δμ=-0.18σ  σ_ratio=1.14
          macd_pos              real μ= +0.039 σ= 0.141    syn μ= +0.016 σ= 0.086    Δμ=-0.16σ  σ_ratio=0.61

    === Joint-distribution diagnostic (correlation matrix) ===
      task        cls  used_real   used_syn   |Δρ|max   |Δρ|mean  flag
      ----------------------------------------------------------------------
      class         0       4637      13714     0.333      0.073  joint_drift
      class         2       4790      13561     0.370      0.075  joint_drift

      worst feature PAIRS per bucket (top 2 by |Δρ|):
        class==2:
          macd_pos           × vwap_neg            real ρ=+0.36  syn ρ=-0.01  Δρ=+0.37
          macd_neg           × vwap_neg            real ρ=-0.34  syn ρ=-0.04  Δρ=-0.30
          macd_pos           × vwap_pos            real ρ=-0.32  syn ρ=-0.03  Δρ=-0.29
        class==0:
          guard_metric_neg   × macd_neg            real ρ=+0.35  syn ρ=+0.02  Δρ=+0.33
          macd_neg           × vwap_pos            real ρ=+0.31  syn ρ=-0.01  Δρ=+0.32
          vwap_pos           × vwap_neg            real ρ=-0.52  syn ρ=-0.23  Δρ=-0.30
    Columns exceeding ±10 before clipping: [('bb_width', -1.0001307528502497, 19.190928111705656)]
    balance_single_task: class counts {0: 3686, 1: 47862, 2: 3758} (gan_type=TAB_DDPM)
    balance_single_task: per-class additions {0: 15458, 2: 15386}
      density filter: kept 15458/30917 synth samples for class 0 (reject_pct=0.50)
      generated 15458 samples for class 0
      density filter: kept 15386/30773 synth samples for class 2 (reject_pct=0.50)
      generated 15386 samples for class 2
    balance_single_task: rows 55306 -> 86150; counts {0: 3686, 1: 47862, 2: 3758} -> {0: 19144, 1: 47862, 2: 19144}
    === GAN fidelity diagnostic (real vs synthetic) ===
      real rows:      55306    synth rows:      30844    features: 24
      task        cls     N_real      N_syn    |Δμ|max    σ_syn/σ_real  flag
      ----------------------------------------------------------------------
      class         0       3686      15458      0.35σ   0.04/ 0.88  MODE_COLLAPSE,joint_drift
      class         1      47862          0          -               -  no synth
      class         2       3758      15386      0.30σ   0.09/ 0.90  MODE_COLLAPSE

      worst features per bucket (top 2 by severity):
        class==0:
          rsi_scaled            real μ= +0.257 σ= 0.173    syn μ= +0.317 σ= 0.201    Δμ=+0.35σ  σ_ratio=1.16
          adx_scaled            real μ= +0.011 σ= 0.370    syn μ= +0.119 σ= 0.416    Δμ=+0.29σ  σ_ratio=1.13
          fastk_scaled          real μ= +0.606 σ= 0.382    syn μ= +0.682 σ= 0.341    Δμ=+0.20σ  σ_ratio=0.89
        class==2:
          rsi_scaled            real μ= -0.281 σ= 0.162    syn μ= -0.330 σ= 0.198    Δμ=-0.30σ  σ_ratio=1.22
          fastk_scaled          real μ= -0.620 σ= 0.353    syn μ= -0.692 σ= 0.330    Δμ=-0.20σ  σ_ratio=0.93
          macd_pos              real μ= +0.041 σ= 0.142    syn μ= +0.017 σ= 0.083    Δμ=-0.17σ  σ_ratio=0.58

    === Joint-distribution diagnostic (correlation matrix) ===
      task        cls  used_real   used_syn   |Δρ|max   |Δρ|mean  flag
      ----------------------------------------------------------------------
      class         0       3686      15458     0.321      0.062  joint_drift
      class         2       3758      15386     0.230      0.058  ok

      worst feature PAIRS per bucket (top 2 by |Δρ|):
        class==0:
          guard_metric_neg   × macd_neg            real ρ=+0.37  syn ρ=+0.05  Δρ=+0.32
          guard_metric_pos   × guard_metric_neg    real ρ=-0.28  syn ρ=-0.02  Δρ=-0.26
          guard_metric_neg   × fast_diff           real ρ=-0.18  syn ρ=+0.08  Δρ=-0.25
        class==2:
          macd_pos           × aroonosc_scaled     real ρ=+0.29  syn ρ=+0.06  Δρ=+0.23
          guard_metric_neg   × macd_pos            real ρ=-0.37  syn ρ=-0.16  Δρ=-0.22
          macd_pos           × vwap_pos            real ρ=-0.29  syn ρ=-0.09  Δρ=-0.20
    Columns exceeding ±10 before clipping: [('bb_width', -1.0001307528502497, 10.502415466485646)]
    balance_single_task: class counts {0: 4565, 1: 46674, 2: 4067} (gan_type=TAB_DDPM)
    balance_single_task: per-class additions {0: 14104, 2: 14602}
      density filter: kept 14104/28209 synth samples for class 0 (reject_pct=0.50)
      generated 14104 samples for class 0
      density filter: kept 14602/29205 synth samples for class 2 (reject_pct=0.50)
      generated 14602 samples for class 2
    balance_single_task: rows 55306 -> 84012; counts {0: 4565, 1: 46674, 2: 4067} -> {0: 18669, 1: 46674, 2: 18669}
    === GAN fidelity diagnostic (real vs synthetic) ===
      real rows:      55306    synth rows:      28706    features: 24
      task        cls     N_real      N_syn    |Δμ|max    σ_syn/σ_real  flag
      ----------------------------------------------------------------------
      class         0       4565      14104      0.33σ   0.03/ 0.82  MODE_COLLAPSE,joint_drift
      class         1      46674          0          -               -  no synth
      class         2       4067      14602      0.31σ   0.04/ 0.81  MODE_COLLAPSE,joint_drift

      worst features per bucket (top 2 by severity):
        class==0:
          guard_metric_pos      real μ= +0.576 σ= 0.273    syn μ= +0.665 σ= 0.231    Δμ=+0.33σ  σ_ratio=0.84
          macd_neg              real μ= +0.042 σ= 0.135    syn μ= +0.004 σ= 0.034    Δμ=-0.28σ  σ_ratio=0.25
          macd_pos              real μ= +0.684 σ= 0.375    syn μ= +0.772 σ= 0.293    Δμ=+0.24σ  σ_ratio=0.78
        class==2:
          guard_metric_neg      real μ= +0.599 σ= 0.274    syn μ= +0.684 σ= 0.230    Δμ=+0.31σ  σ_ratio=0.84
          macd_pos              real μ= +0.041 σ= 0.135    syn μ= +0.002 σ= 0.021    Δμ=-0.29σ  σ_ratio=0.15
          macd_neg              real μ= +0.702 σ= 0.369    syn μ= +0.794 σ= 0.279    Δμ=+0.25σ  σ_ratio=0.76

    === Joint-distribution diagnostic (correlation matrix) ===
      task        cls  used_real   used_syn   |Δρ|max   |Δρ|mean  flag
      ----------------------------------------------------------------------
      class         0       4565      14104     0.362      0.073  joint_drift
      class         2       4067      14602     0.334      0.075  joint_drift

      worst feature PAIRS per bucket (top 2 by |Δρ|):
        class==0:
          guard_metric_neg   × macd_neg            real ρ=+0.40  syn ρ=+0.04  Δρ=+0.36
          guard_metric_neg   × vwap_pos            real ρ=+0.34  syn ρ=+0.02  Δρ=+0.32
          guard_metric_neg   × ema_fast_norm       real ρ=-0.20  syn ρ=+0.08  Δρ=-0.28
        class==2:
          fastk_scaled       × vwap_neg            real ρ=+0.39  syn ρ=+0.06  Δρ=+0.33
          guard_metric_pos   × macd_pos            real ρ=+0.34  syn ρ=+0.02  Δρ=+0.33
          macd_pos           × macd_neg            real ρ=-0.58  syn ρ=-0.25  Δρ=-0.32
    Columns exceeding ±10 before clipping: [('bb_width', -1.0001307528502497, 13.56570241164032)]
    balance_single_task: class counts {0: 4049, 1: 47009, 2: 4248} (gan_type=TAB_DDPM)
    balance_single_task: per-class additions {0: 14754, 2: 14555}
      density filter: kept 14754/29509 synth samples for class 0 (reject_pct=0.50)
      generated 14754 samples for class 0
      density filter: kept 14555/29111 synth samples for class 2 (reject_pct=0.50)
      generated 14555 samples for class 2
    balance_single_task: rows 55306 -> 84615; counts {0: 4049, 1: 47009, 2: 4248} -> {0: 18803, 1: 47009, 2: 18803}
    === GAN fidelity diagnostic (real vs synthetic) ===
      real rows:      55306    synth rows:      29309    features: 24
      task        cls     N_real      N_syn    |Δμ|max    σ_syn/σ_real  flag
      ----------------------------------------------------------------------
      class         0       4049      14754      0.22σ   0.04/ 0.86  MODE_COLLAPSE,joint_drift
      class         1      47009          0          -               -  no synth
      class         2       4248      14555      0.25σ   0.06/ 0.85  MODE_COLLAPSE,joint_drift

      worst features per bucket (top 2 by severity):
        class==2:
          macd_pos              real μ= +0.043 σ= 0.149    syn μ= +0.006 σ= 0.043    Δμ=-0.25σ  σ_ratio=0.29
          macd_neg              real μ= +0.726 σ= 0.356    syn μ= +0.786 σ= 0.293    Δμ=+0.17σ  σ_ratio=0.82
          vwap_neg              real μ= -0.936 σ= 0.254    syn μ= -0.978 σ= 0.133    Δμ=-0.17σ  σ_ratio=0.53
        class==0:
          macd_neg              real μ= +0.034 σ= 0.121    syn μ= +0.007 σ= 0.045    Δμ=-0.22σ  σ_ratio=0.37
          rsi_scaled            real μ= +0.299 σ= 0.194    syn μ= +0.334 σ= 0.207    Δμ=+0.18σ  σ_ratio=1.07
          vwap_neg              real μ= +0.467 σ= 0.714    syn μ= +0.576 σ= 0.606    Δμ=+0.15σ  σ_ratio=0.85

    === Joint-distribution diagnostic (correlation matrix) ===
      task        cls  used_real   used_syn   |Δρ|max   |Δρ|mean  flag
      ----------------------------------------------------------------------
      class         0       4049      14754     0.351      0.057  joint_drift
      class         2       4248      14555     0.329      0.072  joint_drift

      worst feature PAIRS per bucket (top 2 by |Δρ|):
        class==0:
          guard_metric_neg   × macd_neg            real ρ=+0.37  syn ρ=+0.02  Δρ=+0.35
          guard_metric_pos   × guard_metric_neg    real ρ=-0.26  syn ρ=-0.00  Δρ=-0.26
          guard_metric_neg   × fast_diff           real ρ=-0.16  syn ρ=+0.09  Δρ=-0.25
        class==2:
          guard_metric_pos   × macd_pos            real ρ=+0.33  syn ρ=+0.00  Δρ=+0.33
          gain_norm          × macd_pos            real ρ=-0.35  syn ρ=-0.07  Δρ=-0.28
          guard_metric_neg   × macd_pos            real ρ=-0.41  syn ρ=-0.13  Δρ=-0.28
    Columns exceeding ±10 before clipping: [('bb_width', -1.0001307528502497, 98.36947836360874)]
    balance_single_task: class counts {0: 4827, 1: 46520, 2: 3959} (gan_type=TAB_DDPM)
    balance_single_task: per-class additions {0: 13781, 2: 14649}
      density filter: kept 13781/27563 synth samples for class 0 (reject_pct=0.50)
      generated 13781 samples for class 0
      density filter: kept 14649/29299 synth samples for class 2 (reject_pct=0.50)
      generated 14649 samples for class 2
    balance_single_task: rows 55306 -> 83736; counts {0: 4827, 1: 46520, 2: 3959} -> {0: 18608, 1: 46520, 2: 18608}
    === GAN fidelity diagnostic (real vs synthetic) ===
      real rows:      55306    synth rows:      28430    features: 24
      task        cls     N_real      N_syn    |Δμ|max    σ_syn/σ_real  flag
      ----------------------------------------------------------------------
      class         0       4827      13781      0.37σ   0.01/ 0.73  MODE_COLLAPSE,joint_drift
      class         1      46520          0          -               -  no synth
      class         2       3959      14649      0.42σ   0.02/ 0.77  MODE_COLLAPSE,joint_drift

      worst features per bucket (top 2 by severity):
        class==2:
          aroonosc_scaled       real μ= -0.272 σ= 0.463    syn μ= -0.469 σ= 0.406    Δμ=-0.42σ  σ_ratio=0.88
          vwap_pos              real μ= +0.416 σ= 0.759    syn μ= +0.664 σ= 0.525    Δμ=+0.33σ  σ_ratio=0.69
          macd_pos              real μ= +0.056 σ= 0.159    syn μ= +0.005 σ= 0.035    Δμ=-0.32σ  σ_ratio=0.22
        class==0:
          vwap_neg              real μ= +0.374 σ= 0.778    syn μ= +0.661 σ= 0.515    Δμ=+0.37σ  σ_ratio=0.66
          macd_pos              real μ= +0.663 σ= 0.384    syn μ= +0.803 σ= 0.270    Δμ=+0.36σ  σ_ratio=0.70
          aroonosc_scaled       real μ= +0.286 σ= 0.474    syn μ= +0.450 σ= 0.432    Δμ=+0.35σ  σ_ratio=0.91

    === Joint-distribution diagnostic (correlation matrix) ===
      task        cls  used_real   used_syn   |Δρ|max   |Δρ|mean  flag
      ----------------------------------------------------------------------
      class         0       4827      13781     0.493      0.106  joint_drift
      class         2       3959      14649     0.314      0.078  joint_drift

      worst feature PAIRS per bucket (top 2 by |Δρ|):
        class==0:
          guard_metric_neg   × vwap_pos            real ρ=+0.51  syn ρ=+0.01  Δρ=+0.49
          guard_metric_neg   × macd_neg            real ρ=+0.47  syn ρ=+0.03  Δρ=+0.45
          rsi_scaled         × guard_metric_neg    real ρ=-0.45  syn ρ=-0.03  Δρ=-0.41
        class==2:
          guard_metric_pos   × vwap_neg            real ρ=+0.33  syn ρ=+0.02  Δρ=+0.31
          rsi_scaled         × guard_metric_pos    real ρ=+0.37  syn ρ=+0.08  Δρ=+0.29
          gain_norm          × macd_pos            real ρ=-0.36  syn ρ=-0.07  Δρ=-0.29
    MLX model not found (/Users/philprice95/Documents/freqtrade/user_data/strategies/saved_data/NNNC_DDPM_MLX_LSTM/NNNC_DDPM_MLX_LSTM.safetensors)...
    MLX model created.  Parameters: 12,483

    Training MLX model: NNNC_DDPM_MLX_LSTM
    train: (1068070, 16, 24)  test: (179890, 16, 24)
    batch_size: 2048  max_epochs: 100
    grad clip (global L2 norm): 1.0
    Epoch   1/100 — loss: 0.5012  val_loss: 0.3808  val_precision: 0.4175  val_f1_class_2: 0.5209  val_mcc: 0.5121  clips:34
    ✓ Best model saved  (val_mcc: 0.5121)
    Epoch   2/100 — loss: 0.3542  val_loss: 0.3478  val_precision: 0.4279  val_f1_class_2: 0.5383  val_mcc: 0.5317  clips:1
    ✓ Best model saved  (val_mcc: 0.5317)
    Epoch   3/100 — loss: 0.3278  val_loss: 0.3360  val_precision: 0.4309  val_f1_class_2: 0.5435  val_mcc: 0.5396
    ✓ Best model saved  (val_mcc: 0.5396)
    Epoch   4/100 — loss: 0.3160  val_loss: 0.3300  val_precision: 0.4296  val_f1_class_2: 0.5500  val_mcc: 0.5453  clips:1
    ✓ Best model saved  (val_mcc: 0.5453)
    Epoch   5/100 — loss: 0.3081  val_loss: 0.3269  val_precision: 0.4350  val_f1_class_2: 0.5518  val_mcc: 0.5450
    Epoch   6/100 — loss: 0.3030  val_loss: 0.3242  val_precision: 0.4317  val_f1_class_2: 0.5552  val_mcc: 0.5520
    ✓ Best model saved  (val_mcc: 0.5520)
    Epoch   7/100 — loss: 0.2985  val_loss: 0.3222  val_precision: 0.4295  val_f1_class_2: 0.5566  val_mcc: 0.5532
    ✓ Best model saved  (val_mcc: 0.5532)
    Epoch   8/100 — loss: 0.2950  val_loss: 0.3208  val_precision: 0.4450  val_f1_class_2: 0.5568  val_mcc: 0.5503
    Epoch   9/100 — loss: 0.2920  val_loss: 0.3196  val_precision: 0.4371  val_f1_class_2: 0.5595  val_mcc: 0.5549
    ✓ Best model saved  (val_mcc: 0.5549)
    Epoch  10/100 — loss: 0.2896  val_loss: 0.3178  val_precision: 0.4394  val_f1_class_2: 0.5601  val_mcc: 0.5549
    ✓ Best model saved  (val_mcc: 0.5549)
    Epoch  11/100 — loss: 0.2874  val_loss: 0.3173  val_precision: 0.4422  val_f1_class_2: 0.5615  val_mcc: 0.5566
    ✓ Best model saved  (val_mcc: 0.5566)
    Epoch  12/100 — loss: 0.2854  val_loss: 0.3160  val_precision: 0.4523  val_f1_class_2: 0.5622  val_mcc: 0.5562
    Epoch  13/100 — loss: 0.2839  val_loss: 0.3152  val_precision: 0.4569  val_f1_class_2: 0.5633  val_mcc: 0.5566
    Epoch  14/100 — loss: 0.2823  val_loss: 0.3146  val_precision: 0.4448  val_f1_class_2: 0.5643  val_mcc: 0.5597
    ✓ Best model saved  (val_mcc: 0.5597)
    Epoch  15/100 — loss: 0.2805  val_loss: 0.3142  val_precision: 0.4516  val_f1_class_2: 0.5646  val_mcc: 0.5586
    Epoch  16/100 — loss: 0.2797  val_loss: 0.3144  val_precision: 0.4382  val_f1_class_2: 0.5645  val_mcc: 0.5608
    ✓ Best model saved  (val_mcc: 0.5608)
    Epoch  17/100 — loss: 0.2784  val_loss: 0.3134  val_precision: 0.4492  val_f1_class_2: 0.5653  val_mcc: 0.5585
    Epoch  18/100 — loss: 0.2776  val_loss: 0.3125  val_precision: 0.4496  val_f1_class_2: 0.5655  val_mcc: 0.5596
    Epoch  19/100 — loss: 0.2766  val_loss: 0.3121  val_precision: 0.4605  val_f1_class_2: 0.5672  val_mcc: 0.5595
    Epoch  20/100 — loss: 0.2751  val_loss: 0.3114  val_precision: 0.4667  val_f1_class_2: 0.5669  val_mcc: 0.5584
    Epoch  21/100 — loss: 0.2745  val_loss: 0.3114  val_precision: 0.4528  val_f1_class_2: 0.5681  val_mcc: 0.5616
    ✓ Best model saved  (val_mcc: 0.5616)
    Epoch  22/100 — loss: 0.2734  val_loss: 0.3108  val_precision: 0.4586  val_f1_class_2: 0.5659  val_mcc: 0.5592
    Epoch  23/100 — loss: 0.2727  val_loss: 0.3106  val_precision: 0.4554  val_f1_class_2: 0.5683  val_mcc: 0.5621
    ✓ Best model saved  (val_mcc: 0.5621)
    Epoch  24/100 — loss: 0.2723  val_loss: 0.3099  val_precision: 0.4613  val_f1_class_2: 0.5685  val_mcc: 0.5609  clips:1
    Epoch  25/100 — loss: 0.2717  val_loss: 0.3096  val_precision: 0.4714  val_f1_class_2: 0.5680  val_mcc: 0.5597
    Epoch  26/100 — loss: 0.2711  val_loss: 0.3095  val_precision: 0.4591  val_f1_class_2: 0.5688  val_mcc: 0.5621
    ✓ Best model saved  (val_mcc: 0.5621)
    Epoch  27/100 — loss: 0.2707  val_loss: 0.3089  val_precision: 0.4638  val_f1_class_2: 0.5696  val_mcc: 0.5629
    ✓ Best model saved  (val_mcc: 0.5629)
    Epoch  28/100 — loss: 0.2698  val_loss: 0.3094  val_precision: 0.4535  val_f1_class_2: 0.5704  val_mcc: 0.5633
    ✓ Best model saved  (val_mcc: 0.5633)
    Epoch  29/100 — loss: 0.2693  val_loss: 0.3089  val_precision: 0.4591  val_f1_class_2: 0.5703  val_mcc: 0.5641
    ✓ Best model saved  (val_mcc: 0.5641)
    Epoch  30/100 — loss: 0.2691  val_loss: 0.3086  val_precision: 0.4676  val_f1_class_2: 0.5704  val_mcc: 0.5631  clips:1
    Epoch  31/100 — loss: 0.2685  val_loss: 0.3083  val_precision: 0.4705  val_f1_class_2: 0.5699  val_mcc: 0.5611
    Epoch  32/100 — loss: 0.2680  val_loss: 0.3080  val_precision: 0.4708  val_f1_class_2: 0.5700  val_mcc: 0.5627  clips:1
    Epoch  33/100 — loss: 0.2676  val_loss: 0.3077  val_precision: 0.4583  val_f1_class_2: 0.5714  val_mcc: 0.5655
    ✓ Best model saved  (val_mcc: 0.5655)
    Epoch  34/100 — loss: 0.2673  val_loss: 0.3077  val_precision: 0.4602  val_f1_class_2: 0.5720  val_mcc: 0.5653
    Epoch  35/100 — loss: 0.2669  val_loss: 0.3073  val_precision: 0.4561  val_f1_class_2: 0.5721  val_mcc: 0.5672
    ✓ Best model saved  (val_mcc: 0.5672)
    Epoch  36/100 — loss: 0.2668  val_loss: 0.3073  val_precision: 0.4684  val_f1_class_2: 0.5722  val_mcc: 0.5648
    Epoch  37/100 — loss: 0.2659  val_loss: 0.3075  val_precision: 0.4594  val_f1_class_2: 0.5712  val_mcc: 0.5666
    Epoch  38/100 — loss: 0.2664  val_loss: 0.3069  val_precision: 0.4767  val_f1_class_2: 0.5711  val_mcc: 0.5631  clips:2
    Epoch  39/100 — loss: 0.2656  val_loss: 0.3069  val_precision: 0.4673  val_f1_class_2: 0.5724  val_mcc: 0.5651
    Epoch  40/100 — loss: 0.2654  val_loss: 0.3066  val_precision: 0.4583  val_f1_class_2: 0.5727  val_mcc: 0.5677
    ✓ Best model saved  (val_mcc: 0.5677)
    Epoch  41/100 — loss: 0.2651  val_loss: 0.3063  val_precision: 0.4732  val_f1_class_2: 0.5720  val_mcc: 0.5646  clips:1
    Epoch  42/100 — loss: 0.2650  val_loss: 0.3061  val_precision: 0.4664  val_f1_class_2: 0.5719  val_mcc: 0.5658
    Epoch  43/100 — loss: 0.2647  val_loss: 0.3058  val_precision: 0.4681  val_f1_class_2: 0.5715  val_mcc: 0.5655
    Epoch  44/100 — loss: 0.2645  val_loss: 0.3062  val_precision: 0.4639  val_f1_class_2: 0.5730  val_mcc: 0.5671
    Epoch  45/100 — loss: 0.2647  val_loss: 0.3067  val_precision: 0.4568  val_f1_class_2: 0.5713  val_mcc: 0.5671
    Epoch  46/100 — loss: 0.2641  val_loss: 0.3059  val_precision: 0.4766  val_f1_class_2: 0.5720  val_mcc: 0.5659  clips:1
    Epoch  47/100 — loss: 0.2635  val_loss: 0.3062  val_precision: 0.4775  val_f1_class_2: 0.5703  val_mcc: 0.5629  clips:1
    Epoch  48/100 — loss: 0.2635  val_loss: 0.3053  val_precision: 0.4709  val_f1_class_2: 0.5716  val_mcc: 0.5654  clips:1
    ReduceLROnPlateau → lr=1.00e-05
    Epoch  49/100 — loss: 0.2631  val_loss: 0.3052  val_precision: 0.4736  val_f1_class_2: 0.5724  val_mcc: 0.5664
    Epoch  50/100 — loss: 0.2624  val_loss: 0.3051  val_precision: 0.4698  val_f1_class_2: 0.5729  val_mcc: 0.5677
    ✓ Best model saved  (val_mcc: 0.5677)
    Epoch  51/100 — loss: 0.2630  val_loss: 0.3051  val_precision: 0.4724  val_f1_class_2: 0.5722  val_mcc: 0.5664
    Epoch  52/100 — loss: 0.2620  val_loss: 0.3050  val_precision: 0.4723  val_f1_class_2: 0.5723  val_mcc: 0.5671
    Epoch  53/100 — loss: 0.2627  val_loss: 0.3051  val_precision: 0.4723  val_f1_class_2: 0.5728  val_mcc: 0.5669
    Epoch  54/100 — loss: 0.2622  val_loss: 0.3051  val_precision: 0.4673  val_f1_class_2: 0.5733  val_mcc: 0.5679  clips:1
    ✓ Best model saved  (val_mcc: 0.5679)
    Epoch  55/100 — loss: 0.2627  val_loss: 0.3051  val_precision: 0.4704  val_f1_class_2: 0.5729  val_mcc: 0.5673
    Epoch  56/100 — loss: 0.2628  val_loss: 0.3052  val_precision: 0.4737  val_f1_class_2: 0.5723  val_mcc: 0.5661
    Epoch  57/100 — loss: 0.2625  val_loss: 0.3050  val_precision: 0.4722  val_f1_class_2: 0.5726  val_mcc: 0.5670  clips:1
    Epoch  58/100 — loss: 0.2629  val_loss: 0.3050  val_precision: 0.4713  val_f1_class_2: 0.5727  val_mcc: 0.5668
    Epoch  59/100 — loss: 0.2623  val_loss: 0.3050  val_precision: 0.4727  val_f1_class_2: 0.5723  val_mcc: 0.5671
    Epoch  60/100 — loss: 0.2624  val_loss: 0.3050  val_precision: 0.4688  val_f1_class_2: 0.5732  val_mcc: 0.5680
    ✓ Best model saved  (val_mcc: 0.5680)
    Epoch  61/100 — loss: 0.2624  val_loss: 0.3049  val_precision: 0.4707  val_f1_class_2: 0.5726  val_mcc: 0.5671
    Epoch  62/100 — loss: 0.2624  val_loss: 0.3050  val_precision: 0.4697  val_f1_class_2: 0.5737  val_mcc: 0.5680
    ✓ Best model saved  (val_mcc: 0.5680)
    Epoch  63/100 — loss: 0.2626  val_loss: 0.3050  val_precision: 0.4724  val_f1_class_2: 0.5726  val_mcc: 0.5669
    Epoch  64/100 — loss: 0.2626  val_loss: 0.3049  val_precision: 0.4729  val_f1_class_2: 0.5729  val_mcc: 0.5675  clips:1
    Epoch  65/100 — loss: 0.2620  val_loss: 0.3049  val_precision: 0.4715  val_f1_class_2: 0.5728  val_mcc: 0.5671
    Epoch  66/100 — loss: 0.2624  val_loss: 0.3049  val_precision: 0.4754  val_f1_class_2: 0.5731  val_mcc: 0.5671  clips:2
    Epoch  67/100 — loss: 0.2622  val_loss: 0.3050  val_precision: 0.4723  val_f1_class_2: 0.5723  val_mcc: 0.5673  clips:1
    Epoch  68/100 — loss: 0.2621  val_loss: 0.3048  val_precision: 0.4706  val_f1_class_2: 0.5723  val_mcc: 0.5675
    Epoch  69/100 — loss: 0.2621  val_loss: 0.3049  val_precision: 0.4697  val_f1_class_2: 0.5740  val_mcc: 0.5684  clips:1
    ✓ Best model saved  (val_mcc: 0.5684)
    Epoch  70/100 — loss: 0.2621  val_loss: 0.3048  val_precision: 0.4715  val_f1_class_2: 0.5728  val_mcc: 0.5672
    Epoch  71/100 — loss: 0.2623  val_loss: 0.3049  val_precision: 0.4707  val_f1_class_2: 0.5729  val_mcc: 0.5673
    Epoch  72/100 — loss: 0.2622  val_loss: 0.3048  val_precision: 0.4725  val_f1_class_2: 0.5728  val_mcc: 0.5676
    Epoch  73/100 — loss: 0.2623  val_loss: 0.3049  val_precision: 0.4733  val_f1_class_2: 0.5730  val_mcc: 0.5674
    Epoch  74/100 — loss: 0.2621  val_loss: 0.3048  val_precision: 0.4735  val_f1_class_2: 0.5730  val_mcc: 0.5676
    Epoch  75/100 — loss: 0.2620  val_loss: 0.3048  val_precision: 0.4715  val_f1_class_2: 0.5723  val_mcc: 0.5673
    Epoch  76/100 — loss: 0.2618  val_loss: 0.3048  val_precision: 0.4697  val_f1_class_2: 0.5735  val_mcc: 0.5682
    Epoch  77/100 — loss: 0.2621  val_loss: 0.3048  val_precision: 0.4708  val_f1_class_2: 0.5730  val_mcc: 0.5678
    ReduceLROnPlateau → lr=1.00e-06
    Epoch  78/100 — loss: 0.2619  val_loss: 0.3048  val_precision: 0.4714  val_f1_class_2: 0.5726  val_mcc: 0.5675  clips:1
    Epoch  79/100 — loss: 0.2621  val_loss: 0.3047  val_precision: 0.4708  val_f1_class_2: 0.5725  val_mcc: 0.56762026-05-29 09:28:57,107 - freqtrade.optimize.backtesting - INFO - Backtesting with data from 2024-06-08 00:00:00 up to 2026-05-28 15:45:00 (719 days).

    Epoch  80/100 — loss: 0.2620  val_loss: 0.3047  val_precision: 0.4705  val_f1_class_2: 0.5725  val_mcc: 0.5677  clips:2
    Epoch  81/100 — loss: 0.2622  val_loss: 0.3047  val_precision: 0.4705  val_f1_class_2: 0.5725  val_mcc: 0.5677
    Epoch  82/100 — loss: 0.2620  val_loss: 0.3047  val_precision: 0.4711  val_f1_class_2: 0.5722  val_mcc: 0.5676
    Epoch  83/100 — loss: 0.2619  val_loss: 0.3047  val_precision: 0.4712  val_f1_class_2: 0.5724  val_mcc: 0.5675
    Epoch  84/100 — loss: 0.2616  val_loss: 0.3047  val_precision: 0.4714  val_f1_class_2: 0.5722  val_mcc: 0.5674
    Epoch  85/100 — loss: 0.2618  val_loss: 0.3047  val_precision: 0.4708  val_f1_class_2: 0.5722  val_mcc: 0.5674
    ReduceLROnPlateau → lr=1.00e-06
    Epoch  86/100 — loss: 0.2622  val_loss: 0.3047  val_precision: 0.4714  val_f1_class_2: 0.5722  val_mcc: 0.5673
    Epoch  87/100 — loss: 0.2625  val_loss: 0.3047  val_precision: 0.4723  val_f1_class_2: 0.5725  val_mcc: 0.5675
    Epoch  88/100 — loss: 0.2621  val_loss: 0.3047  val_precision: 0.4717  val_f1_class_2: 0.5724  val_mcc: 0.5674  clips:1
    Epoch  89/100 — loss: 0.2620  val_loss: 0.3047  val_precision: 0.4716  val_f1_class_2: 0.5724  val_mcc: 0.5675  clips:2
    EarlyStopping at epoch 89 (no improvement for 20 epochs)
    Restoring best weights from /tmp/NNNC_DDPM_MLX_LSTM/checkpoint.safetensors
    Saving MLX model to: /Users/philprice95/Documents/freqtrade/user_data/strategies/saved_data/NNNC_DDPM_MLX_LSTM/NNNC_DDPM_MLX_LSTM.safetensors
    Trading - Sell:
        min: 0.000 max: 0.829, mean: 0.172
        signals > 0.500: 10530 (15.2%)
        counts: [44371, 3604, 2036, 2112, 6409, 6675, 3449, 387, 19, 0, 0]
        percentages: [0.64, 0.05, 0.03, 0.03, 0.09, 0.1, 0.05, 0.01, 0.0, 0.0, 0.0]
        cumulative: [0.64, 0.69, 0.72, 0.75, 0.85, 0.94, 0.99, 1.0, 1.0, 1.0, 1.0]
    Trading - Hold:
        min: 0.171 max: 0.975, mean: 0.674
        signals > 0.500: 50217 (72.7%)
        counts: [0, 27, 1044, 6251, 11523, 13968, 5624, 3915, 6052, 20658, 0]
        percentages: [0.0, 0.0, 0.02, 0.09, 0.17, 0.2, 0.08, 0.06, 0.09, 0.3, 0.0]
        cumulative: [0.0, 0.0, 0.02, 0.11, 0.27, 0.48, 0.56, 0.61, 0.7, 1.0, 1.0]
    Trading - Buy:
        min: 0.000 max: 0.819, mean: 0.154
        signals > 0.500: 7526 (10.9%)
        counts: [45502, 3480, 2455, 3656, 6443, 4253, 2639, 626, 8, 0, 0]
        percentages: [0.66, 0.05, 0.04, 0.05, 0.09, 0.06, 0.04, 0.01, 0.0, 0.0, 0.0]
        cumulative: [0.66, 0.71, 0.74, 0.8, 0.89, 0.95, 0.99, 1.0, 1.0, 1.0, 1.0]

ZEC/USDT
    Comparing actual vs predicted signals

================================================================================
CLASSIFICATION PERFORMANCE ASSESSMENT (Tri-State)
================================================================================
--- Detailed Classification Report ---
              precision    recall  f1-score   support

         0.0      0.627     0.698     0.661      9463
         1.0      0.887     0.862     0.874     52507
         2.0      0.555     0.589     0.572      7092

    accuracy                          0.811     69062
   macro avg      0.690     0.716     0.702     69062
weighted avg      0.818     0.811     0.814     69062


--- Confusion Matrix ---
Rows = True, Columns = Predicted
             Sell     Hold      Buy
    Sell     6607     2845       11
    Hold     3912    45258     3337
     Buy       11     2903     4178

--- Qualitative Assessment of Key Metrics ---
Metric                    Score   Assessment                               Trading Context
-------------------------   -------   ----------------------------------------   ------------------------------
Precision (Sell)          0.627   Good. Reliable performance.              Avoid false sell signals (support: 9463.0)
Recall (Sell)             0.698   Good. Reliable performance.              Find all sell opportunities (support: 9463.0)
F1-Score (Sell)           0.661   Good. Reliable performance.              Balanced performance on Sell signal (support: 9463.0)
Precision (Hold)          0.887   Excellent. Very strong performance.      Correctly identify neutral periods (support: 52507.0)
Recall (Hold)             0.862   Excellent. Very strong performance.      Find all neutral periods (support: 52507.0)
F1-Score (Hold)           0.874   Excellent. Very strong performance.      Balanced performance on Hold signal (support: 52507.0)
Precision (Buy)           0.555   Okay. Acceptable, but needs improvement. Avoid false buy signals (support: 7092.0)
Recall (Buy)              0.589   Okay. Acceptable, but needs improvement. Find all buy opportunities (support: 7092.0)
F1-Score (Buy)            0.572   Okay. Acceptable, but needs improvement. Balanced performance on Buy signal (support: 7092.0)

--- Overall Performance Metrics ---

--- Qualitative Assessment of Key Metrics ---
Metric                    Score   Assessment                               Trading Context
-------------------------   -------   ----------------------------------------   ------------------------------
Macro Avg Precision       0.690   Good. Reliable performance.              Average precision across all classes
Macro Avg Recall          0.716   Good. Reliable performance.              Average recall across all classes
Macro Avg F1-Score        0.702   Good. Reliable performance.              Average F1-score across all classes
Weighted Avg Precision    0.818   Excellent. Very strong performance.      Support-weighted average precision
Weighted Avg Recall       0.811   Excellent. Very strong performance.      Support-weighted average recall
Weighted Avg F1-Score     0.814   Excellent. Very strong performance.      Support-weighted average F1-score
MCC                       0.537   Good. Reliable positive correlation.     Correlation between prediction and reality
Cohen's Kappa             0.536   Moderate. Meaningful agreement.          Agreement better than random chance

--- Summary and Recommendation ---
🌟 GOOD PERFORMANCE: The model shows strong balance (Macro F1-Score 0.702, Weighted F1-Score 0.814) and reliable correlation (MCC 0.537). All classes performing reasonably well.
================================================================================
    Trading - Sell:
        min: 0.000 max: 0.818, mean: 0.086
        signals > 0.500: 5500 (8.0%)
        counts: [57731, 2532, 1144, 899, 1256, 3436, 1909, 154, 1, 0, 0]
        percentages: [0.84, 0.04, 0.02, 0.01, 0.02, 0.05, 0.03, 0.0, 0.0, 0.0, 0.0]
        cumulative: [0.84, 0.87, 0.89, 0.9, 0.92, 0.97, 1.0, 1.0, 1.0, 1.0, 1.0]
    Trading - Hold:
        min: 0.123 max: 0.979, mean: 0.834
        signals > 0.500: 58903 (85.3%)
        counts: [0, 5, 489, 3574, 6091, 3005, 1873, 2072, 5242, 46711, 0]
        percentages: [0.0, 0.0, 0.01, 0.05, 0.09, 0.04, 0.03, 0.03, 0.08, 0.68, 0.0]
        cumulative: [0.0, 0.0, 0.01, 0.06, 0.15, 0.19, 0.22, 0.25, 0.32, 1.0, 1.0]
    Trading - Buy:
        min: 0.000 max: 0.877, mean: 0.080
        signals > 0.500: 4434 (6.4%)
        counts: [58653, 2469, 1075, 903, 1528, 2504, 1606, 320, 4, 0, 0]
        percentages: [0.85, 0.04, 0.02, 0.01, 0.02, 0.04, 0.02, 0.0, 0.0, 0.0, 0.0]
        cumulative: [0.85, 0.89, 0.9, 0.91, 0.94, 0.97, 1.0, 1.0, 1.0, 1.0, 1.0]

XRP/USDT
    Comparing actual vs predicted signals

================================================================================
CLASSIFICATION PERFORMANCE ASSESSMENT (Tri-State)
================================================================================
--- Detailed Classification Report ---
              precision    recall  f1-score   support

         0.0      0.661     0.834     0.737      4355
         1.0      0.971     0.946     0.958     60725
         2.0      0.675     0.751     0.711      3982

    accuracy                          0.927     69062
   macro avg      0.769     0.844     0.802     69062
weighted avg      0.935     0.927     0.930     69062


--- Confusion Matrix ---
Rows = True, Columns = Predicted
             Sell     Hold      Buy
    Sell     3634      720        1
    Hold     1860    57424     1441
     Buy        6      984     2992

--- Qualitative Assessment of Key Metrics ---
Metric                    Score   Assessment                               Trading Context
-------------------------   -------   ----------------------------------------   ------------------------------
Precision (Sell)          0.661   Good. Reliable performance.              Avoid false sell signals (support: 4355.0)
Recall (Sell)             0.834   Excellent. Very strong performance.      Find all sell opportunities (support: 4355.0)
F1-Score (Sell)           0.737   Good. Reliable performance.              Balanced performance on Sell signal (support: 4355.0)
Precision (Hold)          0.971   Excellent. Very strong performance.      Correctly identify neutral periods (support: 60725.0)
Recall (Hold)             0.946   Excellent. Very strong performance.      Find all neutral periods (support: 60725.0)
F1-Score (Hold)           0.958   Excellent. Very strong performance.      Balanced performance on Hold signal (support: 60725.0)
Precision (Buy)           0.675   Good. Reliable performance.              Avoid false buy signals (support: 3982.0)
Recall (Buy)              0.751   Good. Reliable performance.              Find all buy opportunities (support: 3982.0)
F1-Score (Buy)            0.711   Good. Reliable performance.              Balanced performance on Buy signal (support: 3982.0)

--- Overall Performance Metrics ---

--- Qualitative Assessment of Key Metrics ---
Metric                    Score   Assessment                               Trading Context
-------------------------   -------   ----------------------------------------   ------------------------------
Macro Avg Precision       0.769   Good. Reliable performance.              Average precision across all classes
Macro Avg Recall          0.844   Excellent. Very strong performance.      Average recall across all classes
Macro Avg F1-Score        0.802   Excellent. Very strong performance.      Average F1-score across all classes
Weighted Avg Precision    0.935   Excellent. Very strong performance.      Support-weighted average precision
Weighted Avg Recall       0.927   Excellent. Very strong performance.      Support-weighted average recall
Weighted Avg F1-Score     0.930   Excellent. Very strong performance.      Support-weighted average F1-score
MCC                       0.699   Excellent. Strong positive correlation.  Correlation between prediction and reality
Cohen's Kappa             0.696   Substantial. Strong agreement.           Agreement better than random chance

--- Summary and Recommendation ---
🌟 GOOD PERFORMANCE: The model shows strong balance (Macro F1-Score 0.802, Weighted F1-Score 0.930) and reliable correlation (MCC 0.699). All classes performing reasonably well.
================================================================================
    Trading - Sell:
        min: 0.000 max: 0.759, mean: 0.090
        signals > 0.500: 5329 (7.7%)
        counts: [56217, 3176, 1553, 1130, 1657, 3922, 1373, 34, 0, 0, 0]
        percentages: [0.81, 0.05, 0.02, 0.02, 0.02, 0.06, 0.02, 0.0, 0.0, 0.0, 0.0]
        cumulative: [0.81, 0.86, 0.88, 0.9, 0.92, 0.98, 1.0, 1.0, 1.0, 1.0, 1.0]
    Trading - Hold:
        min: 0.177 max: 0.979, mean: 0.820
        signals > 0.500: 58763 (85.1%)
        counts: [0, 1, 194, 3031, 7073, 3919, 2486, 2840, 6826, 42692, 0]
        percentages: [0.0, 0.0, 0.0, 0.04, 0.1, 0.06, 0.04, 0.04, 0.1, 0.62, 0.0]
        cumulative: [0.0, 0.0, 0.0, 0.05, 0.15, 0.21, 0.24, 0.28, 0.38, 1.0, 1.0]
    Trading - Buy:
        min: 0.000 max: 0.823, mean: 0.090
        signals > 0.500: 4768 (6.9%)
        counts: [56427, 3242, 1375, 1193, 2057, 3008, 1603, 156, 1, 0, 0]
        percentages: [0.82, 0.05, 0.02, 0.02, 0.03, 0.04, 0.02, 0.0, 0.0, 0.0, 0.0]
        cumulative: [0.82, 0.86, 0.88, 0.9, 0.93, 0.97, 1.0, 1.0, 1.0, 1.0, 1.0]

SOL/USDT
    Comparing actual vs predicted signals

================================================================================
CLASSIFICATION PERFORMANCE ASSESSMENT (Tri-State)
================================================================================
--- Detailed Classification Report ---
              precision    recall  f1-score   support

         0.0      0.577     0.795     0.669      3870
         1.0      0.964     0.932     0.948     60988
         2.0      0.601     0.682     0.639      4204

    accuracy                          0.909     69062
   macro avg      0.714     0.803     0.752     69062
weighted avg      0.920     0.909     0.913     69062


--- Confusion Matrix ---
Rows = True, Columns = Predicted
             Sell     Hold      Buy
    Sell     3076      792        2
    Hold     2249    56840     1899
     Buy        4     1333     2867

--- Qualitative Assessment of Key Metrics ---
Metric                    Score   Assessment                               Trading Context
-------------------------   -------   ----------------------------------------   ------------------------------
Precision (Sell)          0.577   Okay. Acceptable, but needs improvement. Avoid false sell signals (support: 3870.0)
Recall (Sell)             0.795   Good. Reliable performance.              Find all sell opportunities (support: 3870.0)
F1-Score (Sell)           0.669   Good. Reliable performance.              Balanced performance on Sell signal (support: 3870.0)
Precision (Hold)          0.964   Excellent. Very strong performance.      Correctly identify neutral periods (support: 60988.0)
Recall (Hold)             0.932   Excellent. Very strong performance.      Find all neutral periods (support: 60988.0)
F1-Score (Hold)           0.948   Excellent. Very strong performance.      Balanced performance on Hold signal (support: 60988.0)
Precision (Buy)           0.601   Good. Reliable performance.              Avoid false buy signals (support: 4204.0)
Recall (Buy)              0.682   Good. Reliable performance.              Find all buy opportunities (support: 4204.0)
F1-Score (Buy)            0.639   Good. Reliable performance.              Balanced performance on Buy signal (support: 4204.0)

--- Overall Performance Metrics ---

--- Qualitative Assessment of Key Metrics ---
Metric                    Score   Assessment                               Trading Context
-------------------------   -------   ----------------------------------------   ------------------------------
Macro Avg Precision       0.714   Good. Reliable performance.              Average precision across all classes
Macro Avg Recall          0.803   Excellent. Very strong performance.      Average recall across all classes
Macro Avg F1-Score        0.752   Good. Reliable performance.              Average F1-score across all classes
Weighted Avg Precision    0.920   Excellent. Very strong performance.      Support-weighted average precision
Weighted Avg Recall       0.909   Excellent. Very strong performance.      Support-weighted average recall
Weighted Avg F1-Score     0.913   Excellent. Very strong performance.      Support-weighted average F1-score
MCC                       0.622   Excellent. Strong positive correlation.  Correlation between prediction and reality
Cohen's Kappa             0.617   Substantial. Strong agreement.           Agreement better than random chance

--- Summary and Recommendation ---
🌟 GOOD PERFORMANCE: The model shows strong balance (Macro F1-Score 0.752, Weighted F1-Score 0.913) and reliable correlation (MCC 0.622). All classes performing reasonably well.
================================================================================
    Trading - Sell:
        min: 0.000 max: 0.765, mean: 0.105
        signals > 0.500: 6403 (9.3%)
        counts: [54214, 3433, 1597, 1311, 2104, 4583, 1753, 67, 0, 0, 0]
        percentages: [0.79, 0.05, 0.02, 0.02, 0.03, 0.07, 0.03, 0.0, 0.0, 0.0, 0.0]
        cumulative: [0.79, 0.83, 0.86, 0.88, 0.91, 0.97, 1.0, 1.0, 1.0, 1.0, 1.0]
    Trading - Hold:
        min: 0.119 max: 0.977, mean: 0.797
        signals > 0.500: 57182 (82.8%)
        counts: [0, 2, 298, 3725, 7855, 4976, 2754, 3106, 7418, 38928, 0]
        percentages: [0.0, 0.0, 0.0, 0.05, 0.11, 0.07, 0.04, 0.04, 0.11, 0.56, 0.0]
        cumulative: [0.0, 0.0, 0.0, 0.06, 0.17, 0.24, 0.28, 0.33, 0.44, 1.0, 1.0]
    Trading - Buy:
        min: 0.000 max: 0.881, mean: 0.099
        signals > 0.500: 5204 (7.5%)
        counts: [54917, 3478, 1531, 1413, 2519, 3090, 1892, 221, 1, 0, 0]
        percentages: [0.8, 0.05, 0.02, 0.02, 0.04, 0.04, 0.03, 0.0, 0.0, 0.0, 0.0]
        cumulative: [0.8, 0.85, 0.87, 0.89, 0.92, 0.97, 1.0, 1.0, 1.0, 1.0, 1.0]

LINK/USDT
    Comparing actual vs predicted signals

================================================================================
CLASSIFICATION PERFORMANCE ASSESSMENT (Tri-State)
================================================================================
--- Detailed Classification Report ---
              precision    recall  f1-score   support

         0.0      0.612     0.771     0.682      5081
         1.0      0.952     0.926     0.939     59086
         2.0      0.632     0.672     0.651      4895

    accuracy                          0.896     69062
   macro avg      0.732     0.789     0.757     69062
weighted avg      0.904     0.896     0.899     69062


--- Confusion Matrix ---
Rows = True, Columns = Predicted
             Sell     Hold      Buy
    Sell     3916     1164        1
    Hold     2479    54691     1916
     Buy        8     1600     3287

--- Qualitative Assessment of Key Metrics ---
Metric                    Score   Assessment                               Trading Context
-------------------------   -------   ----------------------------------------   ------------------------------
Precision (Sell)          0.612   Good. Reliable performance.              Avoid false sell signals (support: 5081.0)
Recall (Sell)             0.771   Good. Reliable performance.              Find all sell opportunities (support: 5081.0)
F1-Score (Sell)           0.682   Good. Reliable performance.              Balanced performance on Sell signal (support: 5081.0)
Precision (Hold)          0.952   Excellent. Very strong performance.      Correctly identify neutral periods (support: 59086.0)
Recall (Hold)             0.926   Excellent. Very strong performance.      Find all neutral periods (support: 59086.0)
F1-Score (Hold)           0.939   Excellent. Very strong performance.      Balanced performance on Hold signal (support: 59086.0)
Precision (Buy)           0.632   Good. Reliable performance.              Avoid false buy signals (support: 4895.0)
Recall (Buy)              0.672   Good. Reliable performance.              Find all buy opportunities (support: 4895.0)
F1-Score (Buy)            0.651   Good. Reliable performance.              Balanced performance on Buy signal (support: 4895.0)

--- Overall Performance Metrics ---

--- Qualitative Assessment of Key Metrics ---
Metric                    Score   Assessment                               Trading Context
-------------------------   -------   ----------------------------------------   ------------------------------
Macro Avg Precision       0.732   Good. Reliable performance.              Average precision across all classes
Macro Avg Recall          0.789   Good. Reliable performance.              Average recall across all classes
Macro Avg F1-Score        0.757   Good. Reliable performance.              Average F1-score across all classes
Weighted Avg Precision    0.904   Excellent. Very strong performance.      Support-weighted average precision
Weighted Avg Recall       0.896   Excellent. Very strong performance.      Support-weighted average recall
Weighted Avg F1-Score     0.899   Excellent. Very strong performance.      Support-weighted average F1-score
MCC                       0.626   Excellent. Strong positive correlation.  Correlation between prediction and reality
Cohen's Kappa             0.624   Substantial. Strong agreement.           Agreement better than random chance

--- Summary and Recommendation ---
🌟 GOOD PERFORMANCE: The model shows strong balance (Macro F1-Score 0.757, Weighted F1-Score 0.899) and reliable correlation (MCC 0.626). All classes performing reasonably well.
================================================================================
    Trading - Sell:
        min: 0.000 max: 0.778, mean: 0.155
        signals > 0.500: 8786 (12.7%)
        counts: [45347, 4504, 2440, 2312, 5673, 6844, 1865, 77, 0, 0, 0]
        percentages: [0.66, 0.07, 0.04, 0.03, 0.08, 0.1, 0.03, 0.0, 0.0, 0.0, 0.0]
        cumulative: [0.66, 0.72, 0.76, 0.79, 0.87, 0.97, 1.0, 1.0, 1.0, 1.0, 1.0]
    Trading - Hold:
        min: 0.209 max: 0.976, mean: 0.702
        signals > 0.500: 53071 (76.8%)
        counts: [0, 0, 296, 3802, 11893, 12844, 5652, 4753, 8102, 21720, 0]
        percentages: [0.0, 0.0, 0.0, 0.06, 0.17, 0.19, 0.08, 0.07, 0.12, 0.31, 0.0]
        cumulative: [0.0, 0.0, 0.0, 0.06, 0.23, 0.42, 0.5, 0.57, 0.69, 1.0, 1.0]
    Trading - Buy:
        min: 0.000 max: 0.791, mean: 0.143
        signals > 0.500: 6538 (9.5%)
        counts: [46339, 4051, 2722, 3089, 6323, 4515, 1813, 210, 0, 0, 0]
        percentages: [0.67, 0.06, 0.04, 0.04, 0.09, 0.07, 0.03, 0.0, 0.0, 0.0, 0.0]
        cumulative: [0.67, 0.73, 0.77, 0.81, 0.91, 0.97, 1.0, 1.0, 1.0, 1.0, 1.0]

NEAR/USDT
    Comparing actual vs predicted signals

================================================================================
CLASSIFICATION PERFORMANCE ASSESSMENT (Tri-State)
================================================================================
--- Detailed Classification Report ---
              precision    recall  f1-score   support

         0.0      0.562     0.647     0.602      7632
         1.0      0.886     0.877     0.882     54251
         2.0      0.569     0.519     0.543      7179

    accuracy                          0.815     69062
   macro avg      0.673     0.681     0.675     69062
weighted avg      0.817     0.815     0.815     69062


--- Confusion Matrix ---
Rows = True, Columns = Predicted
             Sell     Hold      Buy
    Sell     4940     2685        7
    Hold     3839    47604     2808
     Buy        7     3449     3723

--- Qualitative Assessment of Key Metrics ---
Metric                    Score   Assessment                               Trading Context
-------------------------   -------   ----------------------------------------   ------------------------------
Precision (Sell)          0.562   Okay. Acceptable, but needs improvement. Avoid false sell signals (support: 7632.0)
Recall (Sell)             0.647   Good. Reliable performance.              Find all sell opportunities (support: 7632.0)
F1-Score (Sell)           0.602   Good. Reliable performance.              Balanced performance on Sell signal (support: 7632.0)
Precision (Hold)          0.886   Excellent. Very strong performance.      Correctly identify neutral periods (support: 54251.0)
Recall (Hold)             0.877   Excellent. Very strong performance.      Find all neutral periods (support: 54251.0)
F1-Score (Hold)           0.882   Excellent. Very strong performance.      Balanced performance on Hold signal (support: 54251.0)
Precision (Buy)           0.569   Okay. Acceptable, but needs improvement. Avoid false buy signals (support: 7179.0)
Recall (Buy)              0.519   Okay. Acceptable, but needs improvement. Find all buy opportunities (support: 7179.0)
F1-Score (Buy)            0.543   Okay. Acceptable, but needs improvement. Balanced performance on Buy signal (support: 7179.0)

--- Overall Performance Metrics ---

--- Qualitative Assessment of Key Metrics ---
Metric                    Score   Assessment                               Trading Context
-------------------------   -------   ----------------------------------------   ------------------------------
Macro Avg Precision       0.673   Good. Reliable performance.              Average precision across all classes
Macro Avg Recall          0.681   Good. Reliable performance.              Average recall across all classes
Macro Avg F1-Score        0.675   Good. Reliable performance.              Average F1-score across all classes
Weighted Avg Precision    0.817   Excellent. Very strong performance.      Support-weighted average precision
Weighted Avg Recall       0.815   Excellent. Very strong performance.      Support-weighted average recall
Weighted Avg F1-Score     0.815   Excellent. Very strong performance.      Support-weighted average F1-score
MCC                       0.493   Good. Reliable positive correlation.     Correlation between prediction and reality
Cohen's Kappa             0.492   Moderate. Meaningful agreement.          Agreement better than random chance

--- Summary and Recommendation ---
🌟 GOOD PERFORMANCE: The model shows strong balance (Macro F1-Score 0.675, Weighted F1-Score 0.815) and reliable correlation (MCC 0.493). All classes performing reasonably well.
================================================================================
    Trading - Sell:
        min: 0.000 max: 0.757, mean: 0.141
        signals > 0.500: 7417 (10.7%)
        counts: [47401, 4512, 2372, 2279, 5081, 5677, 1686, 54, 0, 0, 0]
        percentages: [0.69, 0.07, 0.03, 0.03, 0.07, 0.08, 0.02, 0.0, 0.0, 0.0, 0.0]
        cumulative: [0.69, 0.75, 0.79, 0.82, 0.89, 0.97, 1.0, 1.0, 1.0, 1.0, 1.0]
    Trading - Hold:
        min: 0.216 max: 0.977, mean: 0.732
        signals > 0.500: 56028 (81.1%)
        counts: [0, 0, 242, 3263, 9529, 11513, 5475, 4702, 8500, 25838, 0]
        percentages: [0.0, 0.0, 0.0, 0.05, 0.14, 0.17, 0.08, 0.07, 0.12, 0.37, 0.0]
        cumulative: [0.0, 0.0, 0.0, 0.05, 0.19, 0.36, 0.43, 0.5, 0.63, 1.0, 1.0]
    Trading - Buy:
        min: 0.000 max: 0.784, mean: 0.127
        signals > 0.500: 5096 (7.4%)
        counts: [48793, 4099, 2488, 3057, 5529, 3454, 1464, 178, 0, 0, 0]
        percentages: [0.71, 0.06, 0.04, 0.04, 0.08, 0.05, 0.02, 0.0, 0.0, 0.0, 0.0]
        cumulative: [0.71, 0.77, 0.8, 0.85, 0.93, 0.98, 1.0, 1.0, 1.0, 1.0, 1.0]

AAVE/USDT
    Comparing actual vs predicted signals

================================================================================
CLASSIFICATION PERFORMANCE ASSESSMENT (Tri-State)
================================================================================
--- Detailed Classification Report ---
              precision    recall  f1-score   support

         0.0      0.571     0.638     0.603      6640
         1.0      0.905     0.906     0.905     56477
         2.0      0.580     0.498     0.536      5945

    accuracy                          0.845     69062
   macro avg      0.686     0.681     0.681     69062
weighted avg      0.845     0.845     0.845     69062


--- Confusion Matrix ---
Rows = True, Columns = Predicted
             Sell     Hold      Buy
    Sell     4238     2397        5
    Hold     3174    51170     2133
     Buy        5     2982     2958

--- Qualitative Assessment of Key Metrics ---
Metric                    Score   Assessment                               Trading Context
-------------------------   -------   ----------------------------------------   ------------------------------
Precision (Sell)          0.571   Okay. Acceptable, but needs improvement. Avoid false sell signals (support: 6640.0)
Recall (Sell)             0.638   Good. Reliable performance.              Find all sell opportunities (support: 6640.0)
F1-Score (Sell)           0.603   Good. Reliable performance.              Balanced performance on Sell signal (support: 6640.0)
Precision (Hold)          0.905   Excellent. Very strong performance.      Correctly identify neutral periods (support: 56477.0)
Recall (Hold)             0.906   Excellent. Very strong performance.      Find all neutral periods (support: 56477.0)
F1-Score (Hold)           0.905   Excellent. Very strong performance.      Balanced performance on Hold signal (support: 56477.0)
Precision (Buy)           0.580   Okay. Acceptable, but needs improvement. Avoid false buy signals (support: 5945.0)
Recall (Buy)              0.498   Okay. Acceptable, but needs improvement. Find all buy opportunities (support: 5945.0)
F1-Score (Buy)            0.536   Okay. Acceptable, but needs improvement. Balanced performance on Buy signal (support: 5945.0)

--- Overall Performance Metrics ---

--- Qualitative Assessment of Key Metrics ---
Metric                    Score   Assessment                               Trading Context
-------------------------   -------   ----------------------------------------   ------------------------------
Macro Avg Precision       0.686   Good. Reliable performance.              Average precision across all classes
Macro Avg Recall          0.681   Good. Reliable performance.              Average recall across all classes
Macro Avg F1-Score        0.681   Good. Reliable performance.              Average F1-score across all classes
Weighted Avg Precision    0.845   Excellent. Very strong performance.      Support-weighted average precision
Weighted Avg Recall       0.845   Excellent. Very strong performance.      Support-weighted average recall
Weighted Avg F1-Score     0.845   Excellent. Very strong performance.      Support-weighted average F1-score
MCC                       0.507   Good. Reliable positive correlation.     Correlation between prediction and reality
Cohen's Kappa             0.506   Moderate. Meaningful agreement.          Agreement better than random chance

--- Summary and Recommendation ---
⚠️ CONCERN: Buy class recall is only 0.498. The model is missing over 50% of available 'Buy' signals. **Priority: Improve Buy Recall and overall F1.**
================================================================================
    Trading - Sell:
        min: 0.000 max: 0.834, mean: 0.140
        signals > 0.500: 6315 (9.1%)
        counts: [48486, 3260, 1904, 2071, 7116, 4487, 1508, 295, 25, 0, 0]
        percentages: [0.7, 0.05, 0.03, 0.03, 0.1, 0.06, 0.02, 0.0, 0.0, 0.0, 0.0]
        cumulative: [0.7, 0.75, 0.78, 0.81, 0.91, 0.97, 1.0, 1.0, 1.0, 1.0, 1.0]
    Trading - Hold:
        min: 0.139 max: 0.977, mean: 0.729
        signals > 0.500: 57701 (83.4%)
        counts: [0, 37, 568, 2885, 7961, 15307, 5634, 3477, 5630, 27653, 0]
        percentages: [0.0, 0.0, 0.01, 0.04, 0.12, 0.22, 0.08, 0.05, 0.08, 0.4, 0.0]
        cumulative: [0.0, 0.0, 0.01, 0.05, 0.17, 0.39, 0.47, 0.52, 0.6, 1.0, 1.0]
    Trading - Buy:
        min: 0.000 max: 0.859, mean: 0.131
        signals > 0.500: 4561 (6.6%)
        counts: [48844, 2954, 2014, 3833, 6946, 3057, 1247, 245, 12, 0, 0]
        percentages: [0.71, 0.04, 0.03, 0.06, 0.1, 0.04, 0.02, 0.0, 0.0, 0.0, 0.0]
        cumulative: [0.71, 0.75, 0.78, 0.83, 0.93, 0.98, 1.0, 1.0, 1.0, 1.0, 1.0]

DASH/USDT
    Comparing actual vs predicted signals

================================================================================
CLASSIFICATION PERFORMANCE ASSESSMENT (Tri-State)
================================================================================
--- Detailed Classification Report ---
              precision    recall  f1-score   support

         0.0      0.549     0.561     0.555      6180
         1.0      0.906     0.910     0.908     57983
         2.0      0.476     0.435     0.455      4989

    accuracy                          0.845     69152
   macro avg      0.644     0.636     0.639     69152
weighted avg      0.843     0.845     0.844     69152


--- Confusion Matrix ---
Rows = True, Columns = Predicted
             Sell     Hold      Buy
    Sell     3468     2696       16
    Hold     2826    52784     2373
     Buy       21     2796     2172

--- Qualitative Assessment of Key Metrics ---
Metric                    Score   Assessment                               Trading Context
-------------------------   -------   ----------------------------------------   ------------------------------
Precision (Sell)          0.549   Okay. Acceptable, but needs improvement. Avoid false sell signals (support: 6180.0)
Recall (Sell)             0.561   Okay. Acceptable, but needs improvement. Find all sell opportunities (support: 6180.0)
F1-Score (Sell)           0.555   Okay. Acceptable, but needs improvement. Balanced performance on Sell signal (support: 6180.0)
Precision (Hold)          0.906   Excellent. Very strong performance.      Correctly identify neutral periods (support: 57983.0)
Recall (Hold)             0.910   Excellent. Very strong performance.      Find all neutral periods (support: 57983.0)
F1-Score (Hold)           0.908   Excellent. Very strong performance.      Balanced performance on Hold signal (support: 57983.0)
Precision (Buy)           0.476   Okay. Acceptable, but needs improvement. Avoid false buy signals (support: 4989.0)
Recall (Buy)              0.435   Okay. Acceptable, but needs improvement. Find all buy opportunities (support: 4989.0)
F1-Score (Buy)            0.455   Okay. Acceptable, but needs improvement. Balanced performance on Buy signal (support: 4989.0)

--- Overall Performance Metrics ---

--- Qualitative Assessment of Key Metrics ---
Metric                    Score   Assessment                               Trading Context
-------------------------   -------   ----------------------------------------   ------------------------------
Macro Avg Precision       0.644   Good. Reliable performance.              Average precision across all classes
Macro Avg Recall          0.636   Good. Reliable performance.              Average recall across all classes
Macro Avg F1-Score        0.639   Good. Reliable performance.              Average F1-score across all classes
Weighted Avg Precision    0.843   Excellent. Very strong performance.      Support-weighted average precision
Weighted Avg Recall       0.845   Excellent. Very strong performance.      Support-weighted average recall
Weighted Avg F1-Score     0.844   Excellent. Very strong performance.      Support-weighted average F1-score
MCC                       0.447   Good. Reliable positive correlation.     Correlation between prediction and reality
Cohen's Kappa             0.447   Moderate. Meaningful agreement.          Agreement better than random chance

--- Summary and Recommendation ---
⚠️ CONCERN: Buy class recall is only 0.435. The model is missing over 56% of available 'Buy' signals. **Priority: Improve Buy Recall and overall F1.**
================================================================================
    Trading - Sell:
        min: 0.000 max: 0.790, mean: 0.147
        signals > 0.500: 10094 (14.6%)
        counts: [47781, 4237, 2137, 1896, 3007, 6770, 3164, 160, 0, 0, 0]
        percentages: [0.69, 0.06, 0.03, 0.03, 0.04, 0.1, 0.05, 0.0, 0.0, 0.0, 0.0]
        cumulative: [0.69, 0.75, 0.78, 0.81, 0.85, 0.95, 1.0, 1.0, 1.0, 1.0, 1.0]
    Trading - Hold:
        min: 0.115 max: 0.978, mean: 0.711
        signals > 0.500: 50113 (72.5%)
        counts: [0, 1, 569, 6321, 12148, 7663, 4461, 4462, 8575, 24952, 0]
        percentages: [0.0, 0.0, 0.01, 0.09, 0.18, 0.11, 0.06, 0.06, 0.12, 0.36, 0.0]
        cumulative: [0.0, 0.0, 0.01, 0.1, 0.28, 0.39, 0.45, 0.52, 0.64, 1.0, 1.0]
    Trading - Buy:
        min: 0.000 max: 0.885, mean: 0.142
        signals > 0.500: 8292 (12.0%)
        counts: [47517, 4351, 2572, 2333, 4087, 4878, 3021, 392, 1, 0, 0]
        percentages: [0.69, 0.06, 0.04, 0.03, 0.06, 0.07, 0.04, 0.01, 0.0, 0.0, 0.0]
        cumulative: [0.69, 0.75, 0.79, 0.82, 0.88, 0.95, 0.99, 1.0, 1.0, 1.0, 1.0]

SUI/USDT
    Comparing actual vs predicted signals

================================================================================
CLASSIFICATION PERFORMANCE ASSESSMENT (Tri-State)
================================================================================
--- Detailed Classification Report ---
              precision    recall  f1-score   support

         0.0      0.634     0.774     0.697      8272
         1.0      0.911     0.873     0.892     53008
         2.0      0.630     0.664     0.646      7872

    accuracy                          0.837     69152
   macro avg      0.725     0.770     0.745     69152
weighted avg      0.846     0.837     0.840     69152


--- Confusion Matrix ---
Rows = True, Columns = Predicted
             Sell     Hold      Buy
    Sell     6403     1865        4
    Hold     3680    46265     3063
     Buy       11     2636     5225

--- Qualitative Assessment of Key Metrics ---
Metric                    Score   Assessment                               Trading Context
-------------------------   -------   ----------------------------------------   ------------------------------
Precision (Sell)          0.634   Good. Reliable performance.              Avoid false sell signals (support: 8272.0)
Recall (Sell)             0.774   Good. Reliable performance.              Find all sell opportunities (support: 8272.0)
F1-Score (Sell)           0.697   Good. Reliable performance.              Balanced performance on Sell signal (support: 8272.0)
Precision (Hold)          0.911   Excellent. Very strong performance.      Correctly identify neutral periods (support: 53008.0)
Recall (Hold)             0.873   Excellent. Very strong performance.      Find all neutral periods (support: 53008.0)
F1-Score (Hold)           0.892   Excellent. Very strong performance.      Balanced performance on Hold signal (support: 53008.0)
Precision (Buy)           0.630   Good. Reliable performance.              Avoid false buy signals (support: 7872.0)
Recall (Buy)              0.664   Good. Reliable performance.              Find all buy opportunities (support: 7872.0)
F1-Score (Buy)            0.646   Good. Reliable performance.              Balanced performance on Buy signal (support: 7872.0)

--- Overall Performance Metrics ---

--- Qualitative Assessment of Key Metrics ---
Metric                    Score   Assessment                               Trading Context
-------------------------   -------   ----------------------------------------   ------------------------------
Macro Avg Precision       0.725   Good. Reliable performance.              Average precision across all classes
Macro Avg Recall          0.770   Good. Reliable performance.              Average recall across all classes
Macro Avg F1-Score        0.745   Good. Reliable performance.              Average F1-score across all classes
Weighted Avg Precision    0.846   Excellent. Very strong performance.      Support-weighted average precision
Weighted Avg Recall       0.837   Excellent. Very strong performance.      Support-weighted average recall
Weighted Avg F1-Score     0.840   Excellent. Very strong performance.      Support-weighted average F1-score
MCC                       0.601   Excellent. Strong positive correlation.  Correlation between prediction and reality
Cohen's Kappa             0.599   Moderate. Meaningful agreement.          Agreement better than random chance

--- Summary and Recommendation ---
🌟 GOOD PERFORMANCE: The model shows strong balance (Macro F1-Score 0.745, Weighted F1-Score 0.840) and reliable correlation (MCC 0.601). All classes performing reasonably well.
================================================================================
    Trading - Sell:
        min: 0.000 max: 0.792, mean: 0.110
        signals > 0.500: 6610 (9.6%)
        counts: [52949, 3877, 1813, 1507, 2396, 4932, 1647, 31, 0, 0, 0]
        percentages: [0.77, 0.06, 0.03, 0.02, 0.03, 0.07, 0.02, 0.0, 0.0, 0.0, 0.0]
        cumulative: [0.77, 0.82, 0.85, 0.87, 0.9, 0.98, 1.0, 1.0, 1.0, 1.0, 1.0]
    Trading - Hold:
        min: 0.169 max: 0.976, mean: 0.785
        signals > 0.500: 57062 (82.5%)
        counts: [0, 2, 264, 3502, 8322, 5719, 3474, 3718, 8372, 35779, 0]
        percentages: [0.0, 0.0, 0.0, 0.05, 0.12, 0.08, 0.05, 0.05, 0.12, 0.52, 0.0]
        cumulative: [0.0, 0.0, 0.0, 0.05, 0.17, 0.26, 0.31, 0.36, 0.48, 1.0, 1.0]
    Trading - Buy:
        min: 0.000 max: 0.831, mean: 0.105
        signals > 0.500: 5229 (7.6%)
        counts: [53410, 3897, 1867, 1807, 2942, 3218, 1785, 224, 2, 0, 0]
        percentages: [0.77, 0.06, 0.03, 0.03, 0.04, 0.05, 0.03, 0.0, 0.0, 0.0, 0.0]
        cumulative: [0.77, 0.83, 0.86, 0.88, 0.92, 0.97, 1.0, 1.0, 1.0, 1.0, 1.0]

AVAX/USDT
    Comparing actual vs predicted signals

================================================================================
CLASSIFICATION PERFORMANCE ASSESSMENT (Tri-State)
================================================================================
--- Detailed Classification Report ---
              precision    recall  f1-score   support

         0.0      0.587     0.756     0.661      5133
         1.0      0.946     0.922     0.934     58766
         2.0      0.646     0.643     0.645      5253

    accuracy                          0.889     69152
   macro avg      0.726     0.774     0.746     69152
weighted avg      0.896     0.889     0.891     69152


--- Confusion Matrix ---
Rows = True, Columns = Predicted
             Sell     Hold      Buy
    Sell     3880     1251        2
    Hold     2727    54191     1848
     Buy        3     1871     3379

--- Qualitative Assessment of Key Metrics ---
Metric                    Score   Assessment                               Trading Context
-------------------------   -------   ----------------------------------------   ------------------------------
Precision (Sell)          0.587   Okay. Acceptable, but needs improvement. Avoid false sell signals (support: 5133.0)
Recall (Sell)             0.756   Good. Reliable performance.              Find all sell opportunities (support: 5133.0)
F1-Score (Sell)           0.661   Good. Reliable performance.              Balanced performance on Sell signal (support: 5133.0)
Precision (Hold)          0.946   Excellent. Very strong performance.      Correctly identify neutral periods (support: 58766.0)
Recall (Hold)             0.922   Excellent. Very strong performance.      Find all neutral periods (support: 58766.0)
F1-Score (Hold)           0.934   Excellent. Very strong performance.      Balanced performance on Hold signal (support: 58766.0)
Precision (Buy)           0.646   Good. Reliable performance.              Avoid false buy signals (support: 5253.0)
Recall (Buy)              0.643   Good. Reliable performance.              Find all buy opportunities (support: 5253.0)
F1-Score (Buy)            0.645   Good. Reliable performance.              Balanced performance on Buy signal (support: 5253.0)

--- Overall Performance Metrics ---

--- Qualitative Assessment of Key Metrics ---
Metric                    Score   Assessment                               Trading Context
-------------------------   -------   ----------------------------------------   ------------------------------
Macro Avg Precision       0.726   Good. Reliable performance.              Average precision across all classes
Macro Avg Recall          0.774   Good. Reliable performance.              Average recall across all classes
Macro Avg F1-Score        0.746   Good. Reliable performance.              Average F1-score across all classes
Weighted Avg Precision    0.896   Excellent. Very strong performance.      Support-weighted average precision
Weighted Avg Recall       0.889   Excellent. Very strong performance.      Support-weighted average recall
Weighted Avg F1-Score     0.891   Excellent. Very strong performance.      Support-weighted average F1-score
MCC                       0.608   Excellent. Strong positive correlation.  Correlation between prediction and reality
Cohen's Kappa             0.606   Moderate. Meaningful agreement.          Agreement better than random chance

--- Summary and Recommendation ---
🌟 GOOD PERFORMANCE: The model shows strong balance (Macro F1-Score 0.746, Weighted F1-Score 0.891) and reliable correlation (MCC 0.608). All classes performing reasonably well.
================================================================================
    Trading - Sell:
        min: 0.000 max: 0.782, mean: 0.090
        signals > 0.500: 5018 (7.3%)
        counts: [56263, 3572, 1587, 1219, 1493, 3374, 1598, 46, 0, 0, 0]
        percentages: [0.81, 0.05, 0.02, 0.02, 0.02, 0.05, 0.02, 0.0, 0.0, 0.0, 0.0]
        cumulative: [0.81, 0.87, 0.89, 0.91, 0.93, 0.98, 1.0, 1.0, 1.0, 1.0, 1.0]
    Trading - Hold:
        min: 0.170 max: 0.977, mean: 0.822
        signals > 0.500: 59503 (86.0%)
        counts: [0, 2, 275, 3175, 6197, 3932, 2771, 3046, 7110, 42644, 0]
        percentages: [0.0, 0.0, 0.0, 0.05, 0.09, 0.06, 0.04, 0.04, 0.1, 0.62, 0.0]
        cumulative: [0.0, 0.0, 0.0, 0.05, 0.14, 0.2, 0.24, 0.28, 0.38, 1.0, 1.0]
    Trading - Buy:
        min: 0.000 max: 0.808, mean: 0.088
        signals > 0.500: 4338 (6.3%)
        counts: [56565, 3190, 1610, 1331, 2118, 2619, 1502, 216, 1, 0, 0]
        percentages: [0.82, 0.05, 0.02, 0.02, 0.03, 0.04, 0.02, 0.0, 0.0, 0.0, 0.0]
        cumulative: [0.82, 0.86, 0.89, 0.91, 0.94, 0.98, 1.0, 1.0, 1.0, 1.0, 1.0]

LTC/USDT
    Comparing actual vs predicted signals

================================================================================
CLASSIFICATION PERFORMANCE ASSESSMENT (Tri-State)
================================================================================
--- Detailed Classification Report ---
              precision    recall  f1-score   support

         0.0      0.644     0.766     0.700      4221
         1.0      0.961     0.947     0.954     60630
         2.0      0.675     0.680     0.677      4301

    accuracy                          0.920     69152
   macro avg      0.760     0.798     0.777     69152
weighted avg      0.923     0.920     0.921     69152


--- Confusion Matrix ---
Rows = True, Columns = Predicted
             Sell     Hold      Buy
    Sell     3232      987        2
    Hold     1785    57435     1410
     Buy        1     1374     2926

--- Qualitative Assessment of Key Metrics ---
Metric                    Score   Assessment                               Trading Context
-------------------------   -------   ----------------------------------------   ------------------------------
Precision (Sell)          0.644   Good. Reliable performance.              Avoid false sell signals (support: 4221.0)
Recall (Sell)             0.766   Good. Reliable performance.              Find all sell opportunities (support: 4221.0)
F1-Score (Sell)           0.700   Good. Reliable performance.              Balanced performance on Sell signal (support: 4221.0)
Precision (Hold)          0.961   Excellent. Very strong performance.      Correctly identify neutral periods (support: 60630.0)
Recall (Hold)             0.947   Excellent. Very strong performance.      Find all neutral periods (support: 60630.0)
F1-Score (Hold)           0.954   Excellent. Very strong performance.      Balanced performance on Hold signal (support: 60630.0)
Precision (Buy)           0.675   Good. Reliable performance.              Avoid false buy signals (support: 4301.0)
Recall (Buy)              0.680   Good. Reliable performance.              Find all buy opportunities (support: 4301.0)
F1-Score (Buy)            0.677   Good. Reliable performance.              Balanced performance on Buy signal (support: 4301.0)

--- Overall Performance Metrics ---

--- Qualitative Assessment of Key Metrics ---
Metric                    Score   Assessment                               Trading Context
-------------------------   -------   ----------------------------------------   ------------------------------
Macro Avg Precision       0.760   Good. Reliable performance.              Average precision across all classes
Macro Avg Recall          0.798   Good. Reliable performance.              Average recall across all classes
Macro Avg F1-Score        0.777   Good. Reliable performance.              Average F1-score across all classes
Weighted Avg Precision    0.923   Excellent. Very strong performance.      Support-weighted average precision
Weighted Avg Recall       0.920   Excellent. Very strong performance.      Support-weighted average recall
Weighted Avg F1-Score     0.921   Excellent. Very strong performance.      Support-weighted average F1-score
MCC                       0.657   Excellent. Strong positive correlation.  Correlation between prediction and reality
Cohen's Kappa             0.656   Substantial. Strong agreement.           Agreement better than random chance

--- Summary and Recommendation ---
🌟 GOOD PERFORMANCE: The model shows strong balance (Macro F1-Score 0.777, Weighted F1-Score 0.921) and reliable correlation (MCC 0.657). All classes performing reasonably well.
================================================================================
    Trading - Sell:
        min: 0.000 max: 0.827, mean: 0.114
        signals > 0.500: 5772 (8.3%)
        counts: [51825, 4326, 2062, 1871, 3296, 4604, 1122, 44, 2, 0, 0]
        percentages: [0.75, 0.06, 0.03, 0.03, 0.05, 0.07, 0.02, 0.0, 0.0, 0.0, 0.0]
        cumulative: [0.75, 0.81, 0.84, 0.87, 0.92, 0.98, 1.0, 1.0, 1.0, 1.0, 1.0]
    Trading - Hold:
        min: 0.172 max: 0.976, mean: 0.783
        signals > 0.500: 58798 (85.0%)
        counts: [0, 4, 143, 2139, 8068, 7898, 4274, 4074, 8087, 34465, 0]
        percentages: [0.0, 0.0, 0.0, 0.03, 0.12, 0.11, 0.06, 0.06, 0.12, 0.5, 0.0]
        cumulative: [0.0, 0.0, 0.0, 0.03, 0.15, 0.26, 0.33, 0.38, 0.5, 1.0, 1.0]
    Trading - Buy:
        min: 0.000 max: 0.824, mean: 0.103
        signals > 0.500: 4033 (5.8%)
        counts: [52940, 3862, 2220, 2223, 3874, 3017, 918, 96, 2, 0, 0]
        percentages: [0.77, 0.06, 0.03, 0.03, 0.06, 0.04, 0.01, 0.0, 0.0, 0.0, 0.0]
        cumulative: [0.77, 0.82, 0.85, 0.89, 0.94, 0.99, 1.0, 1.0, 1.0, 1.0, 1.0]

BCH/USDT
    Comparing actual vs predicted signals

================================================================================
CLASSIFICATION PERFORMANCE ASSESSMENT (Tri-State)
================================================================================
--- Detailed Classification Report ---
              precision    recall  f1-score   support

         0.0      0.567     0.626     0.595      5225
         1.0      0.925     0.928     0.926     59185
         2.0      0.554     0.471     0.509      4742

    accuracy                          0.874     69152
   macro avg      0.682     0.675     0.677     69152
weighted avg      0.873     0.874     0.873     69152


--- Confusion Matrix ---
Rows = True, Columns = Predicted
             Sell     Hold      Buy
    Sell     3271     1948        6
    Hold     2491    54901     1793
     Buy       10     2498     2234

--- Qualitative Assessment of Key Metrics ---
Metric                    Score   Assessment                               Trading Context
-------------------------   -------   ----------------------------------------   ------------------------------
Precision (Sell)          0.567   Okay. Acceptable, but needs improvement. Avoid false sell signals (support: 5225.0)
Recall (Sell)             0.626   Good. Reliable performance.              Find all sell opportunities (support: 5225.0)
F1-Score (Sell)           0.595   Okay. Acceptable, but needs improvement. Balanced performance on Sell signal (support: 5225.0)
Precision (Hold)          0.925   Excellent. Very strong performance.      Correctly identify neutral periods (support: 59185.0)
Recall (Hold)             0.928   Excellent. Very strong performance.      Find all neutral periods (support: 59185.0)
F1-Score (Hold)           0.926   Excellent. Very strong performance.      Balanced performance on Hold signal (support: 59185.0)
Precision (Buy)           0.554   Okay. Acceptable, but needs improvement. Avoid false buy signals (support: 4742.0)
Recall (Buy)              0.471   Okay. Acceptable, but needs improvement. Find all buy opportunities (support: 4742.0)
F1-Score (Buy)            0.509   Okay. Acceptable, but needs improvement. Balanced performance on Buy signal (support: 4742.0)

--- Overall Performance Metrics ---

--- Qualitative Assessment of Key Metrics ---
Metric                    Score   Assessment                               Trading Context
-------------------------   -------   ----------------------------------------   ------------------------------
Macro Avg Precision       0.682   Good. Reliable performance.              Average precision across all classes
Macro Avg Recall          0.675   Good. Reliable performance.              Average recall across all classes
Macro Avg F1-Score        0.677   Good. Reliable performance.              Average F1-score across all classes
Weighted Avg Precision    0.873   Excellent. Very strong performance.      Support-weighted average precision
Weighted Avg Recall       0.874   Excellent. Very strong performance.      Support-weighted average recall
Weighted Avg F1-Score     0.873   Excellent. Very strong performance.      Support-weighted average F1-score
MCC                       0.505   Good. Reliable positive correlation.     Correlation between prediction and reality
Cohen's Kappa             0.504   Moderate. Meaningful agreement.          Agreement better than random chance

--- Summary and Recommendation ---
⚠️ CONCERN: Buy class recall is only 0.471. The model is missing over 52% of available 'Buy' signals. **Priority: Improve Buy Recall and overall F1.**
================================================================================
    Trading - Sell:
        min: 0.000 max: 0.808, mean: 0.113
        signals > 0.500: 6060 (8.8%)
        counts: [52066, 4306, 2063, 1689, 2968, 4542, 1458, 59, 1, 0, 0]
        percentages: [0.75, 0.06, 0.03, 0.02, 0.04, 0.07, 0.02, 0.0, 0.0, 0.0, 0.0]
        cumulative: [0.75, 0.82, 0.85, 0.87, 0.91, 0.98, 1.0, 1.0, 1.0, 1.0, 1.0]
    Trading - Hold:
        min: 0.145 max: 0.977, mean: 0.779
        signals > 0.500: 58026 (83.9%)
        counts: [0, 5, 223, 2955, 7943, 7229, 4067, 4185, 9044, 33501, 0]
        percentages: [0.0, 0.0, 0.0, 0.04, 0.11, 0.1, 0.06, 0.06, 0.13, 0.48, 0.0]
        cumulative: [0.0, 0.0, 0.0, 0.05, 0.16, 0.27, 0.32, 0.38, 0.52, 1.0, 1.0]
    Trading - Buy:
        min: 0.000 max: 0.855, mean: 0.108
        signals > 0.500: 4700 (6.8%)
        counts: [52317, 4067, 2209, 2155, 3704, 3127, 1413, 156, 4, 0, 0]
        percentages: [0.76, 0.06, 0.03, 0.03, 0.05, 0.05, 0.02, 0.0, 0.0, 0.0, 0.0]
        cumulative: [0.76, 0.82, 0.85, 0.88, 0.93, 0.98, 1.0, 1.0, 1.0, 1.0, 1.0]

DOT/USDT
    Comparing actual vs predicted signals

================================================================================
CLASSIFICATION PERFORMANCE ASSESSMENT (Tri-State)
================================================================================
--- Detailed Classification Report ---
              precision    recall  f1-score   support

         0.0      0.575     0.688     0.626      5066
         1.0      0.931     0.924     0.928     58812
         2.0      0.599     0.533     0.564      5274

    accuracy                          0.877     69152
   macro avg      0.701     0.715     0.706     69152
weighted avg      0.880     0.877     0.878     69152


--- Confusion Matrix ---
Rows = True, Columns = Predicted
             Sell     Hold      Buy
    Sell     3484     1575        7
    Hold     2571    54361     1880
     Buy        5     2456     2813

--- Qualitative Assessment of Key Metrics ---
Metric                    Score   Assessment                               Trading Context
-------------------------   -------   ----------------------------------------   ------------------------------
Precision (Sell)          0.575   Okay. Acceptable, but needs improvement. Avoid false sell signals (support: 5066.0)
Recall (Sell)             0.688   Good. Reliable performance.              Find all sell opportunities (support: 5066.0)
F1-Score (Sell)           0.626   Good. Reliable performance.              Balanced performance on Sell signal (support: 5066.0)
Precision (Hold)          0.931   Excellent. Very strong performance.      Correctly identify neutral periods (support: 58812.0)
Recall (Hold)             0.924   Excellent. Very strong performance.      Find all neutral periods (support: 58812.0)
F1-Score (Hold)           0.928   Excellent. Very strong performance.      Balanced performance on Hold signal (support: 58812.0)
Precision (Buy)           0.599   Okay. Acceptable, but needs improvement. Avoid false buy signals (support: 5274.0)
Recall (Buy)              0.533   Okay. Acceptable, but needs improvement. Find all buy opportunities (support: 5274.0)
F1-Score (Buy)            0.564   Okay. Acceptable, but needs improvement. Balanced performance on Buy signal (support: 5274.0)

--- Overall Performance Metrics ---

--- Qualitative Assessment of Key Metrics ---
Metric                    Score   Assessment                               Trading Context
-------------------------   -------   ----------------------------------------   ------------------------------
Macro Avg Precision       0.701   Good. Reliable performance.              Average precision across all classes
Macro Avg Recall          0.715   Good. Reliable performance.              Average recall across all classes
Macro Avg F1-Score        0.706   Good. Reliable performance.              Average F1-score across all classes
Weighted Avg Precision    0.880   Excellent. Very strong performance.      Support-weighted average precision2026-05-29 09:29:05,959 - freqtrade.misc - INFO - dumping json to "/Users/philprice95/Documents/freqtrade/user_data/backtest_results/backtest-result-2026-05-29_09-29-05.meta.json"

Weighted Avg Recall       0.877   Excellent. Very strong performance.      Support-weighted average recall
Weighted Avg F1-Score     0.878   Excellent. Very strong performance.      Support-weighted average F1-score
MCC                       0.546   Good. Reliable positive correlation.     Correlation between prediction and reality
Cohen's Kappa             0.546   Moderate. Meaningful agreement.          Agreement better than random chance

--- Summary and Recommendation ---
🌟 GOOD PERFORMANCE: The model shows strong balance (Macro F1-Score 0.706, Weighted F1-Score 0.878) and reliable correlation (MCC 0.546). All classes performing reasonably well.
================================================================================
    Trading - Sell:
        min: 0.000 max: 0.805, mean: 0.140
        signals > 0.500: 5652 (8.2%)
        counts: [48090, 3459, 1958, 2142, 7851, 4845, 764, 42, 1, 0, 0]
        percentages: [0.7, 0.05, 0.03, 0.03, 0.11, 0.07, 0.01, 0.0, 0.0, 0.0, 0.0]
        cumulative: [0.7, 0.75, 0.77, 0.8, 0.92, 0.99, 1.0, 1.0, 1.0, 1.0, 1.0]
    Trading - Hold:
        min: 0.188 max: 0.979, mean: 0.737
        signals > 0.500: 59554 (86.1%)
        counts: [0, 1, 122, 1498, 7977, 16300, 6133, 3514, 5948, 27659, 0]
        percentages: [0.0, 0.0, 0.0, 0.02, 0.12, 0.24, 0.09, 0.05, 0.09, 0.4, 0.0]
        cumulative: [0.0, 0.0, 0.0, 0.02, 0.14, 0.37, 0.46, 0.51, 0.6, 1.0, 1.0]
    Trading - Buy:
        min: 0.000 max: 0.787, mean: 0.124
        signals > 0.500: 3404 (4.9%)
        counts: [49506, 2808, 2034, 4154, 7246, 2664, 670, 70, 0, 0, 0]
        percentages: [0.72, 0.04, 0.03, 0.06, 0.1, 0.04, 0.01, 0.0, 0.0, 0.0, 0.0]
        cumulative: [0.72, 0.76, 0.79, 0.85, 0.95, 0.99, 1.0, 1.0, 1.0, 1.0, 1.0]

NEO/USDT
    Comparing actual vs predicted signals

================================================================================
CLASSIFICATION PERFORMANCE ASSESSMENT (Tri-State)
================================================================================
--- Detailed Classification Report ---
              precision    recall  f1-score   support

         0.0      0.442     0.470     0.456      5318
         1.0      0.902     0.914     0.908     59289
         2.0      0.428     0.320     0.366      4545

    accuracy                          0.841     69152
   macro avg      0.591     0.568     0.577     69152
weighted avg      0.835     0.841     0.838     69152


--- Confusion Matrix ---
Rows = True, Columns = Predicted
             Sell     Hold      Buy
    Sell     2501     2816        1
    Hold     3146    54196     1947
     Buy        5     3084     1456

--- Qualitative Assessment of Key Metrics ---
Metric                    Score   Assessment                               Trading Context
-------------------------   -------   ----------------------------------------   ------------------------------
Precision (Sell)          0.442   Okay. Acceptable, but needs improvement. Avoid false sell signals (support: 5318.0)
Recall (Sell)             0.470   Okay. Acceptable, but needs improvement. Find all sell opportunities (support: 5318.0)
F1-Score (Sell)           0.456   Okay. Acceptable, but needs improvement. Balanced performance on Sell signal (support: 5318.0)
Precision (Hold)          0.902   Excellent. Very strong performance.      Correctly identify neutral periods (support: 59289.0)
Recall (Hold)             0.914   Excellent. Very strong performance.      Find all neutral periods (support: 59289.0)
F1-Score (Hold)           0.908   Excellent. Very strong performance.      Balanced performance on Hold signal (support: 59289.0)
Precision (Buy)           0.428   Okay. Acceptable, but needs improvement. Avoid false buy signals (support: 4545.0)
Recall (Buy)              0.320   Poor. Significant room for improvement.  Find all buy opportunities (support: 4545.0)
F1-Score (Buy)            0.366   Poor. Significant room for improvement.  Balanced performance on Buy signal (support: 4545.0)

--- Overall Performance Metrics ---

--- Qualitative Assessment of Key Metrics ---
Metric                    Score   Assessment                               Trading Context
-------------------------   -------   ----------------------------------------   ------------------------------
Macro Avg Precision       0.591   Okay. Acceptable, but needs improvement. Average precision across all classes
Macro Avg Recall          0.568   Okay. Acceptable, but needs improvement. Average recall across all classes
Macro Avg F1-Score        0.577   Okay. Acceptable, but needs improvement. Average F1-score across all classes
Weighted Avg Precision    0.835   Excellent. Very strong performance.      Support-weighted average precision
Weighted Avg Recall       0.841   Excellent. Very strong performance.      Support-weighted average recall
Weighted Avg F1-Score     0.838   Excellent. Very strong performance.      Support-weighted average F1-score
MCC                       0.352   Okay. Weak but meaningful correlation.   Correlation between prediction and reality
Cohen's Kappa             0.352   Fair. Weak agreement.                    Agreement better than random chance

--- Summary and Recommendation ---
⚠️ CONCERN: Buy class recall is only 0.320. The model is missing over 67% of available 'Buy' signals. **Priority: Improve Buy Recall and overall F1.**
================================================================================
Result for strategy NNNC_DDPM_MLX_LSTM
                                              BACKTESTING REPORT                                              
┏━━━━━━━━━━━┳━━━━━━━━┳━━━━━━━━━━━━━━┳━━━━━━━━━━━━━━━━━┳━━━━━━━━━━━━━━┳━━━━━━━━━━━━━━┳━━━━━━━━━━━━━━━━━━━━━━━━┓
┃      Pair ┃ Trades ┃ Avg Profit % ┃ Tot Profit USDT ┃ Tot Profit % ┃ Avg Duration ┃  Win  Draw  Loss  Win% ┃
┡━━━━━━━━━━━╇━━━━━━━━╇━━━━━━━━━━━━━━╇━━━━━━━━━━━━━━━━━╇━━━━━━━━━━━━━━╇━━━━━━━━━━━━━━╇━━━━━━━━━━━━━━━━━━━━━━━━┩
│  XRP/USDT │    204 │         0.26 │         471.480 │         4.71 │      4:03:00 │  121     0    83  59.3 │
│  SUI/USDT │    144 │         0.25 │         321.348 │         3.21 │      3:38:00 │   76     0    68  52.8 │
│ DASH/USDT │      6 │         3.98 │         215.060 │         2.15 │      1:25:00 │    6     0     0   100 │
│  ZEC/USDT │    108 │          0.2 │         191.126 │         1.91 │      2:50:00 │   55     0    53  50.9 │
│  DOT/USDT │     34 │         0.38 │         115.102 │         1.15 │      2:29:00 │   20     0    14  58.8 │
│ LINK/USDT │     83 │         0.13 │          98.123 │         0.98 │      3:19:00 │   40     0    43  48.2 │
│  BCH/USDT │      4 │         0.47 │          16.964 │         0.17 │      3:19:00 │    2     0     2  50.0 │
│  NEO/USDT │      2 │         -0.0 │          -0.086 │         -0.0 │      1:52:00 │    1     0     1  50.0 │
│  SOL/USDT │    172 │        -0.01 │          -9.129 │        -0.09 │      5:06:00 │   92     0    80  53.5 │
│  LTC/USDT │     79 │        -0.06 │         -39.438 │        -0.39 │      2:50:00 │   40     0    39  50.6 │
│ NEAR/USDT │     20 │        -0.27 │         -49.265 │        -0.49 │      2:13:00 │   12     0     8  60.0 │
│ AAVE/USDT │     18 │        -0.44 │         -71.090 │        -0.71 │      1:48:00 │   10     0     8  55.6 │
│ AVAX/USDT │     53 │        -0.52 │        -248.979 │        -2.49 │      2:23:00 │   23     0    30  43.4 │
│     TOTAL │    927 │         0.12 │        1011.215 │        10.11 │      3:36:00 │  498     0   429  53.7 │
└───────────┴────────┴──────────────┴─────────────────┴──────────────┴──────────────┴────────────────────────┘
                                         LEFT OPEN TRADES REPORT                                          
┏━━━━━━━┳━━━━━━━━┳━━━━━━━━━━━━━━┳━━━━━━━━━━━━━━━━━┳━━━━━━━━━━━━━━┳━━━━━━━━━━━━━━┳━━━━━━━━━━━━━━━━━━━━━━━━┓
┃  Pair ┃ Trades ┃ Avg Profit % ┃ Tot Profit USDT ┃ Tot Profit % ┃ Avg Duration ┃  Win  Draw  Loss  Win% ┃
┡━━━━━━━╇━━━━━━━━╇━━━━━━━━━━━━━━╇━━━━━━━━━━━━━━━━━╇━━━━━━━━━━━━━━╇━━━━━━━━━━━━━━╇━━━━━━━━━━━━━━━━━━━━━━━━┩
│ TOTAL │      0 │          0.0 │           0.000 │          0.0 │         0:00 │    0     0     0     0 │
└───────┴────────┴──────────────┴─────────────────┴──────────────┴──────────────┴────────────────────────┘
                                                 ENTER TAG STATS                                                  
┏━━━━━━━━━━━━━━┳━━━━━━━━━┳━━━━━━━━━━━━━━┳━━━━━━━━━━━━━━━━━┳━━━━━━━━━━━━━━┳━━━━━━━━━━━━━━┳━━━━━━━━━━━━━━━━━━━━━━━━┓
┃    Enter Tag ┃ Entries ┃ Avg Profit % ┃ Tot Profit USDT ┃ Tot Profit % ┃ Avg Duration ┃  Win  Draw  Loss  Win% ┃
┡━━━━━━━━━━━━━━╇━━━━━━━━━╇━━━━━━━━━━━━━━╇━━━━━━━━━━━━━━━━━╇━━━━━━━━━━━━━━╇━━━━━━━━━━━━━━╇━━━━━━━━━━━━━━━━━━━━━━━━┩
│  model_entry │     927 │         0.12 │        1011.215 │        10.11 │      3:36:00 │  498     0   429  53.7 │
│        TOTAL │     927 │         0.12 │        1011.215 │        10.11 │      3:36:00 │  498     0   429  53.7 │
└──────────────┴─────────┴──────────────┴─────────────────┴──────────────┴──────────────┴────────────────────────┘
                                               EXIT REASON STATS                                               
┏━━━━━━━━━━━━━┳━━━━━━━┳━━━━━━━━━━━━━━┳━━━━━━━━━━━━━━━━━┳━━━━━━━━━━━━━━┳━━━━━━━━━━━━━━┳━━━━━━━━━━━━━━━━━━━━━━━━┓
┃ Exit Reason ┃ Exits ┃ Avg Profit % ┃ Tot Profit USDT ┃ Tot Profit % ┃ Avg Duration ┃  Win  Draw  Loss  Win% ┃
┡━━━━━━━━━━━━━╇━━━━━━━╇━━━━━━━━━━━━━━╇━━━━━━━━━━━━━━━━━╇━━━━━━━━━━━━━━╇━━━━━━━━━━━━━━╇━━━━━━━━━━━━━━━━━━━━━━━━┩
│ take_profit │   355 │         2.92 │        9338.144 │        93.38 │      2:40:00 │  355     0     0   100 │
│         roi │    89 │          3.0 │        2405.037 │        24.05 │      2:57:00 │   89     0     0   100 │
│  model_exit │    23 │         1.84 │         380.834 │         3.81 │      7:25:00 │   23     0     0   100 │
│  unclog_12h │    31 │          0.9 │         251.562 │         2.52 │     13:26:00 │   31     0     0   100 │
│   stop_loss │   429 │        -2.94 │      -11364.361 │      -113.64 │      3:36:00 │    0     0   429     0 │
│       TOTAL │   927 │         0.12 │        1011.215 │        10.11 │      3:36:00 │  498     0   429  53.7 │
└─────────────┴───────┴──────────────┴─────────────────┴──────────────┴──────────────┴────────────────────────┘
                                                        MIXED TAG STATS                                                        
┏━━━━━━━━━━━━━━┳━━━━━━━━━━━━━┳━━━━━━━━┳━━━━━━━━━━━━━━┳━━━━━━━━━━━━━━━━━┳━━━━━━━━━━━━━━┳━━━━━━━━━━━━━━┳━━━━━━━━━━━━━━━━━━━━━━━━┓
┃    Enter Tag ┃ Exit Reason ┃ Trades ┃ Avg Profit % ┃ Tot Profit USDT ┃ Tot Profit % ┃ Avg Duration ┃  Win  Draw  Loss  Win% ┃
┡━━━━━━━━━━━━━━╇━━━━━━━━━━━━━╇━━━━━━━━╇━━━━━━━━━━━━━━╇━━━━━━━━━━━━━━━━━╇━━━━━━━━━━━━━━╇━━━━━━━━━━━━━━╇━━━━━━━━━━━━━━━━━━━━━━━━┩
│  model_entry │ take_profit │    355 │         2.92 │        9338.144 │        93.38 │      2:40:00 │  355     0     0   100 │
│  model_entry │         roi │     89 │          3.0 │        2405.037 │        24.05 │      2:57:00 │   89     0     0   100 │
│  model_entry │  model_exit │     23 │         1.84 │         380.834 │         3.81 │      7:25:00 │   23     0     0   100 │
│  model_entry │  unclog_12h │     31 │          0.9 │         251.562 │         2.52 │     13:26:00 │   31     0     0   100 │
│  model_entry │   stop_loss │    429 │        -2.94 │      -11364.361 │      -113.64 │      3:36:00 │    0     0   429     0 │
│        TOTAL │             │    927 │         0.12 │        1011.215 │        10.11 │      3:36:00 │  498     0   429  53.7 │
└──────────────┴─────────────┴────────┴──────────────┴─────────────────┴──────────────┴──────────────┴────────────────────────┘
                                 MONTH BREAKDOWN                                  
┏━━━━━━━━━━━━┳━━━━━━━━┳━━━━━━━━━━━━━━━━━┳━━━━━━━━━━━━━━━┳━━━━━━━━━━━━━━━━━━━━━━━━┓
┃      Month ┃ Trades ┃ Tot Profit USDT ┃ Profit Factor ┃  Win  Draw  Loss  Win% ┃
┡━━━━━━━━━━━━╇━━━━━━━━╇━━━━━━━━━━━━━━━━━╇━━━━━━━━━━━━━━━╇━━━━━━━━━━━━━━━━━━━━━━━━┩
│ 30/06/2024 │      8 │          36.553 │          1.56 │    5     0     3  62.5 │
│ 31/07/2024 │     14 │         -26.003 │          0.85 │    7     0     7  50.0 │
│ 31/08/2024 │     34 │        -168.711 │          0.73 │   14     0    20  41.2 │
│ 30/09/2024 │      6 │          36.426 │           1.9 │    4     0     2  66.7 │
│ 31/10/2024 │     23 │           0.997 │           1.0 │   13     0    10  56.5 │
│ 30/11/2024 │    100 │          651.19 │          1.76 │   65     0    35  65.0 │
│ 31/12/2024 │    174 │         252.005 │          1.12 │   96     0    78  55.2 │
│ 31/01/2025 │     80 │         484.543 │          1.74 │   51     0    29  63.8 │
│ 28/02/2025 │    103 │        -361.671 │          0.76 │   51     0    52  49.5 │
│ 31/03/2025 │     56 │        -106.737 │          0.86 │   26     0    30  46.4 │
│ 30/04/2025 │     25 │        -130.111 │          0.66 │   11     0    14  44.0 │
│ 31/05/2025 │     17 │         -51.929 │          0.74 │    8     0     9  47.1 │
│ 30/06/2025 │      2 │          39.036 │           0.0 │    2     0     0   100 │
│ 31/07/2025 │     29 │          29.946 │           1.1 │   16     0    13  55.2 │
│ 31/08/2025 │     24 │         -40.486 │          0.83 │   12     0    12  50.0 │
│ 30/09/2025 │      3 │          18.258 │          1.93 │    2     0     1  66.7 │
│ 31/10/2025 │     53 │         209.584 │          1.27 │   26     0    27  49.1 │
│ 30/11/2025 │     94 │         375.224 │           1.3 │   50     0    44  53.2 │
│ 31/12/2025 │     19 │         -91.478 │          0.68 │    9     0    10  47.4 │
│ 31/01/2026 │     13 │          -1.115 │          0.99 │    8     0     5  61.5 │
│ 28/02/2026 │     32 │         -28.552 │          0.94 │   15     0    17  46.9 │
│ 31/03/2026 │      1 │           5.242 │           0.0 │    1     0     0   100 │
│ 30/04/2026 │      2 │          -7.069 │          0.64 │    1     0     1  50.0 │
│ 31/05/2026 │     15 │        -113.928 │           0.5 │    5     0    10  33.3 │
└────────────┴────────┴─────────────────┴───────────────┴────────────────────────┘
                                   SUMMARY METRICS                                    
┏━━━━━━━━━━━━━━━━━━━━━━━━━━━━━━━━━━━━━━━━┳━━━━━━━━━━━━━━━━━━━━━━━━━━━━━━━━━━━━━━━━━━━┓
┃ Metric                                 ┃ Value                                     ┃
┡━━━━━━━━━━━━━━━━━━━━━━━━━━━━━━━━━━━━━━━━╇━━━━━━━━━━━━━━━━━━━━━━━━━━━━━━━━━━━━━━━━━━━┩
│ Backtesting from                       │ 2024-06-08 00:00:00                       │
│ Backtesting to                         │ 2026-05-28 15:45:00                       │
│ Trading Mode                           │ Spot                                      │
│ Max open trades                        │ 10                                        │
│                                        │                                           │
│ Total/Daily Avg Trades                 │ 927 / 1.29                                │
│ Starting balance                       │ 10000 USDT                                │
│ Final balance                          │ 11011.215 USDT                            │
│ Absolute profit                        │ 1011.215 USDT                             │
│ Total profit %                         │ 10.11%                                    │
│ CAGR %                                 │ 5.01%                                     │
│ Sharpe (closed trades)                 │ 0.93                                      │
│ Sortino (closed trades)                │ 2.01                                      │
│ Calmar (closed trades)                 │ 3.84                                      │
│ SQN                                    │ 1.15                                      │
│ Profit factor                          │ 1.09                                      │
│ Expectancy (Ratio)                     │ 1.09 (0.04)                               │
│ Avg. daily profit                      │ 1.406 USDT                                │
│ Avg. stake amount                      │ 899.878 USDT                              │
│ Market change                          │ 138.98%                                   │
│ Total trade volume                     │ 1672727.671 USDT                          │
│                                        │                                           │
│ Best Pair                              │ XRP/USDT 4.71%                            │
│ Worst Pair                             │ AVAX/USDT -2.49%                          │
│ Best trade                             │ XRP/USDT 15.25%                           │
│ Worst trade                            │ LTC/USDT -17.45%                          │
│ Best day                               │ 286.655 USDT                              │
│ Worst day                              │ -357.23 USDT                              │
│ Days win/draw/lose                     │ 156 / 451 / 107                           │
│ Min/Max/Avg. Duration Winners          │ 0d 01:00 / 0d 23:15 / 0d 03:36            │
│ Min/Max/Avg. Duration Losers           │ 0d 01:00 / 1d 08:15 / 0d 03:36            │
│ Max Consecutive Wins / Loss            │ 12 / 12                                   │
│ Rejected Entry signals                 │ 1                                         │
│ Entry/Exit Timeouts                    │ 0 / 0                                     │
│                                        │                                           │
│ Min/Max balance (closed trades)        │ 9516.335 USDT / 11343.592 USDT            │
│ Max % of account underwater            │ 7.00%                                     │
│ Absolute drawdown                      │ 794.29 USDT (7.00%)                       │
│ Drawdown duration                      │ 63 days 07:30:00                          │
│ Profit at drawdown start               │ 1343.592 USDT                             │
│ Profit at drawdown end                 │ 549.303 USDT                              │
│ Drawdown start                         │ 2025-02-03 00:00:00                       │
│ Drawdown end                           │ 2025-04-07 07:30:00                       │
│                                        │                                           │
│ Wallet based Metrics                   │                                           │
│ Min/Max balance (wallet balance)       │ 9486.326 USDT / 11377.996 USDT            │
│ Min/Max balance dates (wallet balance) │ 2024-08-05 06:45:00 / 2025-02-03 00:00:00 │
│ Max % of account underwater (balance)  │ 7.40%                                     │
│ Absolute drawdown (wallet balance)     │ 841.568 USDT (7.40%)                      │
│ Drawdown duration                      │ 63 days 07:00:00                          │
│ Profit at drawdown start               │ 1377.996 USDT                             │
│ Profit at drawdown end                 │ 536.428 USDT                              │
│ Drawdown start                         │ 2025-02-03 00:00:00                       │
│ Drawdown end                           │ 2025-04-07 07:00:00                       │
│ Sharpe (daily wallet balance)          │ 0.74                                      │
│ Sortino (daily wallet balance)         │ 0.53                                      │
│ Calmar (daily wallet balance)          │ 3.63                                      │
└────────────────────────────────────────┴───────────────────────────────────────────┘

Backtested 2024-06-08 00:00:00 -> 2026-05-28 15:45:00 | Max open trades : 10
                                                              STRATEGY SUMMARY                                                              
┏━━━━━━━━━━━━━━━━━━━━┳━━━━━━━━┳━━━━━━━━━━━━━━┳━━━━━━━━━━━━━━━━━┳━━━━━━━━━━━━━━┳━━━━━━━━━━━━━━┳━━━━━━━━━━━━━━━━━━━━━━━━┳━━━━━━━━━━━━━━━━━━━━┓
┃           Strategy ┃ Trades ┃ Avg Profit % ┃ Tot Profit USDT ┃ Tot Profit % ┃ Avg Duration ┃  Win  Draw  Loss  Win% ┃           Drawdown ┃
┡━━━━━━━━━━━━━━━━━━━━╇━━━━━━━━╇━━━━━━━━━━━━━━╇━━━━━━━━━━━━━━━━━╇━━━━━━━━━━━━━━╇━━━━━━━━━━━━━━╇━━━━━━━━━━━━━━━━━━━━━━━━╇━━━━━━━━━━━━━━━━━━━━┩
│ NNNC_DDPM_MLX_LSTM │    927 │         0.12 │        1011.215 │        10.11 │      3:36:00 │  498     0   429  53.7 │ 794.29 USDT  7.00% │
└────────────────────┴────────┴──────────────┴─────────────────┴──────────────┴──────────────┴────────────────────────┴────────────────────┘

