2026-05-29 12:38:35,013 - freqtrade - INFO - freqtrade 2026.4-dev-63819fa7e
2026-05-29 12:38:35,355 - numexpr.utils - INFO - NumExpr defaulting to 14 threads.

Using config file: user_data/strategies/config/config.json and Strategy dir: user_data/strategies/NNNC

Fri May 29 12:38:36 PDT 2026
Testing strategy:NNNC_DDPM_MLX_LSTM for exchange:...
freqtrade backtesting --cache none  --breakdown month --timerange=20240608-20260529 -c user_data/strategies/config/config.json --strategy-path user_data/strategies/NNNC --strategy-list NNNC_DDPM_MLX_LSTM
2026-05-29 12:38:36,219 - freqtrade - INFO - freqtrade 2026.4-dev-63819fa7e
2026-05-29 12:38:36,375 - numexpr.utils - INFO - NumExpr defaulting to 14 threads.
2026-05-29 12:38:36,940 - freqtrade.configuration.load_config - INFO - Using config: user_data/strategies/config/config.json ...
2026-05-29 12:38:36,941 - freqtrade.loggers - INFO - Enabling colorized output.
2026-05-29 12:38:36,941 - freqtrade.loggers - INFO - Logfile configured
2026-05-29 12:38:36,941 - freqtrade.loggers - INFO - Verbosity set to 0
2026-05-29 12:38:36,942 - freqtrade.configuration.configuration - INFO - Using additional Strategy lookup path: user_data/strategies/NNNC
2026-05-29 12:38:36,942 - freqtrade.configuration.configuration - INFO - Using max_open_trades: 10 ...
2026-05-29 12:38:36,942 - freqtrade.configuration.configuration - INFO - Parameter --timerange detected: 20240608-20260529 ...
2026-05-29 12:38:36,942 - freqtrade.configuration.configuration - INFO - Using user-data directory: /Users/philprice95/projects/freqtrade/user_data ...
2026-05-29 12:38:36,942 - freqtrade.configuration.configuration - INFO - Using data directory: /Users/philprice95/projects/freqtrade/user_data/data/binanceus ...
2026-05-29 12:38:36,942 - freqtrade.configuration.configuration - INFO - Using strategy list of 1 strategies
2026-05-29 12:38:36,942 - freqtrade.configuration.configuration - INFO - Parameter --breakdown detected ...
2026-05-29 12:38:36,942 - freqtrade.configuration.configuration - INFO - Parameter --cache=none detected ...
2026-05-29 12:38:36,942 - freqtrade.configuration.configuration - INFO - Filter trades by timerange: 20240608-20260529
2026-05-29 12:38:36,943 - freqtrade.exchange.check_exchange - INFO - Checking exchange...
2026-05-29 12:38:36,948 - freqtrade.exchange.check_exchange - INFO - Exchange "binanceus" is officially supported by the Freqtrade development team.
2026-05-29 12:38:36,948 - freqtrade.configuration.configuration - INFO - Using pairlist from configuration.
2026-05-29 12:38:36,949 - freqtrade.configuration.config_validation - INFO - Validating configuration ...
2026-05-29 12:38:36,949 - freqtrade.commands.optimize_commands - INFO - Starting freqtrade in Backtesting mode
2026-05-29 12:38:36,950 - freqtrade.exchange.exchange - INFO - Instance is running with dry_run enabled
2026-05-29 12:38:36,950 - freqtrade.exchange.exchange - INFO - Using CCXT 4.5.50
2026-05-29 12:38:36,959 - freqtrade.exchange.exchange - INFO - Using Exchange "Binance US"
2026-05-29 12:38:37,348 - freqtrade.resolvers.exchange_resolver - INFO - Using resolved exchange 'Binanceus'...
/Users/philprice95/projects/freqtrade/.venv/lib/python3.12/site-packages/_distutils_hack/__init__.py:15: UserWarning: Distutils was imported before Setuptools, but importing Setuptools also replaces the `distutils` module in `sys.modules`. This may lead to undesirable behaviors or errors. To avoid these issues, avoid using distutils directly, ensure that setuptools is installed in the traditional way (e.g. not an editable install), and/or make sure that setuptools is always imported before distutils.
  warnings.warn(
/Users/philprice95/projects/freqtrade/.venv/lib/python3.12/site-packages/_distutils_hack/__init__.py:30: UserWarning: Setuptools is replacing distutils. Support for replacing an already imported distutils is deprecated. In the future, this condition will fail. Register concerns at https://github.com/pypa/setuptools/issues/new?template=distutils-deprecation.yml
  warnings.warn(
2026-05-29 12:38:39,532 - freqtrade.resolvers.iresolver - INFO - Using resolved strategy NNNC_DDPM_MLX_LSTM from 
'/Users/philprice95/projects/freqtrade/user_data/strategies/NNNC/NNNC_DDPM_MLX_LSTM.py'...
2026-05-29 12:38:39,533 - freqtrade.strategy.hyper - INFO - Found no parameter file.
2026-05-29 12:38:39,533 - freqtrade.resolvers.strategy_resolver - INFO - Override strategy 'timeframe' with value from the configuration: 15m.
2026-05-29 12:38:39,533 - freqtrade.resolvers.strategy_resolver - INFO - Override strategy 'order_types' with value from the configuration: {'entry': 'limit', 'exit': 'market', 'emergency_exit': 
'market', 'force_exit': 'market', 'force_entry': 'market', 'stoploss': 'market', 'stoploss_on_exchange': False, 'stoploss_price_type': 'last', 'stoploss_on_exchange_interval': 60, 
'stoploss_on_exchange_limit_ratio': 0.99}.
2026-05-29 12:38:39,533 - freqtrade.resolvers.strategy_resolver - INFO - Override strategy 'stake_currency' with value from the configuration: USDT.
2026-05-29 12:38:39,533 - freqtrade.resolvers.strategy_resolver - INFO - Override strategy 'stake_amount' with value from the configuration: 900.
2026-05-29 12:38:39,533 - freqtrade.resolvers.strategy_resolver - INFO - Override strategy 'unfilledtimeout' with value from the configuration: {'entry': 10, 'exit': 10, 'exit_timeout_count': 0, 
'unit': 'minutes'}.
2026-05-29 12:38:39,533 - freqtrade.resolvers.strategy_resolver - INFO - Override strategy 'max_open_trades' with value from the configuration: 10.
2026-05-29 12:38:39,533 - freqtrade.resolvers.strategy_resolver - INFO - Strategy using minimal_roi: {'0': 0.03}
2026-05-29 12:38:39,534 - freqtrade.resolvers.strategy_resolver - INFO - Strategy using timeframe: 15m
2026-05-29 12:38:39,534 - freqtrade.resolvers.strategy_resolver - INFO - Strategy using stoploss: -0.05
2026-05-29 12:38:39,534 - freqtrade.resolvers.strategy_resolver - INFO - Strategy using trailing_stop: False
2026-05-29 12:38:39,534 - freqtrade.resolvers.strategy_resolver - INFO - Strategy using trailing_stop_positive: 0.01
2026-05-29 12:38:39,534 - freqtrade.resolvers.strategy_resolver - INFO - Strategy using trailing_stop_positive_offset: 0.03
2026-05-29 12:38:39,534 - freqtrade.resolvers.strategy_resolver - INFO - Strategy using trailing_only_offset_is_reached: True
2026-05-29 12:38:39,534 - freqtrade.resolvers.strategy_resolver - INFO - Strategy using use_custom_stoploss: True
2026-05-29 12:38:39,534 - freqtrade.resolvers.strategy_resolver - INFO - Strategy using process_only_new_candles: True
2026-05-29 12:38:39,534 - freqtrade.resolvers.strategy_resolver - INFO - Strategy using order_types: {'entry': 'limit', 'exit': 'market', 'emergency_exit': 'market', 'force_exit': 'market', 
'force_entry': 'market', 'stoploss': 'market', 'stoploss_on_exchange': False, 'stoploss_price_type': 'last', 'stoploss_on_exchange_interval': 60, 'stoploss_on_exchange_limit_ratio': 0.99}
2026-05-29 12:38:39,535 - freqtrade.resolvers.strategy_resolver - INFO - Strategy using order_time_in_force: {'entry': 'GTC', 'exit': 'GTC'}
2026-05-29 12:38:39,535 - freqtrade.resolvers.strategy_resolver - INFO - Strategy using stake_currency: USDT
2026-05-29 12:38:39,535 - freqtrade.resolvers.strategy_resolver - INFO - Strategy using stake_amount: 900
2026-05-29 12:38:39,535 - freqtrade.resolvers.strategy_resolver - INFO - Strategy using startup_candle_count: 64
2026-05-29 12:38:39,535 - freqtrade.resolvers.strategy_resolver - INFO - Strategy using unfilledtimeout: {'entry': 10, 'exit': 10, 'exit_timeout_count': 0, 'unit': 'minutes'}
2026-05-29 12:38:39,535 - freqtrade.resolvers.strategy_resolver - INFO - Strategy using use_exit_signal: True
2026-05-29 12:38:39,535 - freqtrade.resolvers.strategy_resolver - INFO - Strategy using exit_profit_only: True
2026-05-29 12:38:39,535 - freqtrade.resolvers.strategy_resolver - INFO - Strategy using ignore_roi_if_entry_signal: True
2026-05-29 12:38:39,535 - freqtrade.resolvers.strategy_resolver - INFO - Strategy using exit_profit_offset: 0.0
2026-05-29 12:38:39,535 - freqtrade.resolvers.strategy_resolver - INFO - Strategy using disable_dataframe_checks: False
2026-05-29 12:38:39,535 - freqtrade.resolvers.strategy_resolver - INFO - Strategy using ignore_buying_expired_candle_after: 0
2026-05-29 12:38:39,535 - freqtrade.resolvers.strategy_resolver - INFO - Strategy using position_adjustment_enable: False
2026-05-29 12:38:39,536 - freqtrade.resolvers.strategy_resolver - INFO - Strategy using max_entry_position_adjustment: -1
2026-05-29 12:38:39,536 - freqtrade.resolvers.strategy_resolver - INFO - Strategy using max_open_trades: 10
2026-05-29 12:38:39,536 - freqtrade.configuration.config_validation - INFO - Validating configuration ...
2026-05-29 12:38:39,538 - freqtrade.resolvers.iresolver - INFO - Using resolved pairlist StaticPairList from '/Users/philprice95/projects/freqtrade/freqtrade/plugins/pairlist/StaticPairList.py'...
2026-05-29 12:38:39,541 - freqtrade.optimize.backtesting - INFO - Using fee 0.1000% - worst case fee from exchange (lowest tier).
2026-05-29 12:38:39,632 - freqtrade.data.history.datahandlers.idatahandler - WARNING - ZEC/USDT, spot, 15m, data ends at 2026-05-27 17:15:00
2026-05-29 12:38:39,637 - freqtrade.data.history.datahandlers.idatahandler - INFO - Price jump in ZEC/USDT, 15m, spot between two candles of 33.14% detected.
2026-05-29 12:38:39,647 - freqtrade.data.history.datahandlers.idatahandler - WARNING - XRP/USDT, spot, 15m, data ends at 2026-05-27 17:15:00
2026-05-29 12:38:39,659 - freqtrade.data.history.datahandlers.idatahandler - WARNING - SOL/USDT, spot, 15m, data ends at 2026-05-27 17:15:00
2026-05-29 12:38:39,670 - freqtrade.data.history.datahandlers.idatahandler - WARNING - LINK/USDT, spot, 15m, data ends at 2026-05-27 17:15:00
2026-05-29 12:38:39,681 - freqtrade.data.history.datahandlers.idatahandler - WARNING - NEAR/USDT, spot, 15m, data ends at 2026-05-27 17:15:00
2026-05-29 12:38:39,692 - freqtrade.data.history.datahandlers.idatahandler - WARNING - AAVE/USDT, spot, 15m, data ends at 2026-05-27 17:15:00
2026-05-29 12:38:39,703 - freqtrade.data.history.datahandlers.idatahandler - WARNING - DASH/USDT, spot, 15m, data ends at 2026-05-28 15:45:00
2026-05-29 12:38:39,706 - freqtrade.data.history.datahandlers.idatahandler - INFO - Price jump in DASH/USDT, 15m, spot between two candles of 61.49% detected.
2026-05-29 12:38:39,715 - freqtrade.data.history.datahandlers.idatahandler - WARNING - SUI/USDT, spot, 15m, data ends at 2026-05-28 15:45:00
2026-05-29 12:38:39,726 - freqtrade.data.history.datahandlers.idatahandler - WARNING - AVAX/USDT, spot, 15m, data ends at 2026-05-28 15:45:00
2026-05-29 12:38:39,737 - freqtrade.data.history.datahandlers.idatahandler - WARNING - LTC/USDT, spot, 15m, data ends at 2026-05-28 15:45:00
2026-05-29 12:38:39,749 - freqtrade.data.history.datahandlers.idatahandler - WARNING - BCH/USDT, spot, 15m, data ends at 2026-05-28 15:45:00
2026-05-29 12:38:39,760 - freqtrade.data.history.datahandlers.idatahandler - WARNING - DOT/USDT, spot, 15m, data ends at 2026-05-28 15:45:00
2026-05-29 12:38:39,770 - freqtrade.data.history.datahandlers.idatahandler - WARNING - NEO/USDT, spot, 15m, data ends at 2026-05-28 15:45:00
2026-05-29 12:38:39,774 - freqtrade.data.history.datahandlers.idatahandler - INFO - Price jump in NEO/USDT, 15m, spot between two candles of 221.60% detected.
2026-05-29 12:38:39,781 - freqtrade.optimize.backtesting - INFO - Loading data from 2024-06-07 08:00:00 up to 2026-05-28 15:45:00 (720 days).
2026-05-29 12:38:42,330 - freqtrade.optimize.backtesting - INFO - Dataload complete. Calculating indicators
2026-05-29 12:38:42,330 - freqtrade.optimize.backtesting - INFO - Running backtesting for Strategy NNNC_DDPM_MLX_LSTM
2026-05-29 12:38:42,351 - freqtrade.strategy.hyper - INFO - Strategy Parameter: cexit_enable_profit_checks = True
2026-05-29 12:38:42,351 - freqtrade.strategy.hyper - INFO - Strategy Parameter: cexit_max_days = 5
2026-05-29 12:38:42,351 - freqtrade.strategy.hyper - INFO - Strategy Parameter: cexit_take_profit = 0.02
2026-05-29 12:38:42,351 - freqtrade.strategy.hyper - INFO - Strategy Parameter: enable_exit_signal = True
2026-05-29 12:38:42,351 - freqtrade.strategy.hyper - INFO - Strategy Parameter: exit_close_norm_threshold = 0.0
2026-05-29 12:38:42,352 - freqtrade.strategy.hyper - INFO - Strategy Parameter: exit_guard_threshold = 0.5
2026-05-29 12:38:42,352 - freqtrade.strategy.hyper - INFO - Strategy Parameter: entry_adx_threshold = 20.0
2026-05-29 12:38:42,352 - freqtrade.strategy.hyper - INFO - Strategy Parameter: entry_atr_pct = 0.006
2026-05-29 12:38:42,352 - freqtrade.strategy.hyper - INFO - Strategy Parameter: entry_bb_width_threshold = 0.014
2026-05-29 12:38:42,352 - freqtrade.strategy.hyper - INFO - Strategy Parameter: entry_close_norm_threshold = 0.0
2026-05-29 12:38:42,352 - freqtrade.strategy.hyper - INFO - Strategy Parameter: entry_enable_guards = True
2026-05-29 12:38:42,352 - freqtrade.strategy.hyper - INFO - Strategy Parameter: entry_guard_threshold = -0.5
2026-05-29 12:38:42,352 - freqtrade.strategy.hyper - INFO - Strategy Parameter: entry_rvol_threshold = 1.0
2026-05-29 12:38:42,352 - freqtrade.strategy.hyper - INFO - Strategy Parameter: prediction_threshold = 0.5

----------------------
NNNC_DDPM_MLX_LSTM
----------------------


Software Environment:

    freqtrade:  2026.4-dev-63819fa7e
    OS Type:    darwin (MacOS), Version: macOS-26.4.1-arm64-arm-64bit
    python:     ['3.12.13 (main, Mar  3 2026, 12:39:30) [Clang 21.0.0 (clang-2100.0.123.102)]']
    sklearn:    1.8.0
    tensorflow: 2.17.0, devices:[PhysicalDevice(name='/physical_device:CPU:0', device_type='CPU'), PhysicalDevice(name='/physical_device:GPU:0', device_type='GPU')]
    keras:      3.14.0
    pytorch:    (not installed)
    lightning:  (not installed)
    darts:      (not installed)


    Current Hyperopt Parameters:
      Buy Parameters:
        entry_adx_threshold: 20.0
        entry_atr_pct: 0.006
        entry_bb_width_threshold: 0.014
        entry_close_norm_threshold: 0.0
        entry_enable_guards: True
        entry_guard_threshold: -0.5
        entry_rvol_threshold: 1.0
        prediction_threshold: 0.5
        cexit_enable_profit_checks: True
        cexit_max_days: 2
        cexit_take_profit: 0.002
        profit_prediction_threshold: 0.3
        apply_task_filters: True

      Sell Parameters:
        cexit_enable_profit_checks: True
        cexit_max_days: 5
        cexit_take_profit: 0.02
        enable_exit_signal: True
        exit_close_norm_threshold: 0.0
        exit_guard_threshold: 0.5

Strategy Parameters/Flags

    refit_model:    False
    model_per_pair: False
    combine_models: False

    ZEC/USDT - adding indicators...
        Buy signals: found 4829 initial peaks, filtered to 4829 peaks with >=0.5% future gain
        Sell signals: found 5517 initial peaks, filtered to 5517 peaks with >=0.5% future loss
        Signal counts: buys=7092, sells=9463, conflicts=0
        Final trading_classes counts: buys=7092, sells=9463
        Trading distribution: [ 9463 52507  7092] [13.7%, 76.0%, 10.3%]
        %train_buy/%train_sell counts: buys=7092, sells=9463, holds=52507
    XRP/USDT - adding indicators...
        Buy signals: found 2379 initial peaks, filtered to 2379 peaks with >=0.5% future gain
        Sell signals: found 2415 initial peaks, filtered to 2415 peaks with >=0.5% future loss
        Signal counts: buys=3982, sells=4355, conflicts=0
        Final trading_classes counts: buys=3982, sells=4355
        Trading distribution: [ 4355 60725  3982] [6.3%, 87.9%, 5.8%]
        %train_buy/%train_sell counts: buys=3982, sells=4355, holds=60725
    SOL/USDT - adding indicators...
        Buy signals: found 2446 initial peaks, filtered to 2446 peaks with >=0.5% future gain
        Sell signals: found 2126 initial peaks, filtered to 2126 peaks with >=0.5% future loss
        Signal counts: buys=4204, sells=3870, conflicts=0
        Final trading_classes counts: buys=4204, sells=3870
        Trading distribution: [ 3870 60988  4204] [5.6%, 88.3%, 6.1%]
        %train_buy/%train_sell counts: buys=4204, sells=3870, holds=60988
    LINK/USDT - adding indicators...
        Buy signals: found 2923 initial peaks, filtered to 2923 peaks with >=0.5% future gain
        Sell signals: found 2800 initial peaks, filtered to 2800 peaks with >=0.5% future loss
        Signal counts: buys=4895, sells=5081, conflicts=0
        Final trading_classes counts: buys=4895, sells=5081
        Trading distribution: [ 5081 59086  4895] [7.4%, 85.6%, 7.1%]
        %train_buy/%train_sell counts: buys=4895, sells=5081, holds=59086
    NEAR/USDT - adding indicators...
        Buy signals: found 4662 initial peaks, filtered to 4662 peaks with >=0.5% future gain
        Sell signals: found 4417 initial peaks, filtered to 4414 peaks with >=0.5% future loss
        Signal counts: buys=7179, sells=7632, conflicts=0
        Final trading_classes counts: buys=7179, sells=7632
        Trading distribution: [ 7632 54251  7179] [11.1%, 78.6%, 10.4%]
        %train_buy/%train_sell counts: buys=7179, sells=7632, holds=54251
    AAVE/USDT - adding indicators...
        Buy signals: found 3786 initial peaks, filtered to 3786 peaks with >=0.5% future gain
        Sell signals: found 3808 initial peaks, filtered to 3808 peaks with >=0.5% future loss
        Signal counts: buys=5945, sells=6640, conflicts=0
        Final trading_classes counts: buys=5945, sells=6640
        Trading distribution: [ 6640 56477  5945] [9.6%, 81.8%, 8.6%]
        %train_buy/%train_sell counts: buys=5945, sells=6640, holds=56477
    DASH/USDT - adding indicators...
        Buy signals: found 3426 initial peaks, filtered to 3426 peaks with >=0.5% future gain
        Sell signals: found 3642 initial peaks, filtered to 3642 peaks with >=0.5% future loss
        Signal counts: buys=4989, sells=6180, conflicts=0
        Final trading_classes counts: buys=4989, sells=6180
        Trading distribution: [ 6180 57983  4989] [8.9%, 83.8%, 7.2%]
        %train_buy/%train_sell counts: buys=4989, sells=6180, holds=57983
    SUI/USDT - adding indicators...
        Buy signals: found 4959 initial peaks, filtered to 4959 peaks with >=0.5% future gain
        Sell signals: found 4712 initial peaks, filtered to 4712 peaks with >=0.5% future loss
        Signal counts: buys=7872, sells=8272, conflicts=0
        Final trading_classes counts: buys=7872, sells=8272
        Trading distribution: [ 8272 53008  7872] [12.0%, 76.7%, 11.4%]
        %train_buy/%train_sell counts: buys=7872, sells=8272, holds=53008
    AVAX/USDT - adding indicators...
        Buy signals: found 3181 initial peaks, filtered to 3181 peaks with >=0.5% future gain
        Sell signals: found 2835 initial peaks, filtered to 2835 peaks with >=0.5% future loss
        Signal counts: buys=5253, sells=5133, conflicts=0
        Final trading_classes counts: buys=5253, sells=5133
        Trading distribution: [ 5133 58766  5253] [7.4%, 85.0%, 7.6%]
        %train_buy/%train_sell counts: buys=5253, sells=5133, holds=58766
    LTC/USDT - adding indicators...
        Buy signals: found 2624 initial peaks, filtered to 2624 peaks with >=0.5% future gain
        Sell signals: found 2327 initial peaks, filtered to 2327 peaks with >=0.5% future loss
        Signal counts: buys=4301, sells=4221, conflicts=0
        Final trading_classes counts: buys=4301, sells=4221
        Trading distribution: [ 4221 60630  4301] [6.1%, 87.7%, 6.2%]
        %train_buy/%train_sell counts: buys=4301, sells=4221, holds=60630
    BCH/USDT - adding indicators...
        Buy signals: found 3033 initial peaks, filtered to 3033 peaks with >=0.5% future gain
        Sell signals: found 2883 initial peaks, filtered to 2883 peaks with >=0.5% future loss
        Signal counts: buys=4742, sells=5225, conflicts=0
        Final trading_classes counts: buys=4742, sells=5225
        Trading distribution: [ 5225 59185  4742] [7.6%, 85.6%, 6.9%]
        %train_buy/%train_sell counts: buys=4742, sells=5225, holds=59185
    DOT/USDT - adding indicators...
        Buy signals: found 3212 initial peaks, filtered to 3212 peaks with >=0.5% future gain
        Sell signals: found 2860 initial peaks, filtered to 2860 peaks with >=0.5% future loss
        Signal counts: buys=5274, sells=5066, conflicts=0
        Final trading_classes counts: buys=5274, sells=5066
        Trading distribution: [ 5066 58812  5274] [7.3%, 85.0%, 7.6%]
        %train_buy/%train_sell counts: buys=5274, sells=5066, holds=58812
    NEO/USDT - adding indicators...
        Buy signals: found 3090 initial peaks, filtered to 3090 peaks with >=0.5% future gain
        Sell signals: found 3046 initial peaks, filtered to 3046 peaks with >=0.5% future loss
        Signal counts: buys=4545, sells=5318, conflicts=0
        Final trading_classes counts: buys=4545, sells=5318
        Trading distribution: [ 5318 59289  4545] [7.7%, 85.7%, 6.6%]
        %train_buy/%train_sell counts: buys=4545, sells=5318, holds=59289
    Training model on 13 pairs
    Main scaler loaded from /Users/philprice95/projects/freqtrade/user_data/strategies/saved_data/
    PCA data loaded: n_components=20
    Columns exceeding ±10 before clipping: [('bb_width', -1.0001307528502497, 18.387945839670714)]
    GAN scaler A loaded from /Users/philprice95/projects/freqtrade/user_data/strategies/saved_data/
      columns: ['bb_width', 'atr_norm', 'rsi_scaled', 'mfi_scaled', 'guard_metric_pos', 'guard_metric_neg', 'gain_norm', 'macdhist_norm', 'ema_fast_norm', 'macd_pos', 'macd_neg', 'fastk_scaled', 'fast_diff', 'adx_scaled', 'aroonosc_scaled', 'bb_position', 'vwap_pos', 'vwap_neg', 'di_diff_scaled', 'sar_ratio', 'spread_ma', 'cci_scaled', 'fisher_ss', 'cg_ss']
    balance_single_task: class counts {0: 7531, 1: 42312, 2: 5391} (gan_type=TAB_DDPM)
    balance_single_task: per-class additions {0: 9393, 2: 11533}
      neural-discrim filter: kept 9393/11742 synth samples for class 0 (reject_pct=0.20)
      generated 9393 samples for class 0
      neural-discrim filter: kept 11533/14417 synth samples for class 2 (reject_pct=0.20)
      generated 11533 samples for class 2
    balance_single_task: rows 55234 -> 76160; counts {0: 7531, 1: 42312, 2: 5391} -> {0: 16924, 1: 42312, 2: 16924}
    === GAN fidelity diagnostic (real vs synthetic) ===
      real rows:      55234    synth rows:      20926    features: 24
      task        cls     N_real      N_syn    |Δμ|max    σ_syn/σ_real  flag
      ----------------------------------------------------------------------
      class         0       7531       9393      0.44σ   0.57/ 0.98  ok
      class         1      42312          0          -               -  no synth
      class         2       5391      11533      0.38σ   0.64/ 1.01  ok

      worst features per bucket (top 2 by severity):
        class==0:
          bb_width              real μ= -0.450 σ= 0.333    syn μ= -0.596 σ= 0.189    Δμ=-0.44σ  σ_ratio=0.57
          rsi_scaled            real μ= +0.305 σ= 0.255    syn μ= +0.278 σ= 0.248    Δμ=-0.11σ  σ_ratio=0.97
          sar_ratio             real μ= -0.479 σ= 0.535    syn μ= -0.428 σ= 0.567    Δμ=+0.10σ  σ_ratio=1.06
        class==2:
          bb_width              real μ= -0.481 σ= 0.300    syn μ= -0.595 σ= 0.191    Δμ=-0.38σ  σ_ratio=0.64
          di_diff_scaled        real μ= -0.591 σ= 0.489    syn μ= -0.519 σ= 0.520    Δμ=+0.15σ  σ_ratio=1.06
          guard_metric_pos      real μ= +0.009 σ= 0.069    syn μ= +0.018 σ= 0.086    Δμ=+0.14σ  σ_ratio=1.24

    === Joint-distribution diagnostic (correlation matrix) ===
      task        cls  used_real   used_syn   |Δρ|max   |Δρ|mean  flag
      ----------------------------------------------------------------------
      class         0       7531       9393     0.113      0.034  ok
      class         2       5391      11533     0.203      0.039  ok

      worst feature PAIRS per bucket (top 2 by |Δρ|):
        class==2:
          guard_metric_pos   × bb_position         real ρ=+0.18  syn ρ=+0.39  Δρ=-0.20
          guard_metric_pos   × macd_pos            real ρ=+0.21  syn ρ=+0.40  Δρ=-0.19
          bb_width           × atr_norm            real ρ=+0.29  syn ρ=+0.14  Δρ=+0.15
        class==0:
          fastk_scaled       × fisher_ss           real ρ=+0.03  syn ρ=+0.14  Δρ=-0.11
          sar_ratio          × fisher_ss           real ρ=-0.10  syn ρ=-0.21  Δρ=+0.11
          bb_width           × atr_norm            real ρ=+0.23  syn ρ=+0.13  Δρ=+0.11
    Columns exceeding ±10 before clipping: [('bb_width', -1.0001307528502497, 16.676458335376665)]
    balance_single_task: class counts {0: 3852, 1: 47824, 2: 3558} (gan_type=TAB_DDPM)
    balance_single_task: per-class additions {0: 15277, 2: 15571}
      neural-discrim filter: kept 15277/19097 synth samples for class 0 (reject_pct=0.20)
      generated 15277 samples for class 0
      neural-discrim filter: kept 15571/19464 synth samples for class 2 (reject_pct=0.20)
      generated 15571 samples for class 2
    balance_single_task: rows 55234 -> 86082; counts {0: 3852, 1: 47824, 2: 3558} -> {0: 19129, 1: 47824, 2: 19129}
    === GAN fidelity diagnostic (real vs synthetic) ===
      real rows:      55234    synth rows:      30848    features: 24
      task        cls     N_real      N_syn    |Δμ|max    σ_syn/σ_real  flag
      ----------------------------------------------------------------------
      class         0       3852      15277      0.50σ   0.70/ 1.20  ok
      class         1      47824          0          -               -  no synth
      class         2       3558      15571      0.56σ   0.87/ 1.25  ok

      worst features per bucket (top 2 by severity):
        class==0:
          guard_metric_neg      real μ= +0.002 σ= 0.026    syn μ= +0.016 σ= 0.083    Δμ=+0.50σ  σ_ratio=3.15
          guard_metric_pos      real μ= +0.644 σ= 0.260    syn μ= +0.570 σ= 0.293    Δμ=-0.28σ  σ_ratio=1.13
          aroonosc_scaled       real μ= +0.445 σ= 0.481    syn μ= +0.323 σ= 0.502    Δμ=-0.25σ  σ_ratio=1.04
        class==2:
          guard_metric_pos      real μ= +0.002 σ= 0.026    syn μ= +0.017 σ= 0.081    Δμ=+0.56σ  σ_ratio=3.11
          macd_neg              real μ= +0.741 σ= 0.355    syn μ= +0.618 σ= 0.396    Δμ=-0.35σ  σ_ratio=1.12
          aroonosc_scaled       real μ= -0.464 σ= 0.454    syn μ= -0.310 σ= 0.503    Δμ=+0.34σ  σ_ratio=1.11

    === Joint-distribution diagnostic (correlation matrix) ===
      task        cls  used_real   used_syn   |Δρ|max   |Δρ|mean  flag
      ----------------------------------------------------------------------
      class         0       3852      15277     0.238      0.058  ok
      class         2       3558      15571     0.280      0.062  ok

      worst feature PAIRS per bucket (top 2 by |Δρ|):
        class==2:
          guard_metric_pos   × vwap_neg            real ρ=+0.09  syn ρ=+0.37  Δρ=-0.28
          fastk_scaled       × adx_scaled          real ρ=+0.19  syn ρ=-0.06  Δρ=+0.25
          adx_scaled         × sar_ratio           real ρ=-0.33  syn ρ=-0.08  Δρ=-0.25
        class==0:
          adx_scaled         × sar_ratio           real ρ=+0.23  syn ρ=-0.01  Δρ=+0.24
          adx_scaled         × di_diff_scaled      real ρ=-0.09  syn ρ=+0.13  Δρ=-0.22
          rsi_scaled         × guard_metric_neg    real ρ=-0.14  syn ρ=-0.35  Δρ=+0.21
    Columns exceeding ±10 before clipping: [('bb_width', -1.0001307528502497, 13.172310832388956)]
    balance_single_task: class counts {0: 3320, 1: 48233, 2: 3681} (gan_type=TAB_DDPM)
    balance_single_task: per-class additions {0: 15973, 2: 15612}
      neural-discrim filter: kept 15973/19967 synth samples for class 0 (reject_pct=0.20)
      generated 15973 samples for class 0
      neural-discrim filter: kept 15612/19516 synth samples for class 2 (reject_pct=0.20)
      generated 15612 samples for class 2
    balance_single_task: rows 55234 -> 86819; counts {0: 3320, 1: 48233, 2: 3681} -> {0: 19293, 1: 48233, 2: 19293}
    === GAN fidelity diagnostic (real vs synthetic) ===
      real rows:      55234    synth rows:      31585    features: 24
      task        cls     N_real      N_syn    |Δμ|max    σ_syn/σ_real  flag
      ----------------------------------------------------------------------
      class         0       3320      15973      0.39σ   0.96/ 1.26  ok
      class         1      48233          0          -               -  no synth
      class         2       3681      15612      0.81σ   0.93/ 1.32  joint_drift

      worst features per bucket (top 2 by severity):
        class==2:
          guard_metric_pos      real μ= +0.002 σ= 0.020    syn μ= +0.018 σ= 0.083    Δμ=+0.81σ  σ_ratio=4.23
          aroonosc_scaled       real μ= -0.506 σ= 0.415    syn μ= -0.303 σ= 0.502    Δμ=+0.49σ  σ_ratio=1.21
          guard_metric_neg      real μ= +0.695 σ= 0.239    syn μ= +0.579 σ= 0.296    Δμ=-0.49σ  σ_ratio=1.24
        class==0:
          guard_metric_pos      real μ= +0.672 σ= 0.248    syn μ= +0.575 σ= 0.291    Δμ=-0.39σ  σ_ratio=1.17
          vwap_neg              real μ= +0.558 σ= 0.649    syn μ= +0.310 σ= 0.768    Δμ=-0.38σ  σ_ratio=1.18
          macd_pos              real μ= +0.757 σ= 0.338    syn μ= +0.638 σ= 0.381    Δμ=-0.35σ  σ_ratio=1.13

    === Joint-distribution diagnostic (correlation matrix) ===
      task        cls  used_real   used_syn   |Δρ|max   |Δρ|mean  flag
      ----------------------------------------------------------------------
      class         0       3320      15973     0.209      0.053  ok
      class         2       3681      15612     0.319      0.061  joint_drift

      worst feature PAIRS per bucket (top 2 by |Δρ|):
        class==2:
          sar_ratio          × fisher_ss           real ρ=-0.45  syn ρ=-0.13  Δρ=-0.32
          cci_scaled         × fisher_ss           real ρ=+0.45  syn ρ=+0.14  Δρ=+0.31
          bb_position        × fisher_ss           real ρ=+0.39  syn ρ=+0.10  Δρ=+0.29
        class==0:
          adx_scaled         × sar_ratio           real ρ=+0.24  syn ρ=+0.03  Δρ=+0.21
          macdhist_norm      × adx_scaled          real ρ=-0.26  syn ρ=-0.05  Δρ=-0.20
          adx_scaled         × di_diff_scaled      real ρ=-0.09  syn ρ=+0.09  Δρ=-0.18
    Columns exceeding ±10 before clipping: [('bb_width', -1.0001307528502497, 10.021823762426383)]
    balance_single_task: class counts {0: 4584, 1: 46210, 2: 4440} (gan_type=TAB_DDPM)
    balance_single_task: per-class additions {0: 13900, 2: 14044}
      neural-discrim filter: kept 13900/17376 synth samples for class 0 (reject_pct=0.20)
      generated 13900 samples for class 0
      neural-discrim filter: kept 14044/17556 synth samples for class 2 (reject_pct=0.20)
      generated 14044 samples for class 2
    balance_single_task: rows 55234 -> 83178; counts {0: 4584, 1: 46210, 2: 4440} -> {0: 18484, 1: 46210, 2: 18484}
    === GAN fidelity diagnostic (real vs synthetic) ===
      real rows:      55234    synth rows:      27944    features: 24
      task        cls     N_real      N_syn    |Δμ|max    σ_syn/σ_real  flag
      ----------------------------------------------------------------------
      class         0       4584      13900      0.41σ   0.88/ 1.20  ok
      class         1      46210          0          -               -  no synth
      class         2       4440      14044      0.80σ   0.91/ 1.27  ok

      worst features per bucket (top 2 by severity):
        class==2:
          guard_metric_pos      real μ= +0.002 σ= 0.021    syn μ= +0.018 σ= 0.088    Δμ=+0.80σ  σ_ratio=4.18
          guard_metric_neg      real μ= +0.684 σ= 0.245    syn μ= +0.580 σ= 0.298    Δμ=-0.42σ  σ_ratio=1.21
          aroonosc_scaled       real μ= -0.469 σ= 0.446    syn μ= -0.301 σ= 0.506    Δμ=+0.38σ  σ_ratio=1.14
        class==0:
          guard_metric_neg      real μ= +0.003 σ= 0.031    syn μ= +0.016 σ= 0.084    Δμ=+0.41σ  σ_ratio=2.76
          guard_metric_pos      real μ= +0.657 σ= 0.255    syn μ= +0.573 σ= 0.291    Δμ=-0.33σ  σ_ratio=1.14
          bb_position           real μ= +0.621 σ= 0.299    syn μ= +0.523 σ= 0.360    Δμ=-0.33σ  σ_ratio=1.20

    === Joint-distribution diagnostic (correlation matrix) ===
      task        cls  used_real   used_syn   |Δρ|max   |Δρ|mean  flag
      ----------------------------------------------------------------------
      class         0       4584      13900     0.217      0.049  ok
      class         2       4440      14044     0.233      0.051  ok

      worst feature PAIRS per bucket (top 2 by |Δρ|):
        class==2:
          sar_ratio          × fisher_ss           real ρ=-0.37  syn ρ=-0.14  Δρ=-0.23
          rsi_scaled         × guard_metric_pos    real ρ=+0.14  syn ρ=+0.36  Δρ=-0.22
          cci_scaled         × fisher_ss           real ρ=+0.36  syn ρ=+0.14  Δρ=+0.22
        class==0:
          adx_scaled         × sar_ratio           real ρ=+0.23  syn ρ=+0.01  Δρ=+0.22
          guard_metric_neg   × fastk_scaled        real ρ=-0.09  syn ρ=-0.30  Δρ=+0.21
          guard_metric_neg   × vwap_pos            real ρ=+0.14  syn ρ=+0.34  Δρ=-0.20
    Columns exceeding ±10 before clipping: [('bb_width', -1.0001307528502497, 15.26941264658338)]
    balance_single_task: class counts {0: 6416, 1: 42864, 2: 5954} (gan_type=TAB_DDPM)
    balance_single_task: per-class additions {0: 10729, 2: 11191}
      neural-discrim filter: kept 10729/13412 synth samples for class 0 (reject_pct=0.20)
      generated 10729 samples for class 0
      neural-discrim filter: kept 11191/13989 synth samples for class 2 (reject_pct=0.20)
      generated 11191 samples for class 2
    balance_single_task: rows 55234 -> 77154; counts {0: 6416, 1: 42864, 2: 5954} -> {0: 17145, 1: 42864, 2: 17145}
    === GAN fidelity diagnostic (real vs synthetic) ===
      real rows:      55234    synth rows:      21920    features: 24
      task        cls     N_real      N_syn    |Δμ|max    σ_syn/σ_real  flag
      ----------------------------------------------------------------------
      class         0       6416      10729      0.33σ   0.98/ 1.12  ok
      class         1      42864          0          -               -  no synth
      class         2       5954      11191      0.40σ   0.90/ 1.14  ok

      worst features per bucket (top 2 by severity):
        class==2:
          guard_metric_pos      real μ= +0.004 σ= 0.031    syn μ= +0.016 σ= 0.080    Δμ=+0.40σ  σ_ratio=2.60
          fastk_scaled          real μ= -0.704 σ= 0.387    syn μ= -0.624 σ= 0.426    Δμ=+0.21σ  σ_ratio=1.10
          mfi_scaled            real μ= -0.491 σ= 0.523    syn μ= -0.386 σ= 0.565    Δμ=+0.20σ  σ_ratio=1.08
        class==0:
          fastk_scaled          real μ= +0.694 σ= 0.404    syn μ= +0.561 σ= 0.493    Δμ=-0.33σ  σ_ratio=1.22
          bb_position           real μ= +0.595 σ= 0.314    syn μ= +0.520 σ= 0.361    Δμ=-0.24σ  σ_ratio=1.15
          guard_metric_neg      real μ= +0.006 σ= 0.045    syn μ= +0.016 σ= 0.085    Δμ=+0.23σ  σ_ratio=1.88

    === Joint-distribution diagnostic (correlation matrix) ===
      task        cls  used_real   used_syn   |Δρ|max   |Δρ|mean  flag
      ----------------------------------------------------------------------
      class         0       6416      10729     0.137      0.039  ok
      class         2       5954      11191     0.221      0.042  ok

      worst feature PAIRS per bucket (top 2 by |Δρ|):
        class==2:
          guard_metric_pos   × vwap_neg            real ρ=+0.16  syn ρ=+0.38  Δρ=-0.22
          rsi_scaled         × guard_metric_pos    real ρ=+0.15  syn ρ=+0.34  Δρ=-0.19
          guard_metric_pos   × bb_position         real ρ=+0.17  syn ρ=+0.35  Δρ=-0.19
        class==0:
          bb_width           × sar_ratio           real ρ=+0.15  syn ρ=+0.01  Δρ=+0.14
          macd_pos           × sar_ratio           real ρ=-0.02  syn ρ=-0.15  Δρ=+0.13
          rsi_scaled         × guard_metric_neg    real ρ=-0.21  syn ρ=-0.34  Δρ=+0.13
    Columns exceeding ±10 before clipping: [('bb_width', -1.0001307528502497, 15.76205569340843)]
    balance_single_task: class counts {0: 5994, 1: 43993, 2: 5247} (gan_type=TAB_DDPM)
    balance_single_task: per-class additions {0: 11603, 2: 12350}
      neural-discrim filter: kept 11603/14504 synth samples for class 0 (reject_pct=0.20)
      generated 11603 samples for class 0
      neural-discrim filter: kept 12350/15438 synth samples for class 2 (reject_pct=0.20)
      generated 12350 samples for class 2
    balance_single_task: rows 55234 -> 79187; counts {0: 5994, 1: 43993, 2: 5247} -> {0: 17597, 1: 43993, 2: 17597}
    === GAN fidelity diagnostic (real vs synthetic) ===
      real rows:      55234    synth rows:      23953    features: 24
      task        cls     N_real      N_syn    |Δμ|max    σ_syn/σ_real  flag
      ----------------------------------------------------------------------
      class         0       5994      11603      0.33σ   0.93/ 1.11  ok
      class         1      43993          0          -               -  no synth
      class         2       5247      12350      0.44σ   0.97/ 1.13  ok

      worst features per bucket (top 2 by severity):
        class==2:
          guard_metric_pos      real μ= +0.004 σ= 0.035    syn μ= +0.019 σ= 0.088    Δμ=+0.44σ  σ_ratio=2.54
          fastk_scaled          real μ= -0.715 σ= 0.396    syn μ= -0.624 σ= 0.423    Δμ=+0.23σ  σ_ratio=1.07
          macd_pos              real μ= +0.047 σ= 0.148    syn μ= +0.074 σ= 0.188    Δμ=+0.18σ  σ_ratio=1.27
        class==0:
          fastk_scaled          real μ= +0.697 σ= 0.398    syn μ= +0.566 σ= 0.487    Δμ=-0.33σ  σ_ratio=1.23
          mfi_scaled            real μ= +0.433 σ= 0.498    syn μ= +0.310 σ= 0.596    Δμ=-0.25σ  σ_ratio=1.20
          bb_position           real μ= +0.606 σ= 0.310    syn μ= +0.530 σ= 0.360    Δμ=-0.25σ  σ_ratio=1.16

    === Joint-distribution diagnostic (correlation matrix) ===
      task        cls  used_real   used_syn   |Δρ|max   |Δρ|mean  flag
      ----------------------------------------------------------------------
      class         0       5994      11603     0.131      0.036  ok
      class         2       5247      12350     0.220      0.041  ok

      worst feature PAIRS per bucket (top 2 by |Δρ|):
        class==2:
          guard_metric_pos   × bb_position         real ρ=+0.17  syn ρ=+0.39  Δρ=-0.22
          guard_metric_pos   × cci_scaled          real ρ=+0.17  syn ρ=+0.38  Δρ=-0.21
          rsi_scaled         × guard_metric_pos    real ρ=+0.15  syn ρ=+0.36  Δρ=-0.21
        class==0:
          bb_width           × atr_norm            real ρ=+0.28  syn ρ=+0.15  Δρ=+0.13
          guard_metric_neg   × bb_position         real ρ=-0.23  syn ρ=-0.35  Δρ=+0.12
          mfi_scaled         × adx_scaled          real ρ=+0.29  syn ρ=+0.17  Δρ=+0.12
    Columns exceeding ±10 before clipping: [('bb_width', -1.0001307528502497, 34.81767015448198)]
    balance_single_task: class counts {0: 4825, 1: 46803, 2: 3678} (gan_type=TAB_DDPM)
    balance_single_task: per-class additions {0: 13896, 2: 15043}
      neural-discrim filter: kept 13896/17371 synth samples for class 0 (reject_pct=0.20)
      generated 13896 samples for class 0
      neural-discrim filter: kept 15043/18804 synth samples for class 2 (reject_pct=0.20)
      generated 15043 samples for class 2
    balance_single_task: rows 55306 -> 84245; counts {0: 4825, 1: 46803, 2: 3678} -> {0: 18721, 1: 46803, 2: 18721}
    === GAN fidelity diagnostic (real vs synthetic) ===
      real rows:      55306    synth rows:      28939    features: 24
      task        cls     N_real      N_syn    |Δμ|max    σ_syn/σ_real  flag
      ----------------------------------------------------------------------
      class         0       4825      13896      0.44σ   0.50/ 0.93  ok
      class         1      46803          0          -               -  no synth
      class         2       3678      15043      0.41σ   0.60/ 0.98  joint_drift

      worst features per bucket (top 2 by severity):
        class==0:
          bb_width              real μ= -0.426 σ= 0.380    syn μ= -0.595 σ= 0.190    Δμ=-0.44σ  σ_ratio=0.50
          adx_scaled            real μ= +0.305 σ= 0.510    syn μ= +0.150 σ= 0.454    Δμ=-0.30σ  σ_ratio=0.89
          rsi_scaled            real μ= +0.342 σ= 0.294    syn μ= +0.276 σ= 0.248    Δμ=-0.22σ  σ_ratio=0.84
        class==2:
          bb_width              real μ= -0.458 σ= 0.324    syn μ= -0.592 σ= 0.193    Δμ=-0.41σ  σ_ratio=0.60
          rsi_scaled            real μ= -0.377 σ= 0.293    syn μ= -0.293 σ= 0.241    Δμ=+0.29σ  σ_ratio=0.82
          fastk_scaled          real μ= -0.741 σ= 0.415    syn μ= -0.628 σ= 0.424    Δμ=+0.27σ  σ_ratio=1.02

    === Joint-distribution diagnostic (correlation matrix) ===
      task        cls  used_real   used_syn   |Δρ|max   |Δρ|mean  flag
      ----------------------------------------------------------------------
      class         0       4825      13896     0.277      0.045  ok
      class         2       3678      15043     0.363      0.052  joint_drift

      worst feature PAIRS per bucket (top 2 by |Δρ|):
        class==2:
          bb_width           × adx_scaled          real ρ=-0.12  syn ρ=+0.24  Δρ=-0.36
          guard_metric_pos   × macd_pos            real ρ=+0.19  syn ρ=+0.39  Δρ=-0.20
          bb_width           × rsi_scaled          real ρ=+0.06  syn ρ=-0.12  Δρ=+0.17
        class==0:
          bb_width           × adx_scaled          real ρ=-0.03  syn ρ=+0.24  Δρ=-0.28
          fastk_scaled       × fisher_ss           real ρ=-0.04  syn ρ=+0.13  Δρ=-0.17
          bb_width           × spread_ma           real ρ=+0.27  syn ρ=+0.10  Δρ=+0.17
    Columns exceeding ±10 before clipping: [('bb_width', -1.0001307528502497, 13.282909868321585)]
    balance_single_task: class counts {0: 7206, 1: 41195, 2: 6905} (gan_type=TAB_DDPM)
    balance_single_task: per-class additions {0: 9272, 2: 9573}
      neural-discrim filter: kept 9272/11591 synth samples for class 0 (reject_pct=0.20)
      generated 9272 samples for class 0
      neural-discrim filter: kept 9573/11967 synth samples for class 2 (reject_pct=0.20)
      generated 9573 samples for class 2
    balance_single_task: rows 55306 -> 74151; counts {0: 7206, 1: 41195, 2: 6905} -> {0: 16478, 1: 41195, 2: 16478}
    === GAN fidelity diagnostic (real vs synthetic) ===
      real rows:      55306    synth rows:      18845    features: 24
      task        cls     N_real      N_syn    |Δμ|max    σ_syn/σ_real  flag
      ----------------------------------------------------------------------
      class         0       7206       9272      0.24σ   0.83/ 1.11  ok
      class         1      41195          0          -               -  no synth
      class         2       6905       9573      0.38σ   0.96/ 1.15  ok

      worst features per bucket (top 2 by severity):
        class==2:
          guard_metric_pos      real μ= +0.004 σ= 0.032    syn μ= +0.016 σ= 0.082    Δμ=+0.38σ  σ_ratio=2.54
          aroonosc_scaled       real μ= -0.413 σ= 0.493    syn μ= -0.307 σ= 0.503    Δμ=+0.22σ  σ_ratio=1.02
          adx_scaled            real μ= +0.084 σ= 0.407    syn μ= +0.171 σ= 0.460    Δμ=+0.21σ  σ_ratio=1.13
        class==0:
          guard_metric_neg      real μ= +0.005 σ= 0.040    syn μ= +0.014 σ= 0.081    Δμ=+0.24σ  σ_ratio=2.01
          bb_position           real μ= +0.598 σ= 0.309    syn μ= +0.535 σ= 0.359    Δμ=-0.20σ  σ_ratio=1.16
          adx_scaled            real μ= +0.067 σ= 0.412    syn μ= +0.143 σ= 0.450    Δμ=+0.19σ  σ_ratio=1.09

    === Joint-distribution diagnostic (correlation matrix) ===
      task        cls  used_real   used_syn   |Δρ|max   |Δρ|mean  flag
      ----------------------------------------------------------------------
      class         0       7206       9272     0.247      0.051  ok
      class         2       6905       9573     0.189      0.043  ok

      worst feature PAIRS per bucket (top 2 by |Δρ|):
        class==0:
          macdhist_norm      × adx_scaled          real ρ=-0.28  syn ρ=-0.03  Δρ=-0.25
          adx_scaled         × sar_ratio           real ρ=+0.24  syn ρ=+0.01  Δρ=+0.23
          ema_fast_norm      × adx_scaled          real ρ=+0.33  syn ρ=+0.13  Δρ=+0.20
        class==2:
          bb_width           × adx_scaled          real ρ=+0.41  syn ρ=+0.22  Δρ=+0.19
          rsi_scaled         × guard_metric_pos    real ρ=+0.17  syn ρ=+0.35  Δρ=-0.18
          bb_width           × atr_norm            real ρ=+0.34  syn ρ=+0.17  Δρ=+0.18
    Columns exceeding ±10 before clipping: [('bb_width', -1.0001307528502497, 13.671443881083967)]
    balance_single_task: class counts {0: 4637, 1: 45879, 2: 4790} (gan_type=TAB_DDPM)
    balance_single_task: per-class additions {0: 13714, 2: 13561}
      neural-discrim filter: kept 13714/17143 synth samples for class 0 (reject_pct=0.20)
      generated 13714 samples for class 0
      neural-discrim filter: kept 13561/16952 synth samples for class 2 (reject_pct=0.20)
      generated 13561 samples for class 2
    balance_single_task: rows 55306 -> 82581; counts {0: 4637, 1: 45879, 2: 4790} -> {0: 18351, 1: 45879, 2: 18351}
    === GAN fidelity diagnostic (real vs synthetic) ===
      real rows:      55306    synth rows:      27275    features: 24
      task        cls     N_real      N_syn    |Δμ|max    σ_syn/σ_real  flag
      ----------------------------------------------------------------------
      class         0       4637      13714      0.36σ   0.97/ 1.23  ok
      class         1      45879          0          -               -  no synth
      class         2       4790      13561      0.68σ   0.93/ 1.28  ok

      worst features per bucket (top 2 by severity):
        class==2:
          guard_metric_pos      real μ= +0.002 σ= 0.023    syn μ= +0.017 σ= 0.083    Δμ=+0.68σ  σ_ratio=3.68
          aroonosc_scaled       real μ= -0.496 σ= 0.441    syn μ= -0.304 σ= 0.506    Δμ=+0.43σ  σ_ratio=1.15
          guard_metric_neg      real μ= +0.685 σ= 0.240    syn μ= +0.582 σ= 0.301    Δμ=-0.43σ  σ_ratio=1.25
        class==0:
          bb_position           real μ= +0.629 σ= 0.292    syn μ= +0.525 σ= 0.362    Δμ=-0.36σ  σ_ratio=1.24
          guard_metric_pos      real μ= +0.657 σ= 0.250    syn μ= +0.570 σ= 0.293    Δμ=-0.35σ  σ_ratio=1.17
          guard_metric_neg      real μ= +0.004 σ= 0.036    syn μ= +0.016 σ= 0.088    Δμ=+0.34σ  σ_ratio=2.43

    === Joint-distribution diagnostic (correlation matrix) ===
      task        cls  used_real   used_syn   |Δρ|max   |Δρ|mean  flag
      ----------------------------------------------------------------------
      class         0       4637      13714     0.212      0.048  ok
      class         2       4790      13561     0.257      0.055  ok

      worst feature PAIRS per bucket (top 2 by |Δρ|):
        class==2:
          cci_scaled         × fisher_ss           real ρ=+0.40  syn ρ=+0.14  Δρ=+0.26
          sar_ratio          × fisher_ss           real ρ=-0.38  syn ρ=-0.13  Δρ=-0.24
          bb_position        × fisher_ss           real ρ=+0.35  syn ρ=+0.11  Δρ=+0.24
        class==0:
          adx_scaled         × sar_ratio           real ρ=+0.23  syn ρ=+0.02  Δρ=+0.21
          rsi_scaled         × guard_metric_neg    real ρ=-0.17  syn ρ=-0.37  Δρ=+0.20
          sar_ratio          × fisher_ss           real ρ=-0.40  syn ρ=-0.22  Δρ=-0.19
    Columns exceeding ±10 before clipping: [('bb_width', -1.0001307528502497, 19.190928111705656)]
    balance_single_task: class counts {0: 3686, 1: 47862, 2: 3758} (gan_type=TAB_DDPM)
    balance_single_task: per-class additions {0: 15458, 2: 15386}
      neural-discrim filter: kept 15458/19323 synth samples for class 0 (reject_pct=0.20)
      generated 15458 samples for class 0
      neural-discrim filter: kept 15386/19233 synth samples for class 2 (reject_pct=0.20)
      generated 15386 samples for class 2
    balance_single_task: rows 55306 -> 86150; counts {0: 3686, 1: 47862, 2: 3758} -> {0: 19144, 1: 47862, 2: 19144}
    === GAN fidelity diagnostic (real vs synthetic) ===
      real rows:      55306    synth rows:      30844    features: 24
      task        cls     N_real      N_syn    |Δμ|max    σ_syn/σ_real  flag
      ----------------------------------------------------------------------
      class         0       3686      15458      0.35σ   0.89/ 1.17  ok
      class         1      47862          0          -               -  no synth
      class         2       3758      15386      0.77σ   0.87/ 1.26  joint_drift

      worst features per bucket (top 2 by severity):
        class==2:
          guard_metric_pos      real μ= +0.002 σ= 0.021    syn μ= +0.018 σ= 0.083    Δμ=+0.77σ  σ_ratio=3.90
          guard_metric_neg      real μ= +0.660 σ= 0.242    syn μ= +0.575 σ= 0.299    Δμ=-0.35σ  σ_ratio=1.24
          macd_neg              real μ= +0.729 σ= 0.355    syn μ= +0.611 σ= 0.397    Δμ=-0.33σ  σ_ratio=1.12
        class==0:
          adx_scaled            real μ= +0.011 σ= 0.370    syn μ= +0.142 σ= 0.451    Δμ=+0.35σ  σ_ratio=1.22
          guard_metric_neg      real μ= +0.004 σ= 0.037    syn μ= +0.015 σ= 0.082    Δμ=+0.28σ  σ_ratio=2.19
          vwap_pos              real μ= -0.941 σ= 0.236    syn μ= -0.884 σ= 0.353    Δμ=+0.24σ  σ_ratio=1.49

    === Joint-distribution diagnostic (correlation matrix) ===
      task        cls  used_real   used_syn   |Δρ|max   |Δρ|mean  flag
      ----------------------------------------------------------------------
      class         0       3686      15458     0.257      0.053  ok
      class         2       3758      15386     0.307      0.060  joint_drift

      worst feature PAIRS per bucket (top 2 by |Δρ|):
        class==2:
          guard_metric_pos   × vwap_neg            real ρ=+0.06  syn ρ=+0.37  Δρ=-0.31
          guard_metric_pos   × bb_position         real ρ=+0.10  syn ρ=+0.38  Δρ=-0.29
          guard_metric_pos   × cci_scaled          real ρ=+0.13  syn ρ=+0.37  Δρ=-0.25
        class==0:
          adx_scaled         × sar_ratio           real ρ=+0.27  syn ρ=+0.01  Δρ=+0.26
          bb_width           × adx_scaled          real ρ=+0.41  syn ρ=+0.23  Δρ=+0.18
          macdhist_norm      × adx_scaled          real ρ=-0.23  syn ρ=-0.06  Δρ=-0.18
    Columns exceeding ±10 before clipping: [('bb_width', -1.0001307528502497, 10.502415466485646)]
    balance_single_task: class counts {0: 4565, 1: 46674, 2: 4067} (gan_type=TAB_DDPM)
    balance_single_task: per-class additions {0: 14104, 2: 14602}
      neural-discrim filter: kept 14104/17631 synth samples for class 0 (reject_pct=0.20)
      generated 14104 samples for class 0
      neural-discrim filter: kept 14602/18253 synth samples for class 2 (reject_pct=0.20)
      generated 14602 samples for class 2
    balance_single_task: rows 55306 -> 84012; counts {0: 4565, 1: 46674, 2: 4067} -> {0: 18669, 1: 46674, 2: 18669}
    === GAN fidelity diagnostic (real vs synthetic) ===
      real rows:      55306    synth rows:      28706    features: 24
      task        cls     N_real      N_syn    |Δμ|max    σ_syn/σ_real  flag
      ----------------------------------------------------------------------
      class         0       4565      14104      0.17σ   0.92/ 1.07  ok
      class         1      46674          0          -               -  no synth
      class         2       4067      14602      0.28σ   0.94/ 1.11  ok

      worst features per bucket (top 2 by severity):
        class==2:
          guard_metric_pos      real μ= +0.005 σ= 0.044    syn μ= +0.018 σ= 0.085    Δμ=+0.28σ  σ_ratio=1.91
          macd_pos              real μ= +0.041 σ= 0.135    syn μ= +0.076 σ= 0.194    Δμ=+0.26σ  σ_ratio=1.44
          macd_neg              real μ= +0.702 σ= 0.369    syn μ= +0.614 σ= 0.399    Δμ=-0.24σ  σ_ratio=1.08
        class==0:
          vwap_neg              real μ= +0.445 σ= 0.722    syn μ= +0.319 σ= 0.764    Δμ=-0.17σ  σ_ratio=1.06
          sar_ratio             real μ= -0.521 σ= 0.525    syn μ= -0.430 σ= 0.567    Δμ=+0.17σ  σ_ratio=1.08
          adx_scaled            real μ= +0.069 σ= 0.414    syn μ= +0.140 σ= 0.450    Δμ=+0.17σ  σ_ratio=1.09

    === Joint-distribution diagnostic (correlation matrix) ===
      task        cls  used_real   used_syn   |Δρ|max   |Δρ|mean  flag
      ----------------------------------------------------------------------
      class         0       4565      14104     0.150      0.043  ok
      class         2       4067      14602     0.168      0.046  ok

      worst feature PAIRS per bucket (top 2 by |Δρ|):
        class==2:
          bb_width           × atr_norm            real ρ=+0.29  syn ρ=+0.12  Δρ=+0.17
          macd_pos           × di_diff_scaled      real ρ=+0.23  syn ρ=+0.39  Δρ=-0.17
          guard_metric_pos   × di_diff_scaled      real ρ=+0.10  syn ρ=+0.26  Δρ=-0.16
        class==0:
          bb_width           × atr_norm            real ρ=+0.25  syn ρ=+0.10  Δρ=+0.15
          ema_fast_norm      × macd_pos            real ρ=+0.28  syn ρ=+0.13  Δρ=+0.15
          guard_metric_pos   × fisher_ss           real ρ=-0.24  syn ρ=-0.09  Δρ=-0.15
    Columns exceeding ±10 before clipping: [('bb_width', -1.0001307528502497, 13.56570241164032)]
    balance_single_task: class counts {0: 4049, 1: 47009, 2: 4248} (gan_type=TAB_DDPM)
    balance_single_task: per-class additions {0: 14754, 2: 14555}
      neural-discrim filter: kept 14754/18443 synth samples for class 0 (reject_pct=0.20)
      generated 14754 samples for class 0
      neural-discrim filter: kept 14555/18194 synth samples for class 2 (reject_pct=0.20)
      generated 14555 samples for class 2
    balance_single_task: rows 55306 -> 84615; counts {0: 4049, 1: 47009, 2: 4248} -> {0: 18803, 1: 47009, 2: 18803}
    === GAN fidelity diagnostic (real vs synthetic) ===
      real rows:      55306    synth rows:      29309    features: 24
      task        cls     N_real      N_syn    |Δμ|max    σ_syn/σ_real  flag
      ----------------------------------------------------------------------
      class         0       4049      14754      0.33σ   0.97/ 1.18  ok
      class         1      47009          0          -               -  no synth
      class         2       4248      14555      0.47σ   0.86/ 1.17  ok

      worst features per bucket (top 2 by severity):
        class==2:
          guard_metric_pos      real μ= +0.003 σ= 0.030    syn μ= +0.017 σ= 0.082    Δμ=+0.47σ  σ_ratio=2.73
          aroonosc_scaled       real μ= -0.486 σ= 0.445    syn μ= -0.305 σ= 0.502    Δμ=+0.41σ  σ_ratio=1.13
          macd_neg              real μ= +0.726 σ= 0.356    syn μ= +0.615 σ= 0.396    Δμ=-0.31σ  σ_ratio=1.11
        class==0:
          guard_metric_neg      real μ= +0.004 σ= 0.036    syn μ= +0.016 σ= 0.085    Δμ=+0.33σ  σ_ratio=2.34
          bb_position           real μ= +0.611 σ= 0.298    syn μ= +0.525 σ= 0.359    Δμ=-0.29σ  σ_ratio=1.20
          fastk_scaled          real μ= +0.666 σ= 0.370    syn μ= +0.564 σ= 0.492    Δμ=-0.28σ  σ_ratio=1.33

    === Joint-distribution diagnostic (correlation matrix) ===
      task        cls  used_real   used_syn   |Δρ|max   |Δρ|mean  flag
      ----------------------------------------------------------------------
      class         0       4049      14754     0.184      0.046  ok
      class         2       4248      14555     0.182      0.049  ok

      worst feature PAIRS per bucket (top 2 by |Δρ|):
        class==2:
          guard_metric_pos   × bb_position         real ρ=+0.20  syn ρ=+0.38  Δρ=-0.18
          rsi_scaled         × guard_metric_pos    real ρ=+0.16  syn ρ=+0.34  Δρ=-0.18
          guard_metric_pos   × cci_scaled          real ρ=+0.19  syn ρ=+0.37  Δρ=-0.18
        class==0:
          rsi_scaled         × guard_metric_neg    real ρ=-0.17  syn ρ=-0.35  Δρ=+0.18
          bb_width           × sar_ratio           real ρ=+0.18  syn ρ=+0.01  Δρ=+0.18
          guard_metric_neg   × fastk_scaled        real ρ=-0.13  syn ρ=-0.30  Δρ=+0.17
    Columns exceeding ±10 before clipping: [('bb_width', -1.0001307528502497, 98.36947836360874)]
    balance_single_task: class counts {0: 4827, 1: 46520, 2: 3959} (gan_type=TAB_DDPM)
    balance_single_task: per-class additions {0: 13781, 2: 14649}
      neural-discrim filter: kept 13781/17227 synth samples for class 0 (reject_pct=0.20)
      generated 13781 samples for class 0
      neural-discrim filter: kept 14649/18312 synth samples for class 2 (reject_pct=0.20)
      generated 14649 samples for class 2
    balance_single_task: rows 55306 -> 83736; counts {0: 4827, 1: 46520, 2: 3959} -> {0: 18608, 1: 46520, 2: 18608}
    === GAN fidelity diagnostic (real vs synthetic) ===
      real rows:      55306    synth rows:      28430    features: 24
      task        cls     N_real      N_syn    |Δμ|max    σ_syn/σ_real  flag
      ----------------------------------------------------------------------
      class         0       4827      13781      0.33σ   0.72/ 0.97  ok
      class         1      46520          0          -               -  no synth
      class         2       3959      14649      0.39σ   0.69/ 0.98  ok

      worst features per bucket (top 2 by severity):
        class==2:
          adx_scaled            real μ= +0.359 σ= 0.476    syn μ= +0.171 σ= 0.461    Δμ=-0.39σ  σ_ratio=0.97
          rsi_scaled            real μ= -0.401 σ= 0.295    syn μ= -0.295 σ= 0.238    Δμ=+0.36σ  σ_ratio=0.81
          bb_width              real μ= -0.520 σ= 0.280    syn μ= -0.594 σ= 0.192    Δμ=-0.26σ  σ_ratio=0.69
        class==0:
          adx_scaled            real μ= +0.293 σ= 0.467    syn μ= +0.139 σ= 0.450    Δμ=-0.33σ  σ_ratio=0.97
          bb_width              real μ= -0.524 σ= 0.258    syn μ= -0.598 σ= 0.187    Δμ=-0.29σ  σ_ratio=0.72
          rsi_scaled            real μ= +0.347 σ= 0.277    syn μ= +0.273 σ= 0.242    Δμ=-0.27σ  σ_ratio=0.87

    === Joint-distribution diagnostic (correlation matrix) ===
      task        cls  used_real   used_syn   |Δρ|max   |Δρ|mean  flag
      ----------------------------------------------------------------------
      class         0       4827      13781     0.218      0.052  ok
      class         2       3959      14649     0.193      0.043  ok

      worst feature PAIRS per bucket (top 2 by |Δρ|):
        class==0:
          guard_metric_neg   × vwap_pos            real ρ=+0.51  syn ρ=+0.29  Δρ=+0.22
          adx_scaled         × aroonosc_scaled     real ρ=-0.04  syn ρ=+0.13  Δρ=-0.17
          ema_fast_norm      × macd_pos            real ρ=+0.29  syn ρ=+0.12  Δρ=+0.17
        class==2:
          bb_width           × atr_norm            real ρ=+0.32  syn ρ=+0.13  Δρ=+0.19
          guard_metric_pos   × fastk_scaled        real ρ=+0.05  syn ρ=+0.24  Δρ=-0.18
          mfi_scaled         × guard_metric_pos    real ρ=+0.00  syn ρ=+0.17  Δρ=-0.17
    MLX model not found (/Users/philprice95/projects/freqtrade/user_data/strategies/saved_data/NNNC_DDPM_MLX_LSTM/NNNC_DDPM_MLX_LSTM.safetensors)...
    MLX model created.  Parameters: 12,483

    Training MLX model: NNNC_DDPM_MLX_LSTM
    train: (1068070, 16, 24)  test: (179890, 16, 24)
    batch_size: 2048  max_epochs: 100
    grad clip (global L2 norm): 1.0
    Epoch   1/100 — loss: 0.5342  val_loss: 0.3839  val_precision: 0.4175  val_f1_class_2: 0.5053  val_mcc: 0.4910  clips:34
    ✓ Best model saved  (val_mcc: 0.4910)
    Epoch   2/100 — loss: 0.3568  val_loss: 0.3518  val_precision: 0.4352  val_f1_class_2: 0.5293  val_mcc: 0.5162  clips:1
    ✓ Best model saved  (val_mcc: 0.5162)
    Epoch   3/100 — loss: 0.3290  val_loss: 0.3417  val_precision: 0.4336  val_f1_class_2: 0.5393  val_mcc: 0.5330  clips:2
    ✓ Best model saved  (val_mcc: 0.5330)
    Epoch   4/100 — loss: 0.3180  val_loss: 0.3360  val_precision: 0.4298  val_f1_class_2: 0.5431  val_mcc: 0.5363
    ✓ Best model saved  (val_mcc: 0.5363)
    Epoch   5/100 — loss: 0.3104  val_loss: 0.3328  val_precision: 0.4389  val_f1_class_2: 0.5449  val_mcc: 0.5376
    ✓ Best model saved  (val_mcc: 0.5376)
    Epoch   6/100 — loss: 0.3046  val_loss: 0.3292  val_precision: 0.4297  val_f1_class_2: 0.5487  val_mcc: 0.5439
    ✓ Best model saved  (val_mcc: 0.5439)
    Epoch   7/100 — loss: 0.3004  val_loss: 0.3272  val_precision: 0.4292  val_f1_class_2: 0.5495  val_mcc: 0.5448
    ✓ Best model saved  (val_mcc: 0.5448)
    Epoch   8/100 — loss: 0.2970  val_loss: 0.3251  val_precision: 0.4364  val_f1_class_2: 0.5534  val_mcc: 0.5462
    ✓ Best model saved  (val_mcc: 0.5462)
    Epoch   9/100 — loss: 0.2937  val_loss: 0.3238  val_precision: 0.4406  val_f1_class_2: 0.5551  val_mcc: 0.5483
    ✓ Best model saved  (val_mcc: 0.5483)
    Epoch  10/100 — loss: 0.2911  val_loss: 0.3217  val_precision: 0.4377  val_f1_class_2: 0.5564  val_mcc: 0.5514
    ✓ Best model saved  (val_mcc: 0.5514)
    Epoch  11/100 — loss: 0.2887  val_loss: 0.3215  val_precision: 0.4425  val_f1_class_2: 0.5588  val_mcc: 0.5508
    Epoch  12/100 — loss: 0.2864  val_loss: 0.3193  val_precision: 0.4588  val_f1_class_2: 0.5609  val_mcc: 0.5517
    ✓ Best model saved  (val_mcc: 0.5517)
    Epoch  13/100 — loss: 0.2850  val_loss: 0.3184  val_precision: 0.4621  val_f1_class_2: 0.5611  val_mcc: 0.5526
    ✓ Best model saved  (val_mcc: 0.5526)
    Epoch  14/100 — loss: 0.2835  val_loss: 0.3175  val_precision: 0.4507  val_f1_class_2: 0.5621  val_mcc: 0.5529
    ✓ Best model saved  (val_mcc: 0.5529)
    Epoch  15/100 — loss: 0.2817  val_loss: 0.3168  val_precision: 0.4593  val_f1_class_2: 0.5625  val_mcc: 0.5541
    ✓ Best model saved  (val_mcc: 0.5541)
    Epoch  16/100 — loss: 0.2802  val_loss: 0.3163  val_precision: 0.4466  val_f1_class_2: 0.5654  val_mcc: 0.5577
    ✓ Best model saved  (val_mcc: 0.5577)
    Epoch  17/100 — loss: 0.2786  val_loss: 0.3155  val_precision: 0.4507  val_f1_class_2: 0.5657  val_mcc: 0.5573
    Epoch  18/100 — loss: 0.2778  val_loss: 0.3143  val_precision: 0.4554  val_f1_class_2: 0.5667  val_mcc: 0.5594  clips:12026-05-29 12:50:55,727 - freqtrade.optimize.backtesting - INFO - Backtesting with data from 2024-06-08 00:00:00 up to 2026-05-28 15:45:00 (719 days).

    ✓ Best model saved  (val_mcc: 0.5594)
    Epoch  19/100 — loss: 0.2771  val_loss: 0.3134  val_precision: 0.4633  val_f1_class_2: 0.5680  val_mcc: 0.5593
    Epoch  20/100 — loss: 0.2755  val_loss: 0.3131  val_precision: 0.4651  val_f1_class_2: 0.5676  val_mcc: 0.5600
    ✓ Best model saved  (val_mcc: 0.5600)
    Epoch  21/100 — loss: 0.2745  val_loss: 0.3127  val_precision: 0.4575  val_f1_class_2: 0.5686  val_mcc: 0.5615  clips:1
    ✓ Best model saved  (val_mcc: 0.5615)
    Epoch  22/100 — loss: 0.2740  val_loss: 0.3124  val_precision: 0.4603  val_f1_class_2: 0.5672  val_mcc: 0.5593  clips:1
    Epoch  23/100 — loss: 0.2732  val_loss: 0.3116  val_precision: 0.4578  val_f1_class_2: 0.5699  val_mcc: 0.5632
    ✓ Best model saved  (val_mcc: 0.5632)
    Epoch  24/100 — loss: 0.2727  val_loss: 0.3109  val_precision: 0.4597  val_f1_class_2: 0.5699  val_mcc: 0.5625  clips:1
    Epoch  25/100 — loss: 0.2720  val_loss: 0.3106  val_precision: 0.4633  val_f1_class_2: 0.5696  val_mcc: 0.5610  clips:1
    Epoch  26/100 — loss: 0.2707  val_loss: 0.3101  val_precision: 0.4640  val_f1_class_2: 0.5716  val_mcc: 0.5641
    ✓ Best model saved  (val_mcc: 0.5641)
    Epoch  27/100 — loss: 0.2701  val_loss: 0.3101  val_precision: 0.4667  val_f1_class_2: 0.5706  val_mcc: 0.5627  clips:1
    Epoch  28/100 — loss: 0.2701  val_loss: 0.3102  val_precision: 0.4562  val_f1_class_2: 0.5713  val_mcc: 0.5639  clips:1
    Epoch  29/100 — loss: 0.2696  val_loss: 0.3095  val_precision: 0.4632  val_f1_class_2: 0.5716  val_mcc: 0.5639
    Epoch  30/100 — loss: 0.2692  val_loss: 0.3097  val_precision: 0.4686  val_f1_class_2: 0.5721  val_mcc: 0.5641  clips:1
    Epoch  31/100 — loss: 0.2684  val_loss: 0.3090  val_precision: 0.4738  val_f1_class_2: 0.5699  val_mcc: 0.5623
    Epoch  32/100 — loss: 0.2679  val_loss: 0.3086  val_precision: 0.4661  val_f1_class_2: 0.5713  val_mcc: 0.5650
    ✓ Best model saved  (val_mcc: 0.5650)
    Epoch  33/100 — loss: 0.2679  val_loss: 0.3080  val_precision: 0.4636  val_f1_class_2: 0.5722  val_mcc: 0.5661  clips:1
    ✓ Best model saved  (val_mcc: 0.5661)
    Epoch  34/100 — loss: 0.2673  val_loss: 0.3083  val_precision: 0.4608  val_f1_class_2: 0.5719  val_mcc: 0.5653  clips:1
    Epoch  35/100 — loss: 0.2667  val_loss: 0.3078  val_precision: 0.4558  val_f1_class_2: 0.5710  val_mcc: 0.5666  clips:1
    ✓ Best model saved  (val_mcc: 0.5666)
    Epoch  36/100 — loss: 0.2663  val_loss: 0.3078  val_precision: 0.4693  val_f1_class_2: 0.5731  val_mcc: 0.5653  clips:1
    Epoch  37/100 — loss: 0.2661  val_loss: 0.3071  val_precision: 0.4668  val_f1_class_2: 0.5717  val_mcc: 0.5667
    ✓ Best model saved  (val_mcc: 0.5667)
    Epoch  38/100 — loss: 0.2655  val_loss: 0.3072  val_precision: 0.4776  val_f1_class_2: 0.5717  val_mcc: 0.5648  clips:4
    Epoch  39/100 — loss: 0.2661  val_loss: 0.3071  val_precision: 0.4735  val_f1_class_2: 0.5730  val_mcc: 0.5649  clips:1
    Epoch  40/100 — loss: 0.2653  val_loss: 0.3071  val_precision: 0.4528  val_f1_class_2: 0.5709  val_mcc: 0.5667  clips:1
    ✓ Best model saved  (val_mcc: 0.5667)
    Epoch  41/100 — loss: 0.2647  val_loss: 0.3062  val_precision: 0.4681  val_f1_class_2: 0.5715  val_mcc: 0.5657  clips:3
    Epoch  42/100 — loss: 0.2645  val_loss: 0.3063  val_precision: 0.4636  val_f1_class_2: 0.5719  val_mcc: 0.5666
    Epoch  43/100 — loss: 0.2641  val_loss: 0.3057  val_precision: 0.4657  val_f1_class_2: 0.5723  val_mcc: 0.5671  clips:2
    ✓ Best model saved  (val_mcc: 0.5671)
    Epoch  44/100 — loss: 0.2641  val_loss: 0.3062  val_precision: 0.4567  val_f1_class_2: 0.5713  val_mcc: 0.5681  clips:2
    ✓ Best model saved  (val_mcc: 0.5681)
    Epoch  45/100 — loss: 0.2634  val_loss: 0.3060  val_precision: 0.4615  val_f1_class_2: 0.5715  val_mcc: 0.5674  clips:1
    Epoch  46/100 — loss: 0.2635  val_loss: 0.3058  val_precision: 0.4743  val_f1_class_2: 0.5726  val_mcc: 0.5657  clips:2
    Epoch  47/100 — loss: 0.2631  val_loss: 0.3059  val_precision: 0.4718  val_f1_class_2: 0.5718  val_mcc: 0.5659
    Epoch  48/100 — loss: 0.2627  val_loss: 0.3051  val_precision: 0.4710  val_f1_class_2: 0.5725  val_mcc: 0.5671  clips:2
    Epoch  49/100 — loss: 0.2627  val_loss: 0.3056  val_precision: 0.4764  val_f1_class_2: 0.5728  val_mcc: 0.5663  clips:2
    Epoch  50/100 — loss: 0.2626  val_loss: 0.3055  val_precision: 0.4664  val_f1_class_2: 0.5727  val_mcc: 0.5677  clips:1
    Epoch  51/100 — loss: 0.2627  val_loss: 0.3051  val_precision: 0.4708  val_f1_class_2: 0.5723  val_mcc: 0.5668  clips:2
    Epoch  52/100 — loss: 0.2622  val_loss: 0.3048  val_precision: 0.4703  val_f1_class_2: 0.5725  val_mcc: 0.5669  clips:2
    ReduceLROnPlateau → lr=1.00e-05
    Epoch  53/100 — loss: 0.2613  val_loss: 0.3047  val_precision: 0.4746  val_f1_class_2: 0.5730  val_mcc: 0.5672
    Epoch  54/100 — loss: 0.2610  val_loss: 0.3047  val_precision: 0.4713  val_f1_class_2: 0.5730  val_mcc: 0.5676  clips:1
    Epoch  55/100 — loss: 0.2615  val_loss: 0.3047  val_precision: 0.4723  val_f1_class_2: 0.5723  val_mcc: 0.5668
    Epoch  56/100 — loss: 0.2613  val_loss: 0.3048  val_precision: 0.4757  val_f1_class_2: 0.5734  val_mcc: 0.5670  clips:1
    Epoch  57/100 — loss: 0.2617  val_loss: 0.3046  val_precision: 0.4727  val_f1_class_2: 0.5729  val_mcc: 0.5674  clips:1
    Epoch  58/100 — loss: 0.2614  val_loss: 0.3046  val_precision: 0.4749  val_f1_class_2: 0.5729  val_mcc: 0.5674  clips:2
    Epoch  59/100 — loss: 0.2609  val_loss: 0.3046  val_precision: 0.4760  val_f1_class_2: 0.5734  val_mcc: 0.5674  clips:1
    Epoch  60/100 — loss: 0.2608  val_loss: 0.3046  val_precision: 0.4708  val_f1_class_2: 0.5731  val_mcc: 0.5679  clips:1
    ReduceLROnPlateau → lr=1.00e-06
    Epoch  61/100 — loss: 0.2606  val_loss: 0.3046  val_precision: 0.4738  val_f1_class_2: 0.5732  val_mcc: 0.5677
    Epoch  62/100 — loss: 0.2611  val_loss: 0.3046  val_precision: 0.4739  val_f1_class_2: 0.5731  val_mcc: 0.5675  clips:3
    Epoch  63/100 — loss: 0.2615  val_loss: 0.3046  val_precision: 0.4744  val_f1_class_2: 0.5734  val_mcc: 0.5675  clips:1
    Epoch  64/100 — loss: 0.2611  val_loss: 0.3045  val_precision: 0.4741  val_f1_class_2: 0.5733  val_mcc: 0.5678
    EarlyStopping at epoch 64 (no improvement for 20 epochs)
    Restoring best weights from /tmp/NNNC_DDPM_MLX_LSTM/checkpoint.safetensors
    Saving MLX model to: /Users/philprice95/projects/freqtrade/user_data/strategies/saved_data/NNNC_DDPM_MLX_LSTM/NNNC_DDPM_MLX_LSTM.safetensors
    Trading - Sell:
        min: 0.000 max: 0.985, mean: 0.180
        signals > 0.500: 12040 (17.4%)
        counts: [44402, 3324, 2056, 1901, 5339, 5914, 4205, 1828, 88, 5, 0]
        percentages: [0.64, 0.05, 0.03, 0.03, 0.08, 0.09, 0.06, 0.03, 0.0, 0.0, 0.0]
        cumulative: [0.64, 0.69, 0.72, 0.75, 0.83, 0.91, 0.97, 1.0, 1.0, 1.0, 1.0]
    Trading - Hold:
        min: 0.001 max: 0.984, mean: 0.663
        signals > 0.500: 47590 (68.9%)
        counts: [28, 174, 3128, 7219, 10923, 11722, 4594, 3976, 6147, 21151, 0]
        percentages: [0.0, 0.0, 0.05, 0.1, 0.16, 0.17, 0.07, 0.06, 0.09, 0.31, 0.0]
        cumulative: [0.0, 0.0, 0.05, 0.15, 0.31, 0.48, 0.55, 0.6, 0.69, 1.0, 1.0]
    Trading - Buy:
        min: 0.000 max: 0.999, mean: 0.157
        signals > 0.500: 8788 (12.7%)
        counts: [46405, 3324, 2329, 2392, 5824, 4541, 2891, 1247, 86, 23, 0]
        percentages: [0.67, 0.05, 0.03, 0.03, 0.08, 0.07, 0.04, 0.02, 0.0, 0.0, 0.0]
        cumulative: [0.67, 0.72, 0.75, 0.79, 0.87, 0.94, 0.98, 1.0, 1.0, 1.0, 1.0]

ZEC/USDT
    Comparing actual vs predicted signals

================================================================================
CLASSIFICATION PERFORMANCE ASSESSMENT (Tri-State)
================================================================================
--- Detailed Classification Report ---
              precision    recall  f1-score   support

         0.0      0.594     0.756     0.665      9463
         1.0      0.902     0.829     0.864     52507
         2.0      0.528     0.654     0.584      7092

    accuracy                          0.801     69062
   macro avg      0.675     0.746     0.705     69062
weighted avg      0.822     0.801     0.808     69062


--- Confusion Matrix ---
Rows = True, Columns = Predicted
             Sell     Hold      Buy
    Sell     7153     2298       12
    Hold     4848    43523     4136
     Buy       39     2413     4640

--- Qualitative Assessment of Key Metrics ---
Metric                    Score   Assessment                               Trading Context
-------------------------   -------   ----------------------------------------   ------------------------------
Precision (Sell)          0.594   Okay. Acceptable, but needs improvement. Avoid false sell signals (support: 9463.0)
Recall (Sell)             0.756   Good. Reliable performance.              Find all sell opportunities (support: 9463.0)
F1-Score (Sell)           0.665   Good. Reliable performance.              Balanced performance on Sell signal (support: 9463.0)
Precision (Hold)          0.902   Excellent. Very strong performance.      Correctly identify neutral periods (support: 52507.0)
Recall (Hold)             0.829   Excellent. Very strong performance.      Find all neutral periods (support: 52507.0)
F1-Score (Hold)           0.864   Excellent. Very strong performance.      Balanced performance on Hold signal (support: 52507.0)
Precision (Buy)           0.528   Okay. Acceptable, but needs improvement. Avoid false buy signals (support: 7092.0)
Recall (Buy)              0.654   Good. Reliable performance.              Find all buy opportunities (support: 7092.0)
F1-Score (Buy)            0.584   Okay. Acceptable, but needs improvement. Balanced performance on Buy signal (support: 7092.0)

--- Overall Performance Metrics ---

--- Qualitative Assessment of Key Metrics ---
Metric                    Score   Assessment                               Trading Context
-------------------------   -------   ----------------------------------------   ------------------------------
Macro Avg Precision       0.675   Good. Reliable performance.              Average precision across all classes
Macro Avg Recall          0.746   Good. Reliable performance.              Average recall across all classes
Macro Avg F1-Score        0.705   Good. Reliable performance.              Average F1-score across all classes
Weighted Avg Precision    0.822   Excellent. Very strong performance.      Support-weighted average precision
Weighted Avg Recall       0.801   Excellent. Very strong performance.      Support-weighted average recall
Weighted Avg F1-Score     0.808   Excellent. Very strong performance.      Support-weighted average F1-score
MCC                       0.545   Good. Reliable positive correlation.     Correlation between prediction and reality
Cohen's Kappa             0.539   Moderate. Meaningful agreement.          Agreement better than random chance

--- Summary and Recommendation ---
🌟 GOOD PERFORMANCE: The model shows strong balance (Macro F1-Score 0.705, Weighted F1-Score 0.808) and reliable correlation (MCC 0.545). All classes performing reasonably well.
================================================================================
    Trading - Sell:
        min: 0.000 max: 0.983, mean: 0.090
        signals > 0.500: 5639 (8.2%)
        counts: [57377, 2820, 1176, 934, 1116, 2417, 2503, 686, 24, 9, 0]
        percentages: [0.83, 0.04, 0.02, 0.01, 0.02, 0.03, 0.04, 0.01, 0.0, 0.0, 0.0]
        cumulative: [0.83, 0.87, 0.89, 0.9, 0.92, 0.95, 0.99, 1.0, 1.0, 1.0, 1.0]
    Trading - Hold:
        min: 0.001 max: 0.985, mean: 0.827
        signals > 0.500: 58459 (84.6%)
        counts: [16, 61, 1411, 4393, 4722, 2592, 1879, 2187, 5374, 46427, 0]
        percentages: [0.0, 0.0, 0.02, 0.06, 0.07, 0.04, 0.03, 0.03, 0.08, 0.67, 0.0]
        cumulative: [0.0, 0.0, 0.02, 0.09, 0.15, 0.19, 0.22, 0.25, 0.33, 1.0, 1.0]
    Trading - Buy:
        min: 0.000 max: 0.999, mean: 0.083
        signals > 0.500: 4752 (6.9%)
        counts: [58742, 2291, 1061, 915, 1301, 2173, 1836, 700, 36, 7, 0]
        percentages: [0.85, 0.03, 0.02, 0.01, 0.02, 0.03, 0.03, 0.01, 0.0, 0.0, 0.0]
        cumulative: [0.85, 0.88, 0.9, 0.91, 0.93, 0.96, 0.99, 1.0, 1.0, 1.0, 1.0]

XRP/USDT
    Comparing actual vs predicted signals

================================================================================
CLASSIFICATION PERFORMANCE ASSESSMENT (Tri-State)
================================================================================
--- Detailed Classification Report ---
              precision    recall  f1-score   support

         0.0      0.654     0.847     0.738      4355
         1.0      0.975     0.942     0.958     60725
         2.0      0.664     0.793     0.723      3982

    accuracy                          0.927     69062
   macro avg      0.764     0.861     0.806     69062
weighted avg      0.937     0.927     0.931     69062


--- Confusion Matrix ---
Rows = True, Columns = Predicted
             Sell     Hold      Buy
    Sell     3688      664        3
    Hold     1937    57196     1592
     Buy       14      811     3157

--- Qualitative Assessment of Key Metrics ---
Metric                    Score   Assessment                               Trading Context
-------------------------   -------   ----------------------------------------   ------------------------------
Precision (Sell)          0.654   Good. Reliable performance.              Avoid false sell signals (support: 4355.0)
Recall (Sell)             0.847   Excellent. Very strong performance.      Find all sell opportunities (support: 4355.0)
F1-Score (Sell)           0.738   Good. Reliable performance.              Balanced performance on Sell signal (support: 4355.0)
Precision (Hold)          0.975   Excellent. Very strong performance.      Correctly identify neutral periods (support: 60725.0)
Recall (Hold)             0.942   Excellent. Very strong performance.      Find all neutral periods (support: 60725.0)
F1-Score (Hold)           0.958   Excellent. Very strong performance.      Balanced performance on Hold signal (support: 60725.0)
Precision (Buy)           0.664   Good. Reliable performance.              Avoid false buy signals (support: 3982.0)
Recall (Buy)              0.793   Good. Reliable performance.              Find all buy opportunities (support: 3982.0)
F1-Score (Buy)            0.723   Good. Reliable performance.              Balanced performance on Buy signal (support: 3982.0)

--- Overall Performance Metrics ---

--- Qualitative Assessment of Key Metrics ---
Metric                    Score   Assessment                               Trading Context
-------------------------   -------   ----------------------------------------   ------------------------------
Macro Avg Precision       0.764   Good. Reliable performance.              Average precision across all classes
Macro Avg Recall          0.861   Excellent. Very strong performance.      Average recall across all classes
Macro Avg F1-Score        0.806   Excellent. Very strong performance.      Average F1-score across all classes
Weighted Avg Precision    0.937   Excellent. Very strong performance.      Support-weighted average precision
Weighted Avg Recall       0.927   Excellent. Very strong performance.      Support-weighted average recall
Weighted Avg F1-Score     0.931   Excellent. Very strong performance.      Support-weighted average F1-score
MCC                       0.707   Excellent. Strong positive correlation.  Correlation between prediction and reality
Cohen's Kappa             0.702   Substantial. Strong agreement.           Agreement better than random chance

--- Summary and Recommendation ---
🌟 GOOD PERFORMANCE: The model shows strong balance (Macro F1-Score 0.806, Weighted F1-Score 0.931) and reliable correlation (MCC 0.707). All classes performing reasonably well.
================================================================================
    Trading - Sell:
        min: 0.000 max: 0.828, mean: 0.094
        signals > 0.500: 5529 (8.0%)
        counts: [55925, 3333, 1634, 1180, 1461, 2901, 2231, 390, 7, 0, 0]
        percentages: [0.81, 0.05, 0.02, 0.02, 0.02, 0.04, 0.03, 0.01, 0.0, 0.0, 0.0]
        cumulative: [0.81, 0.86, 0.88, 0.9, 0.92, 0.96, 0.99, 1.0, 1.0, 1.0, 1.0]
    Trading - Hold:
        min: 0.141 max: 0.985, mean: 0.813
        signals > 0.500: 57987 (84.0%)
        counts: [0, 18, 815, 4339, 5903, 3254, 2477, 3013, 6856, 42387, 0]
        percentages: [0.0, 0.0, 0.01, 0.06, 0.09, 0.05, 0.04, 0.04, 0.1, 0.61, 0.0]
        cumulative: [0.0, 0.0, 0.01, 0.07, 0.16, 0.21, 0.24, 0.29, 0.39, 1.0, 1.0]
    Trading - Buy:
        min: 0.000 max: 0.858, mean: 0.093
        signals > 0.500: 5349 (7.7%)
        counts: [56493, 2986, 1374, 1212, 1648, 2864, 2057, 418, 10, 0, 0]
        percentages: [0.82, 0.04, 0.02, 0.02, 0.02, 0.04, 0.03, 0.01, 0.0, 0.0, 0.0]
        cumulative: [0.82, 0.86, 0.88, 0.9, 0.92, 0.96, 0.99, 1.0, 1.0, 1.0, 1.0]

SOL/USDT
    Comparing actual vs predicted signals

================================================================================
CLASSIFICATION PERFORMANCE ASSESSMENT (Tri-State)
================================================================================
--- Detailed Classification Report ---
              precision    recall  f1-score   support

         0.0      0.570     0.815     0.671      3870
         1.0      0.970     0.926     0.947     60988
         2.0      0.595     0.757     0.667      4204

    accuracy                          0.909     69062
   macro avg      0.712     0.833     0.762     69062
weighted avg      0.925     0.909     0.915     69062


--- Confusion Matrix ---
Rows = True, Columns = Predicted
             Sell     Hold      Buy
    Sell     3153      715        2
    Hold     2370    56455     2163
     Buy        6     1014     3184

--- Qualitative Assessment of Key Metrics ---
Metric                    Score   Assessment                               Trading Context
-------------------------   -------   ----------------------------------------   ------------------------------
Precision (Sell)          0.570   Okay. Acceptable, but needs improvement. Avoid false sell signals (support: 3870.0)
Recall (Sell)             0.815   Excellent. Very strong performance.      Find all sell opportunities (support: 3870.0)
F1-Score (Sell)           0.671   Good. Reliable performance.              Balanced performance on Sell signal (support: 3870.0)
Precision (Hold)          0.970   Excellent. Very strong performance.      Correctly identify neutral periods (support: 60988.0)
Recall (Hold)             0.926   Excellent. Very strong performance.      Find all neutral periods (support: 60988.0)
F1-Score (Hold)           0.947   Excellent. Very strong performance.      Balanced performance on Hold signal (support: 60988.0)
Precision (Buy)           0.595   Okay. Acceptable, but needs improvement. Avoid false buy signals (support: 4204.0)
Recall (Buy)              0.757   Good. Reliable performance.              Find all buy opportunities (support: 4204.0)
F1-Score (Buy)            0.667   Good. Reliable performance.              Balanced performance on Buy signal (support: 4204.0)

--- Overall Performance Metrics ---

--- Qualitative Assessment of Key Metrics ---
Metric                    Score   Assessment                               Trading Context
-------------------------   -------   ----------------------------------------   ------------------------------
Macro Avg Precision       0.712   Good. Reliable performance.              Average precision across all classes
Macro Avg Recall          0.833   Excellent. Very strong performance.      Average recall across all classes
Macro Avg F1-Score        0.762   Good. Reliable performance.              Average F1-score across all classes
Weighted Avg Precision    0.925   Excellent. Very strong performance.      Support-weighted average precision
Weighted Avg Recall       0.909   Excellent. Very strong performance.      Support-weighted average recall
Weighted Avg F1-Score     0.915   Excellent. Very strong performance.      Support-weighted average F1-score
MCC                       0.641   Excellent. Strong positive correlation.  Correlation between prediction and reality
Cohen's Kappa             0.632   Substantial. Strong agreement.           Agreement better than random chance

--- Summary and Recommendation ---
🌟 GOOD PERFORMANCE: The model shows strong balance (Macro F1-Score 0.762, Weighted F1-Score 0.915) and reliable correlation (MCC 0.641). All classes performing reasonably well.
================================================================================
    Trading - Sell:
        min: 0.000 max: 0.982, mean: 0.108
        signals > 0.500: 6664 (9.6%)
        counts: [54005, 3578, 1643, 1335, 1837, 3290, 2813, 542, 15, 4, 0]
        percentages: [0.78, 0.05, 0.02, 0.02, 0.03, 0.05, 0.04, 0.01, 0.0, 0.0, 0.0]
        cumulative: [0.78, 0.83, 0.86, 0.88, 0.9, 0.95, 0.99, 1.0, 1.0, 1.0, 1.0]
    Trading - Hold:
        min: 0.001 max: 0.985, mean: 0.790
        signals > 0.500: 56262 (81.5%)
        counts: [10, 41, 1207, 5131, 6411, 4003, 2792, 3144, 7331, 38992, 0]
        percentages: [0.0, 0.0, 0.02, 0.07, 0.09, 0.06, 0.04, 0.05, 0.11, 0.56, 0.0]
        cumulative: [0.0, 0.0, 0.02, 0.09, 0.19, 0.24, 0.28, 0.33, 0.44, 1.0, 1.0]
    Trading - Buy:
        min: 0.000 max: 0.999, mean: 0.102
        signals > 0.500: 5877 (8.5%)
        counts: [55228, 3151, 1462, 1359, 1985, 2939, 2257, 651, 24, 6, 0]
        percentages: [0.8, 0.05, 0.02, 0.02, 0.03, 0.04, 0.03, 0.01, 0.0, 0.0, 0.0]
        cumulative: [0.8, 0.85, 0.87, 0.89, 0.91, 0.96, 0.99, 1.0, 1.0, 1.0, 1.0]

LINK/USDT
    Comparing actual vs predicted signals

================================================================================
CLASSIFICATION PERFORMANCE ASSESSMENT (Tri-State)
================================================================================
--- Detailed Classification Report ---
              precision    recall  f1-score   support

         0.0      0.604     0.792     0.685      5081
         1.0      0.959     0.918     0.938     59086
         2.0      0.619     0.743     0.675      4895

    accuracy                          0.896     69062
   macro avg      0.727     0.817     0.766     69062
weighted avg      0.909     0.896     0.901     69062


--- Confusion Matrix ---
Rows = True, Columns = Predicted
             Sell     Hold      Buy
    Sell     4024     1054        3
    Hold     2629    54219     2238
     Buy       11     1248     3636

--- Qualitative Assessment of Key Metrics ---
Metric                    Score   Assessment                               Trading Context
-------------------------   -------   ----------------------------------------   ------------------------------
Precision (Sell)          0.604   Good. Reliable performance.              Avoid false sell signals (support: 5081.0)
Recall (Sell)             0.792   Good. Reliable performance.              Find all sell opportunities (support: 5081.0)
F1-Score (Sell)           0.685   Good. Reliable performance.              Balanced performance on Sell signal (support: 5081.0)
Precision (Hold)          0.959   Excellent. Very strong performance.      Correctly identify neutral periods (support: 59086.0)
Recall (Hold)             0.918   Excellent. Very strong performance.      Find all neutral periods (support: 59086.0)
F1-Score (Hold)           0.938   Excellent. Very strong performance.      Balanced performance on Hold signal (support: 59086.0)
Precision (Buy)           0.619   Good. Reliable performance.              Avoid false buy signals (support: 4895.0)
Recall (Buy)              0.743   Good. Reliable performance.              Find all buy opportunities (support: 4895.0)
F1-Score (Buy)            0.675   Good. Reliable performance.              Balanced performance on Buy signal (support: 4895.0)

--- Overall Performance Metrics ---

--- Qualitative Assessment of Key Metrics ---
Metric                    Score   Assessment                               Trading Context
-------------------------   -------   ----------------------------------------   ------------------------------
Macro Avg Precision       0.727   Good. Reliable performance.              Average precision across all classes
Macro Avg Recall          0.817   Excellent. Very strong performance.      Average recall across all classes
Macro Avg F1-Score        0.766   Good. Reliable performance.              Average F1-score across all classes
Weighted Avg Precision    0.909   Excellent. Very strong performance.      Support-weighted average precision
Weighted Avg Recall       0.896   Excellent. Very strong performance.      Support-weighted average recall
Weighted Avg F1-Score     0.901   Excellent. Very strong performance.      Support-weighted average F1-score
MCC                       0.643   Excellent. Strong positive correlation.  Correlation between prediction and reality
Cohen's Kappa             0.637   Substantial. Strong agreement.           Agreement better than random chance

--- Summary and Recommendation ---
🌟 GOOD PERFORMANCE: The model shows strong balance (Macro F1-Score 0.766, Weighted F1-Score 0.901) and reliable correlation (MCC 0.643). All classes performing reasonably well.
================================================================================
    Trading - Sell:
        min: 0.000 max: 0.995, mean: 0.160
        signals > 0.500: 9949 (14.4%)
        counts: [45514, 4239, 2388, 2337, 4635, 5907, 3323, 689, 15, 15, 0]
        percentages: [0.66, 0.06, 0.03, 0.03, 0.07, 0.09, 0.05, 0.01, 0.0, 0.0, 0.0]
        cumulative: [0.66, 0.72, 0.75, 0.79, 0.86, 0.94, 0.99, 1.0, 1.0, 1.0, 1.0]
    Trading - Hold:
        min: 0.005 max: 0.985, mean: 0.696
        signals > 0.500: 50925 (73.7%)
        counts: [20, 60, 1305, 5789, 10963, 10277, 5231, 4872, 7929, 22616, 0]
        percentages: [0.0, 0.0, 0.02, 0.08, 0.16, 0.15, 0.08, 0.07, 0.11, 0.33, 0.0]
        cumulative: [0.0, 0.0, 0.02, 0.1, 0.26, 0.41, 0.49, 0.56, 0.67, 1.0, 1.0]
    Trading - Buy:
        min: 0.000 max: 0.974, mean: 0.143
        signals > 0.500: 7704 (11.2%)
        counts: [47258, 3813, 2646, 2557, 5084, 4684, 2375, 596, 45, 4, 0]
        percentages: [0.68, 0.06, 0.04, 0.04, 0.07, 0.07, 0.03, 0.01, 0.0, 0.0, 0.0]
        cumulative: [0.68, 0.74, 0.78, 0.81, 0.89, 0.96, 0.99, 1.0, 1.0, 1.0, 1.0]

NEAR/USDT
    Comparing actual vs predicted signals

================================================================================
CLASSIFICATION PERFORMANCE ASSESSMENT (Tri-State)
================================================================================
--- Detailed Classification Report ---
              precision    recall  f1-score   support

         0.0      0.538     0.701     0.608      7632
         1.0      0.898     0.851     0.874     54251
         2.0      0.545     0.585     0.565      7179

    accuracy                          0.807     69062
   macro avg      0.660     0.712     0.682     69062
weighted avg      0.822     0.807     0.813     69062


--- Confusion Matrix ---
Rows = True, Columns = Predicted
             Sell     Hold      Buy
    Sell     5349     2277        6
    Hold     4572    46182     3497
     Buy       28     2950     4201

--- Qualitative Assessment of Key Metrics ---
Metric                    Score   Assessment                               Trading Context
-------------------------   -------   ----------------------------------------   ------------------------------
Precision (Sell)          0.538   Okay. Acceptable, but needs improvement. Avoid false sell signals (support: 7632.0)
Recall (Sell)             0.701   Good. Reliable performance.              Find all sell opportunities (support: 7632.0)
F1-Score (Sell)           0.608   Good. Reliable performance.              Balanced performance on Sell signal (support: 7632.0)
Precision (Hold)          0.898   Excellent. Very strong performance.      Correctly identify neutral periods (support: 54251.0)
Recall (Hold)             0.851   Excellent. Very strong performance.      Find all neutral periods (support: 54251.0)
F1-Score (Hold)           0.874   Excellent. Very strong performance.      Balanced performance on Hold signal (support: 54251.0)
Precision (Buy)           0.545   Okay. Acceptable, but needs improvement. Avoid false buy signals (support: 7179.0)
Recall (Buy)              0.585   Okay. Acceptable, but needs improvement. Find all buy opportunities (support: 7179.0)
F1-Score (Buy)            0.565   Okay. Acceptable, but needs improvement. Balanced performance on Buy signal (support: 7179.0)

--- Overall Performance Metrics ---

--- Qualitative Assessment of Key Metrics ---
Metric                    Score   Assessment                               Trading Context
-------------------------   -------   ----------------------------------------   ------------------------------
Macro Avg Precision       0.660   Good. Reliable performance.              Average precision across all classes
Macro Avg Recall          0.712   Good. Reliable performance.              Average recall across all classes
Macro Avg F1-Score        0.682   Good. Reliable performance.              Average F1-score across all classes
Weighted Avg Precision    0.822   Excellent. Very strong performance.      Support-weighted average precision
Weighted Avg Recall       0.807   Excellent. Very strong performance.      Support-weighted average recall
Weighted Avg F1-Score     0.813   Excellent. Very strong performance.      Support-weighted average F1-score
MCC                       0.505   Good. Reliable positive correlation.     Correlation between prediction and reality
Cohen's Kappa             0.502   Moderate. Meaningful agreement.          Agreement better than random chance

--- Summary and Recommendation ---
🌟 GOOD PERFORMANCE: The model shows strong balance (Macro F1-Score 0.682, Weighted F1-Score 0.813) and reliable correlation (MCC 0.505). All classes performing reasonably well.
================================================================================
    Trading - Sell:
        min: 0.000 max: 0.915, mean: 0.146
        signals > 0.500: 8327 (12.1%)
        counts: [47546, 4231, 2367, 2237, 4354, 4852, 2866, 590, 18, 1, 0]
        percentages: [0.69, 0.06, 0.03, 0.03, 0.06, 0.07, 0.04, 0.01, 0.0, 0.0, 0.0]
        cumulative: [0.69, 0.75, 0.78, 0.82, 0.88, 0.95, 0.99, 1.0, 1.0, 1.0, 1.0]
    Trading - Hold:
        min: 0.007 max: 0.985, mean: 0.727
        signals > 0.500: 54110 (78.3%)
        counts: [7, 54, 1162, 4879, 8850, 9431, 4921, 4605, 8418, 26735, 0]
        percentages: [0.0, 0.0, 0.02, 0.07, 0.13, 0.14, 0.07, 0.07, 0.12, 0.39, 0.0]
        cumulative: [0.0, 0.0, 0.02, 0.09, 0.22, 0.35, 0.42, 0.49, 0.61, 1.0, 1.0]
    Trading - Buy:
        min: 0.000 max: 0.993, mean: 0.128
        signals > 0.500: 6239 (9.0%)
        counts: [49699, 3852, 2313, 2418, 4541, 3716, 1923, 561, 33, 6, 0]
        percentages: [0.72, 0.06, 0.03, 0.04, 0.07, 0.05, 0.03, 0.01, 0.0, 0.0, 0.0]
        cumulative: [0.72, 0.78, 0.81, 0.84, 0.91, 0.96, 0.99, 1.0, 1.0, 1.0, 1.0]

AAVE/USDT
    Comparing actual vs predicted signals

================================================================================
CLASSIFICATION PERFORMANCE ASSESSMENT (Tri-State)
================================================================================
--- Detailed Classification Report ---
              precision    recall  f1-score   support

         0.0      0.544     0.683     0.606      6640
         1.0      0.916     0.884     0.900     56477
         2.0      0.557     0.585     0.570      5945

    accuracy                          0.839     69062
   macro avg      0.673     0.717     0.692     69062
weighted avg      0.850     0.839     0.843     69062


--- Confusion Matrix ---
Rows = True, Columns = Predicted
             Sell     Hold      Buy
    Sell     4532     2097       11
    Hold     3783    49941     2753
     Buy       12     2458     3475

--- Qualitative Assessment of Key Metrics ---
Metric                    Score   Assessment                               Trading Context
-------------------------   -------   ----------------------------------------   ------------------------------
Precision (Sell)          0.544   Okay. Acceptable, but needs improvement. Avoid false sell signals (support: 6640.0)
Recall (Sell)             0.683   Good. Reliable performance.              Find all sell opportunities (support: 6640.0)
F1-Score (Sell)           0.606   Good. Reliable performance.              Balanced performance on Sell signal (support: 6640.0)
Precision (Hold)          0.916   Excellent. Very strong performance.      Correctly identify neutral periods (support: 56477.0)
Recall (Hold)             0.884   Excellent. Very strong performance.      Find all neutral periods (support: 56477.0)
F1-Score (Hold)           0.900   Excellent. Very strong performance.      Balanced performance on Hold signal (support: 56477.0)
Precision (Buy)           0.557   Okay. Acceptable, but needs improvement. Avoid false buy signals (support: 5945.0)
Recall (Buy)              0.585   Okay. Acceptable, but needs improvement. Find all buy opportunities (support: 5945.0)
F1-Score (Buy)            0.570   Okay. Acceptable, but needs improvement. Balanced performance on Buy signal (support: 5945.0)

--- Overall Performance Metrics ---

--- Qualitative Assessment of Key Metrics ---
Metric                    Score   Assessment                               Trading Context
-------------------------   -------   ----------------------------------------   ------------------------------
Macro Avg Precision       0.673   Good. Reliable performance.              Average precision across all classes
Macro Avg Recall          0.717   Good. Reliable performance.              Average recall across all classes
Macro Avg F1-Score        0.692   Good. Reliable performance.              Average F1-score across all classes
Weighted Avg Precision    0.850   Excellent. Very strong performance.      Support-weighted average precision
Weighted Avg Recall       0.839   Excellent. Very strong performance.      Support-weighted average recall
Weighted Avg F1-Score     0.843   Excellent. Very strong performance.      Support-weighted average F1-score
MCC                       0.522   Good. Reliable positive correlation.     Correlation between prediction and reality
Cohen's Kappa             0.520   Moderate. Meaningful agreement.          Agreement better than random chance

--- Summary and Recommendation ---
🌟 GOOD PERFORMANCE: The model shows strong balance (Macro F1-Score 0.692, Weighted F1-Score 0.843) and reliable correlation (MCC 0.522). All classes performing reasonably well.
================================================================================
    Trading - Sell:
        min: 0.000 max: 0.969, mean: 0.149
        signals > 0.500: 7939 (11.5%)
        counts: [48232, 3168, 1952, 1902, 5959, 4705, 2214, 886, 133, 1, 0]
        percentages: [0.7, 0.05, 0.03, 0.03, 0.09, 0.07, 0.03, 0.01, 0.0, 0.0, 0.0]
        cumulative: [0.7, 0.74, 0.77, 0.8, 0.89, 0.95, 0.99, 1.0, 1.0, 1.0, 1.0]
    Trading - Hold:
        min: 0.026 max: 0.986, mean: 0.717
        signals > 0.500: 54855 (79.3%)
        counts: [1, 221, 1582, 3946, 8547, 13006, 4568, 3679, 6042, 27560, 0]
        percentages: [0.0, 0.0, 0.02, 0.06, 0.12, 0.19, 0.07, 0.05, 0.09, 0.4, 0.0]
        cumulative: [0.0, 0.0, 0.03, 0.08, 0.21, 0.39, 0.46, 0.51, 0.6, 1.0, 1.0]
    Trading - Buy:
        min: 0.000 max: 0.885, mean: 0.134
        signals > 0.500: 5850 (8.5%)
        counts: [49560, 2892, 1965, 2449, 6436, 3466, 1625, 676, 83, 0, 0]
        percentages: [0.72, 0.04, 0.03, 0.04, 0.09, 0.05, 0.02, 0.01, 0.0, 0.0, 0.0]
        cumulative: [0.72, 0.76, 0.79, 0.82, 0.92, 0.97, 0.99, 1.0, 1.0, 1.0, 1.0]

DASH/USDT
    Comparing actual vs predicted signals

================================================================================
CLASSIFICATION PERFORMANCE ASSESSMENT (Tri-State)
================================================================================
--- Detailed Classification Report ---
              precision    recall  f1-score   support

         0.0      0.502     0.645     0.565      6180
         1.0      0.918     0.877     0.897     57983
         2.0      0.445     0.522     0.481      4989

    accuracy                          0.831     69152
   macro avg      0.622     0.681     0.648     69152
weighted avg      0.847     0.831     0.837     69152


--- Confusion Matrix ---
Rows = True, Columns = Predicted
             Sell     Hold      Buy
    Sell     3988     2172       20
    Hold     3917    50842     3224
     Buy       34     2349     2606

--- Qualitative Assessment of Key Metrics ---
Metric                    Score   Assessment                               Trading Context
-------------------------   -------   ----------------------------------------   ------------------------------
Precision (Sell)          0.502   Okay. Acceptable, but needs improvement. Avoid false sell signals (support: 6180.0)
Recall (Sell)             0.645   Good. Reliable performance.              Find all sell opportunities (support: 6180.0)
F1-Score (Sell)           0.565   Okay. Acceptable, but needs improvement. Balanced performance on Sell signal (support: 6180.0)
Precision (Hold)          0.918   Excellent. Very strong performance.      Correctly identify neutral periods (support: 57983.0)
Recall (Hold)             0.877   Excellent. Very strong performance.      Find all neutral periods (support: 57983.0)
F1-Score (Hold)           0.897   Excellent. Very strong performance.      Balanced performance on Hold signal (support: 57983.0)
Precision (Buy)           0.445   Okay. Acceptable, but needs improvement. Avoid false buy signals (support: 4989.0)
Recall (Buy)              0.522   Okay. Acceptable, but needs improvement. Find all buy opportunities (support: 4989.0)
F1-Score (Buy)            0.481   Okay. Acceptable, but needs improvement. Balanced performance on Buy signal (support: 4989.0)

--- Overall Performance Metrics ---

--- Qualitative Assessment of Key Metrics ---
Metric                    Score   Assessment                               Trading Context
-------------------------   -------   ----------------------------------------   ------------------------------
Macro Avg Precision       0.622   Good. Reliable performance.              Average precision across all classes
Macro Avg Recall          0.681   Good. Reliable performance.              Average recall across all classes
Macro Avg F1-Score        0.648   Good. Reliable performance.              Average F1-score across all classes
Weighted Avg Precision    0.847   Excellent. Very strong performance.      Support-weighted average precision
Weighted Avg Recall       0.831   Excellent. Very strong performance.      Support-weighted average recall
Weighted Avg F1-Score     0.837   Excellent. Very strong performance.      Support-weighted average F1-score
MCC                       0.461   Good. Reliable positive correlation.     Correlation between prediction and reality
Cohen's Kappa             0.458   Moderate. Meaningful agreement.          Agreement better than random chance

--- Summary and Recommendation ---
🌟 GOOD PERFORMANCE: The model shows strong balance (Macro F1-Score 0.648, Weighted F1-Score 0.837) and reliable correlation (MCC 0.461). All classes performing reasonably well.
================================================================================
    Trading - Sell:
        min: 0.000 max: 0.992, mean: 0.151
        signals > 0.500: 10618 (15.4%)
        counts: [48026, 4081, 2080, 1734, 2613, 4883, 4580, 1121, 25, 9, 0]
        percentages: [0.69, 0.06, 0.03, 0.03, 0.04, 0.07, 0.07, 0.02, 0.0, 0.0, 0.0]
        cumulative: [0.69, 0.75, 0.78, 0.81, 0.85, 0.92, 0.98, 1.0, 1.0, 1.0, 1.0]
    Trading - Hold:
        min: 0.001 max: 0.985, mean: 0.706
        signals > 0.500: 48901 (70.7%)
        counts: [31, 86, 2240, 8313, 9581, 6267, 3959, 4264, 8232, 26179, 0]
        percentages: [0.0, 0.0, 0.03, 0.12, 0.14, 0.09, 0.06, 0.06, 0.12, 0.38, 0.0]
        cumulative: [0.0, 0.0, 0.03, 0.15, 0.29, 0.38, 0.44, 0.5, 0.62, 1.0, 1.0]
    Trading - Buy:
        min: 0.000 max: 0.998, mean: 0.144
        signals > 0.500: 9215 (13.3%)
        counts: [48430, 3993, 2276, 2054, 3184, 4427, 3625, 1081, 60, 22, 0]
        percentages: [0.7, 0.06, 0.03, 0.03, 0.05, 0.06, 0.05, 0.02, 0.0, 0.0, 0.0]
        cumulative: [0.7, 0.76, 0.79, 0.82, 0.87, 0.93, 0.98, 1.0, 1.0, 1.0, 1.0]

SUI/USDT
    Comparing actual vs predicted signals

================================================================================
CLASSIFICATION PERFORMANCE ASSESSMENT (Tri-State)
================================================================================
--- Detailed Classification Report ---
              precision    recall  f1-score   support

         0.0      0.622     0.799     0.700      8272
         1.0      0.922     0.858     0.889     53008
         2.0      0.615     0.720     0.664      7872

    accuracy                          0.835     69152
   macro avg      0.720     0.792     0.751     69152
weighted avg      0.851     0.835     0.841     69152


--- Confusion Matrix ---
Rows = True, Columns = Predicted
             Sell     Hold      Buy
    Sell     6607     1654       11
    Hold     3988    45487     3533
     Buy       23     2178     5671

--- Qualitative Assessment of Key Metrics ---
Metric                    Score   Assessment                               Trading Context
-------------------------   -------   ----------------------------------------   ------------------------------
Precision (Sell)          0.622   Good. Reliable performance.              Avoid false sell signals (support: 8272.0)
Recall (Sell)             0.799   Good. Reliable performance.              Find all sell opportunities (support: 8272.0)
F1-Score (Sell)           0.700   Good. Reliable performance.              Balanced performance on Sell signal (support: 8272.0)
Precision (Hold)          0.922   Excellent. Very strong performance.      Correctly identify neutral periods (support: 53008.0)
Recall (Hold)             0.858   Excellent. Very strong performance.      Find all neutral periods (support: 53008.0)
F1-Score (Hold)           0.889   Excellent. Very strong performance.      Balanced performance on Hold signal (support: 53008.0)
Precision (Buy)           0.615   Good. Reliable performance.              Avoid false buy signals (support: 7872.0)
Recall (Buy)              0.720   Good. Reliable performance.              Find all buy opportunities (support: 7872.0)
F1-Score (Buy)            0.664   Good. Reliable performance.              Balanced performance on Buy signal (support: 7872.0)

--- Overall Performance Metrics ---

--- Qualitative Assessment of Key Metrics ---
Metric                    Score   Assessment                               Trading Context
-------------------------   -------   ----------------------------------------   ------------------------------
Macro Avg Precision       0.720   Good. Reliable performance.              Average precision across all classes
Macro Avg Recall          0.792   Good. Reliable performance.              Average recall across all classes
Macro Avg F1-Score        0.751   Good. Reliable performance.              Average F1-score across all classes
Weighted Avg Precision    0.851   Excellent. Very strong performance.      Support-weighted average precision
Weighted Avg Recall       0.835   Excellent. Very strong performance.      Support-weighted average recall
Weighted Avg F1-Score     0.841   Excellent. Very strong performance.      Support-weighted average F1-score
MCC                       0.613   Excellent. Strong positive correlation.  Correlation between prediction and reality
Cohen's Kappa             0.608   Moderate. Meaningful agreement.          Agreement better than random chance

--- Summary and Recommendation ---
🌟 GOOD PERFORMANCE: The model shows strong balance (Macro F1-Score 0.751, Weighted F1-Score 0.841) and reliable correlation (MCC 0.613). All classes performing reasonably well.
================================================================================
    Trading - Sell:
        min: 0.000 max: 0.944, mean: 0.113
        signals > 0.500: 6876 (9.9%)
        counts: [52891, 3881, 1890, 1480, 2134, 3653, 2740, 475, 7, 1, 0]
        percentages: [0.76, 0.06, 0.03, 0.02, 0.03, 0.05, 0.04, 0.01, 0.0, 0.0, 0.0]
        cumulative: [0.76, 0.82, 0.85, 0.87, 0.9, 0.95, 0.99, 1.0, 1.0, 1.0, 1.0]
    Trading - Hold:
        min: 0.003 max: 0.985, mean: 0.780
        signals > 0.500: 56160 (81.2%)
        counts: [4, 42, 1082, 4976, 6888, 4874, 3327, 3710, 7983, 36266, 0]
        percentages: [0.0, 0.0, 0.02, 0.07, 0.1, 0.07, 0.05, 0.05, 0.12, 0.52, 0.0]
        cumulative: [0.0, 0.0, 0.02, 0.09, 0.19, 0.26, 0.31, 0.36, 0.48, 1.0, 1.0]
    Trading - Buy:
        min: 0.000 max: 0.995, mean: 0.107
        signals > 0.500: 5860 (8.5%)
        counts: [53865, 3439, 1781, 1699, 2508, 3059, 2171, 593, 34, 3, 0]
        percentages: [0.78, 0.05, 0.03, 0.02, 0.04, 0.04, 0.03, 0.01, 0.0, 0.0, 0.0]
        cumulative: [0.78, 0.83, 0.85, 0.88, 0.92, 0.96, 0.99, 1.0, 1.0, 1.0, 1.0]

AVAX/USDT
    Comparing actual vs predicted signals

================================================================================
CLASSIFICATION PERFORMANCE ASSESSMENT (Tri-State)
================================================================================
--- Detailed Classification Report ---
              precision    recall  f1-score   support

         0.0      0.581     0.778     0.665      5133
         1.0      0.953     0.915     0.934     58766
         2.0      0.637     0.710     0.672      5253

    accuracy                          0.889     69152
   macro avg      0.724     0.801     0.757     69152
weighted avg      0.901     0.889     0.894     69152


--- Confusion Matrix ---
Rows = True, Columns = Predicted
             Sell     Hold      Buy
    Sell     3994     1137        2
    Hold     2875    53765     2126
     Buy        7     1514     3732

--- Qualitative Assessment of Key Metrics ---
Metric                    Score   Assessment                               Trading Context
-------------------------   -------   ----------------------------------------   ------------------------------
Precision (Sell)          0.581   Okay. Acceptable, but needs improvement. Avoid false sell signals (support: 5133.0)
Recall (Sell)             0.778   Good. Reliable performance.              Find all sell opportunities (support: 5133.0)
F1-Score (Sell)           0.665   Good. Reliable performance.              Balanced performance on Sell signal (support: 5133.0)
Precision (Hold)          0.953   Excellent. Very strong performance.      Correctly identify neutral periods (support: 58766.0)
Recall (Hold)             0.915   Excellent. Very strong performance.      Find all neutral periods (support: 58766.0)
F1-Score (Hold)           0.934   Excellent. Very strong performance.      Balanced performance on Hold signal (support: 58766.0)
Precision (Buy)           0.637   Good. Reliable performance.              Avoid false buy signals (support: 5253.0)
Recall (Buy)              0.710   Good. Reliable performance.              Find all buy opportunities (support: 5253.0)
F1-Score (Buy)            0.672   Good. Reliable performance.              Balanced performance on Buy signal (support: 5253.0)

--- Overall Performance Metrics ---

--- Qualitative Assessment of Key Metrics ---
Metric                    Score   Assessment                               Trading Context
-------------------------   -------   ----------------------------------------   ------------------------------
Macro Avg Precision       0.724   Good. Reliable performance.              Average precision across all classes
Macro Avg Recall          0.801   Excellent. Very strong performance.      Average recall across all classes
Macro Avg F1-Score        0.757   Good. Reliable performance.              Average F1-score across all classes
Weighted Avg Precision    0.901   Excellent. Very strong performance.      Support-weighted average precision
Weighted Avg Recall       0.889   Excellent. Very strong performance.      Support-weighted average recall
Weighted Avg F1-Score     0.894   Excellent. Very strong performance.      Support-weighted average F1-score
MCC                       0.626   Excellent. Strong positive correlation.  Correlation between prediction and reality
Cohen's Kappa             0.622   Substantial. Strong agreement.           Agreement better than random chance

--- Summary and Recommendation ---
🌟 GOOD PERFORMANCE: The model shows strong balance (Macro F1-Score 0.757, Weighted F1-Score 0.894) and reliable correlation (MCC 0.626). All classes performing reasonably well.
================================================================================
    Trading - Sell:
        min: 0.000 max: 0.879, mean: 0.092
        signals > 0.500: 5219 (7.5%)
        counts: [56317, 3485, 1599, 1214, 1318, 2402, 2269, 533, 15, 0, 0]
        percentages: [0.81, 0.05, 0.02, 0.02, 0.02, 0.03, 0.03, 0.01, 0.0, 0.0, 0.0]
        cumulative: [0.81, 0.86, 0.89, 0.91, 0.92, 0.96, 0.99, 1.0, 1.0, 1.0, 1.0]
    Trading - Hold:
        min: 0.002 max: 0.985, mean: 0.817
        signals > 0.500: 58852 (85.1%)
        counts: [11, 70, 1089, 4276, 4854, 3244, 2576, 3031, 6904, 43097, 0]
        percentages: [0.0, 0.0, 0.02, 0.06, 0.07, 0.05, 0.04, 0.04, 0.1, 0.62, 0.0]
        cumulative: [0.0, 0.0, 0.02, 0.08, 0.15, 0.2, 0.23, 0.28, 0.38, 1.0, 1.0]
    Trading - Buy:
        min: 0.000 max: 0.998, mean: 0.091
        signals > 0.500: 4876 (7.1%)
        counts: [57035, 2848, 1439, 1250, 1704, 2337, 1938, 537, 54, 10, 0]
        percentages: [0.82, 0.04, 0.02, 0.02, 0.02, 0.03, 0.03, 0.01, 0.0, 0.0, 0.0]
        cumulative: [0.82, 0.87, 0.89, 0.9, 0.93, 0.96, 0.99, 1.0, 1.0, 1.0, 1.0]

LTC/USDT
    Comparing actual vs predicted signals

================================================================================
CLASSIFICATION PERFORMANCE ASSESSMENT (Tri-State)
================================================================================
--- Detailed Classification Report ---
              precision    recall  f1-score   support

         0.0      0.631     0.780     0.698      4221
         1.0      0.966     0.941     0.954     60630
         2.0      0.662     0.751     0.704      4301

    accuracy                          0.920     69152
   macro avg      0.753     0.824     0.785     69152
weighted avg      0.927     0.920     0.923     69152


--- Confusion Matrix ---
Rows = True, Columns = Predicted
             Sell     Hold      Buy
    Sell     3294      920        7
    Hold     1919    57071     1640
     Buy        6     1066     3229

--- Qualitative Assessment of Key Metrics ---
Metric                    Score   Assessment                               Trading Context
-------------------------   -------   ----------------------------------------   ------------------------------
Precision (Sell)          0.631   Good. Reliable performance.              Avoid false sell signals (support: 4221.0)
Recall (Sell)             0.780   Good. Reliable performance.              Find all sell opportunities (support: 4221.0)
F1-Score (Sell)           0.698   Good. Reliable performance.              Balanced performance on Sell signal (support: 4221.0)
Precision (Hold)          0.966   Excellent. Very strong performance.      Correctly identify neutral periods (support: 60630.0)
Recall (Hold)             0.941   Excellent. Very strong performance.      Find all neutral periods (support: 60630.0)
F1-Score (Hold)           0.954   Excellent. Very strong performance.      Balanced performance on Hold signal (support: 60630.0)
Precision (Buy)           0.662   Good. Reliable performance.              Avoid false buy signals (support: 4301.0)
Recall (Buy)              0.751   Good. Reliable performance.              Find all buy opportunities (support: 4301.0)
F1-Score (Buy)            0.704   Good. Reliable performance.              Balanced performance on Buy signal (support: 4301.0)

--- Overall Performance Metrics ---

--- Qualitative Assessment of Key Metrics ---
Metric                    Score   Assessment                               Trading Context
-------------------------   -------   ----------------------------------------   ------------------------------
Macro Avg Precision       0.753   Good. Reliable performance.              Average precision across all classes
Macro Avg Recall          0.824   Excellent. Very strong performance.      Average recall across all classes
Macro Avg F1-Score        0.785   Good. Reliable performance.              Average F1-score across all classes
Weighted Avg Precision    0.927   Excellent. Very strong performance.      Support-weighted average precision
Weighted Avg Recall       0.920   Excellent. Very strong performance.      Support-weighted average recall
Weighted Avg F1-Score     0.923   Excellent. Very strong performance.      Support-weighted average F1-score
MCC                       0.671   Excellent. Strong positive correlation.  Correlation between prediction and reality
Cohen's Kappa             0.668   Substantial. Strong agreement.           Agreement better than random chance

--- Summary and Recommendation ---
🌟 GOOD PERFORMANCE: The model shows strong balance (Macro F1-Score 0.785, Weighted F1-Score 0.923) and reliable correlation (MCC 0.671). All classes performing reasonably well.
================================================================================
    Trading - Sell:
        min: 0.000 max: 0.996, mean: 0.116
        signals > 0.500: 6544 (9.5%)
        counts: [52016, 4107, 2086, 1760, 2639, 4081, 2059, 385, 12, 7, 0]
        percentages: [0.75, 0.06, 0.03, 0.03, 0.04, 0.06, 0.03, 0.01, 0.0, 0.0, 0.0]
        cumulative: [0.75, 0.81, 0.84, 0.87, 0.91, 0.96, 0.99, 1.0, 1.0, 1.0, 1.0]
    Trading - Hold:
        min: 0.002 max: 0.986, mean: 0.781
        signals > 0.500: 57367 (83.0%)
        counts: [14, 42, 710, 3547, 7472, 6084, 3866, 4083, 7935, 35399, 0]
        percentages: [0.0, 0.0, 0.01, 0.05, 0.11, 0.09, 0.06, 0.06, 0.11, 0.51, 0.0]
        cumulative: [0.0, 0.0, 0.01, 0.06, 0.17, 0.26, 0.31, 0.37, 0.49, 1.0, 1.0]
    Trading - Buy:
        min: 0.000 max: 0.993, mean: 0.103
        signals > 0.500: 4901 (7.1%)
        counts: [53813, 3544, 2045, 1815, 3034, 3119, 1432, 315, 29, 6, 0]
        percentages: [0.78, 0.05, 0.03, 0.03, 0.04, 0.05, 0.02, 0.0, 0.0, 0.0, 0.0]
        cumulative: [0.78, 0.83, 0.86, 0.89, 0.93, 0.97, 0.99, 1.0, 1.0, 1.0, 1.0]

BCH/USDT
    Comparing actual vs predicted signals

================================================================================
CLASSIFICATION PERFORMANCE ASSESSMENT (Tri-State)
================================================================================
--- Detailed Classification Report ---
              precision    recall  f1-score   support

         0.0      0.549     0.687     0.610      5225
         1.0      0.936     0.912     0.924     59185
         2.0      0.540     0.558     0.549      4742

    accuracy                          0.871     69152
   macro avg      0.675     0.719     0.694     69152
weighted avg      0.879     0.871     0.875     69152


--- Confusion Matrix ---
Rows = True, Columns = Predicted
             Sell     Hold      Buy
    Sell     3592     1621       12
    Hold     2935    54006     2244
     Buy       17     2080     2645

--- Qualitative Assessment of Key Metrics ---
Metric                    Score   Assessment                               Trading Context
-------------------------   -------   ----------------------------------------   ------------------------------
Precision (Sell)          0.549   Okay. Acceptable, but needs improvement. Avoid false sell signals (support: 5225.0)
Recall (Sell)             0.687   Good. Reliable performance.              Find all sell opportunities (support: 5225.0)
F1-Score (Sell)           0.610   Good. Reliable performance.              Balanced performance on Sell signal (support: 5225.0)
Precision (Hold)          0.936   Excellent. Very strong performance.      Correctly identify neutral periods (support: 59185.0)
Recall (Hold)             0.912   Excellent. Very strong performance.      Find all neutral periods (support: 59185.0)
F1-Score (Hold)           0.924   Excellent. Very strong performance.      Balanced performance on Hold signal (support: 59185.0)
Precision (Buy)           0.540   Okay. Acceptable, but needs improvement. Avoid false buy signals (support: 4742.0)
Recall (Buy)              0.558   Okay. Acceptable, but needs improvement. Find all buy opportunities (support: 4742.0)
F1-Score (Buy)            0.549   Okay. Acceptable, but needs improvement. Balanced performance on Buy signal (support: 4742.0)

--- Overall Performance Metrics ---

--- Qualitative Assessment of Key Metrics ---
Metric                    Score   Assessment                               Trading Context
-------------------------   -------   ----------------------------------------   ------------------------------
Macro Avg Precision       0.675   Good. Reliable performance.              Average precision across all classes
Macro Avg Recall          0.719   Good. Reliable performance.              Average recall across all classes
Macro Avg F1-Score        0.694   Good. Reliable performance.              Average F1-score across all classes
Weighted Avg Precision    0.879   Excellent. Very strong performance.      Support-weighted average precision
Weighted Avg Recall       0.871   Excellent. Very strong performance.      Support-weighted average recall
Weighted Avg F1-Score     0.875   Excellent. Very strong performance.      Support-weighted average F1-score
MCC                       0.531   Good. Reliable positive correlation.     Correlation between prediction and reality
Cohen's Kappa             0.529   Moderate. Meaningful agreement.          Agreement better than random chance

--- Summary and Recommendation ---
🌟 GOOD PERFORMANCE: The model shows strong balance (Macro F1-Score 0.694, Weighted F1-Score 0.875) and reliable correlation (MCC 0.531). All classes performing reasonably well.
================================================================================
    Trading - Sell:
        min: 0.000 max: 0.910, mean: 0.115
        signals > 0.500: 6475 (9.4%)
        counts: [52141, 4173, 2070, 1697, 2596, 3522, 2469, 468, 14, 2, 0]
        percentages: [0.75, 0.06, 0.03, 0.02, 0.04, 0.05, 0.04, 0.01, 0.0, 0.0, 0.0]
        cumulative: [0.75, 0.81, 0.84, 0.87, 0.91, 0.96, 0.99, 1.0, 1.0, 1.0, 1.0]
    Trading - Hold:
        min: 0.014 max: 0.986, mean: 0.775
        signals > 0.500: 56844 (82.2%)
        counts: [11, 56, 960, 4391, 6890, 5918, 3792, 4119, 8512, 34503, 0]
        percentages: [0.0, 0.0, 0.01, 0.06, 0.1, 0.09, 0.05, 0.06, 0.12, 0.5, 0.0]
        cumulative: [0.0, 0.0, 0.01, 0.08, 0.18, 0.26, 0.32, 0.38, 0.5, 1.0, 1.0]
    Trading - Buy:
        min: 0.000 max: 0.985, mean: 0.109
        signals > 0.500: 5562 (8.0%)
        counts: [52901, 3799, 2042, 1899, 2949, 3185, 1855, 473, 40, 9, 0]
        percentages: [0.76, 0.05, 0.03, 0.03, 0.04, 0.05, 0.03, 0.01, 0.0, 0.0, 0.0]
        cumulative: [0.76, 0.82, 0.85, 0.88, 0.92, 0.97, 0.99, 1.0, 1.0, 1.0, 1.0]

DOT/USDT
    Comparing actual vs predicted signals

================================================================================
CLASSIFICATION PERFORMANCE ASSESSMENT (Tri-State)
================================================================================
--- Detailed Classification Report ---
              precision    recall  f1-score   support

         0.0      0.559     0.714     0.627      5066
         1.0      0.940     0.912     0.926     58812
         2.0      0.586     0.618     0.601      5274

    accuracy                          0.875     69152
   macro avg      0.695     0.748     0.718     69152
weighted avg      0.885     0.875     0.879     69152


--- Confusion Matrix ---
Rows = True, Columns = Predicted
             Sell     Hold      Buy
    Sell     3618     1442        6
    Hold     2850    53663     2299
     Buy        7     2010     3257

--- Qualitative Assessment of Key Metrics ---
Metric                    Score   Assessment                               Trading Context
-------------------------   -------   ----------------------------------------   ------------------------------
Precision (Sell)          0.559   Okay. Acceptable, but needs improvement. Avoid false sell signals (support: 5066.0)
Recall (Sell)             0.714   Good. Reliable performance.              Find all sell opportunities (support: 5066.0)
F1-Score (Sell)           0.627   Good. Reliable performance.              Balanced performance on Sell signal (support: 5066.0)
Precision (Hold)          0.940   Excellent. Very strong performance.      Correctly identify neutral periods (support: 58812.0)
Recall (Hold)             0.912   Excellent. Very strong performance.      Find all neutral periods (support: 58812.0)
F1-Score (Hold)           0.926   Excellent. Very strong performance.      Balanced performance on Hold signal (support: 58812.0)
Precision (Buy)           0.586   Okay. Acceptable, but needs improvement. Avoid false buy signals (support: 5274.0)
Recall (Buy)              0.618   Good. Reliable performance.              Find all buy opportunities (support: 5274.0)
F1-Score (Buy)            0.601   Good. Reliable performance.              Balanced performance on Buy signal (support: 5274.0)

--- Overall Performance Metrics ---

--- Qualitative Assessment of Key Metrics ---
Metric                    Score   Assessment                               Trading Context
-------------------------   -------   ----------------------------------------   ------------------------------
Macro Avg Precision       0.695   Good. Reliable performance.              Average precision across all classes
Macro Avg Recall          0.748   Good. Reliable performance.              Average recall across all classes
Macro Avg F1-Score        0.718   Good. Reliable performance.              Average F1-score across all classes
Weighted Avg Precision    0.885   Excellent. Very strong performance.      Support-weighted average precision
Weighted Avg Recall       0.875   Excellent. Very strong performance.      Support-weighted average recall
Weighted Avg F1-Score     0.879   Excellent. Very strong performance.      Support-weighted average F1-score
MCC                       0.564   Good. Reliable positive correlation.     Correlation between prediction and reality
Cohen's Kappa             0.562   Moderate. Meaningful agreement.          Agreement better than random chance

--- Summary and Recommendation ---
🌟 GOOD PERFORMANCE: The model shows strong balance (Macro F1-Score 0.718, Weighted F1-Score 0.879) and reliable correlation (MCC 0.564). All classes performing reasonably well.
================================================================================
    Trading - Sell:
        min: 0.000 max: 0.962, mean: 0.147
        signals > 0.500: 7431 (10.7%)
        counts: [47802, 3351, 2018, 2008, 6542, 5604, 1537, 268, 20, 2, 0]
        percentages: [0.69, 0.05, 0.03, 0.03, 0.09, 0.08, 0.02, 0.0, 0.0, 0.0, 0.0]
        cumulative: [0.69, 0.74, 0.77, 0.8, 0.89, 0.97, 1.0, 1.0, 1.0, 1.0, 1.0]
    Trading - Hold:
        min: 0.038 max: 0.984, mean: 0.727
        signals > 0.500: 56620 (81.9%)
        counts: [14, 18, 519, 2640, 9341, 14256, 4803, 3719, 6110, 27732, 0]
        percentages: [0.0, 0.0, 0.01, 0.04, 0.14, 0.21, 0.07, 0.05, 0.09, 0.4, 0.0]
        cumulative: [0.0, 0.0, 0.01, 0.05, 0.18, 0.39, 0.46, 0.51, 0.6, 1.0, 1.0]
    Trading - Buy:
        min: 0.000 max: 0.855, mean: 0.126
        signals > 0.500: 4631 (6.7%)
        counts: [50174, 2819, 1951, 2477, 7100, 3351, 1045, 228, 7, 0, 0]
        percentages: [0.73, 0.04, 0.03, 0.04, 0.1, 0.05, 0.02, 0.0, 0.0, 0.0, 0.0]
        cumulative: [0.73, 0.77, 0.79, 0.83, 0.93, 0.98, 1.0, 1.0, 1.0, 1.0, 1.0]

NEO/USDT
    Comparing actual vs predicted signals

================================================================================
CLASSIFICATION PERFORMANCE ASSESSMENT (Tri-State)
================================================================================
--- Detailed Classification Report ---
              precision    recall  f1-score   support

         0.0      0.415     0.580     0.484      5318
         1.0      0.914     0.880     0.897     59289
         2.0      0.403     0.411     0.407      4545

    accuracy                          0.826     69152
   macro avg      0.578     0.624     0.596     69152
weighted avg      0.842     0.826     0.833     69152


--- Confusion Matrix ---
Rows = True, Columns = Predicted
             Sell     Hold      Buy
    Sell     3084     2226        8
    Hold     4333    52200     2756
     Buy       14     2664     1867

--- Qualitative Assessment of Key Metrics ---
Metric                    Score   Assessment                               Trading Context
-------------------------   -------   ----------------------------------------   ------------------------------
Precision (Sell)          0.415   Okay. Acceptable, but needs improvement. Avoid false sell signals (support: 5318.0)
Recall (Sell)             0.580   Okay. Acceptable, but needs improvement. Find all sell opportunities (support: 5318.0)
F1-Score (Sell)           0.484   Okay. Acceptable, but needs improvement. Balanced performance on Sell signal (support: 5318.0)
Precision (Hold)          0.914   Excellent. Very strong performance.      Correctly identify neutral periods (support: 59289.0)2026-05-29 12:51:05,304 - freqtrade.misc - INFO - dumping json to "/Users/philprice95/projects/freqtrade/user_data/backtest_results/backtest-result-2026-05-29_12-51-05.meta.json"

Recall (Hold)             0.880   Excellent. Very strong performance.      Find all neutral periods (support: 59289.0)
F1-Score (Hold)           0.897   Excellent. Very strong performance.      Balanced performance on Hold signal (support: 59289.0)
Precision (Buy)           0.403   Okay. Acceptable, but needs improvement. Avoid false buy signals (support: 4545.0)
Recall (Buy)              0.411   Okay. Acceptable, but needs improvement. Find all buy opportunities (support: 4545.0)
F1-Score (Buy)            0.407   Okay. Acceptable, but needs improvement. Balanced performance on Buy signal (support: 4545.0)

--- Overall Performance Metrics ---

--- Qualitative Assessment of Key Metrics ---
Metric                    Score   Assessment                               Trading Context
-------------------------   -------   ----------------------------------------   ------------------------------
Macro Avg Precision       0.578   Okay. Acceptable, but needs improvement. Average precision across all classes
Macro Avg Recall          0.624   Good. Reliable performance.              Average recall across all classes
Macro Avg F1-Score        0.596   Okay. Acceptable, but needs improvement. Average F1-score across all classes
Weighted Avg Precision    0.842   Excellent. Very strong performance.      Support-weighted average precision
Weighted Avg Recall       0.826   Excellent. Very strong performance.      Support-weighted average recall
Weighted Avg F1-Score     0.833   Excellent. Very strong performance.      Support-weighted average F1-score
MCC                       0.382   Okay. Weak but meaningful correlation.   Correlation between prediction and reality
Cohen's Kappa             0.379   Fair. Weak agreement.                    Agreement better than random chance

--- Summary and Recommendation ---
⚠️ CONCERN: Buy class recall is only 0.411. The model is missing over 58% of available 'Buy' signals. **Priority: Improve Buy Recall and overall F1.**
================================================================================
Result for strategy NNNC_DDPM_MLX_LSTM
                                              BACKTESTING REPORT                                              
┏━━━━━━━━━━━┳━━━━━━━━┳━━━━━━━━━━━━━━┳━━━━━━━━━━━━━━━━━┳━━━━━━━━━━━━━━┳━━━━━━━━━━━━━━┳━━━━━━━━━━━━━━━━━━━━━━━━┓
┃      Pair ┃ Trades ┃ Avg Profit % ┃ Tot Profit USDT ┃ Tot Profit % ┃ Avg Duration ┃  Win  Draw  Loss  Win% ┃
┡━━━━━━━━━━━╇━━━━━━━━╇━━━━━━━━━━━━━━╇━━━━━━━━━━━━━━━━━╇━━━━━━━━━━━━━━╇━━━━━━━━━━━━━━╇━━━━━━━━━━━━━━━━━━━━━━━━┩
│  XRP/USDT │    204 │          0.3 │         545.370 │         5.45 │      3:52:00 │  122     0    82  59.8 │
│  SUI/USDT │    151 │         0.27 │         365.163 │         3.65 │      3:46:00 │   81     0    70  53.6 │
│ DASH/USDT │      6 │         3.98 │         215.060 │         2.15 │      1:25:00 │    6     0     0   100 │
│  ZEC/USDT │    111 │         0.17 │         170.842 │         1.71 │      2:52:00 │   56     0    55  50.5 │
│  DOT/USDT │     35 │          0.3 │          95.320 │         0.95 │      2:37:00 │   20     0    15  57.1 │
│  SOL/USDT │    183 │         0.06 │          92.350 │         0.92 │      5:04:00 │  101     0    82  55.2 │
│ LINK/USDT │     85 │         0.06 │          43.803 │         0.44 │      3:24:00 │   40     0    45  47.1 │
│  NEO/USDT │      2 │         -0.0 │          -0.086 │         -0.0 │      1:52:00 │    1     0     1  50.0 │
│  BCH/USDT │      5 │        -0.06 │          -2.706 │        -0.03 │      2:57:00 │    2     0     3  40.0 │
│ NEAR/USDT │     20 │        -0.27 │         -49.265 │        -0.49 │      2:13:00 │   12     0     8  60.0 │
│ AAVE/USDT │     18 │        -0.44 │         -71.090 │        -0.71 │      1:48:00 │   10     0     8  55.6 │
│  LTC/USDT │     80 │        -0.11 │         -77.731 │        -0.78 │      2:58:00 │   39     0    41  48.8 │
│ AVAX/USDT │     56 │        -0.42 │        -213.539 │        -2.14 │      2:18:00 │   25     0    31  44.6 │
│     TOTAL │    956 │         0.13 │        1113.491 │        11.13 │      3:37:00 │  515     0   441  53.9 │
└───────────┴────────┴──────────────┴─────────────────┴──────────────┴──────────────┴────────────────────────┘
                                         LEFT OPEN TRADES REPORT                                          
┏━━━━━━━┳━━━━━━━━┳━━━━━━━━━━━━━━┳━━━━━━━━━━━━━━━━━┳━━━━━━━━━━━━━━┳━━━━━━━━━━━━━━┳━━━━━━━━━━━━━━━━━━━━━━━━┓
┃  Pair ┃ Trades ┃ Avg Profit % ┃ Tot Profit USDT ┃ Tot Profit % ┃ Avg Duration ┃  Win  Draw  Loss  Win% ┃
┡━━━━━━━╇━━━━━━━━╇━━━━━━━━━━━━━━╇━━━━━━━━━━━━━━━━━╇━━━━━━━━━━━━━━╇━━━━━━━━━━━━━━╇━━━━━━━━━━━━━━━━━━━━━━━━┩
│ TOTAL │      0 │          0.0 │           0.000 │          0.0 │         0:00 │    0     0     0     0 │
└───────┴────────┴──────────────┴─────────────────┴──────────────┴──────────────┴────────────────────────┘
                                                 ENTER TAG STATS                                                  
┏━━━━━━━━━━━━━━┳━━━━━━━━━┳━━━━━━━━━━━━━━┳━━━━━━━━━━━━━━━━━┳━━━━━━━━━━━━━━┳━━━━━━━━━━━━━━┳━━━━━━━━━━━━━━━━━━━━━━━━┓
┃    Enter Tag ┃ Entries ┃ Avg Profit % ┃ Tot Profit USDT ┃ Tot Profit % ┃ Avg Duration ┃  Win  Draw  Loss  Win% ┃
┡━━━━━━━━━━━━━━╇━━━━━━━━━╇━━━━━━━━━━━━━━╇━━━━━━━━━━━━━━━━━╇━━━━━━━━━━━━━━╇━━━━━━━━━━━━━━╇━━━━━━━━━━━━━━━━━━━━━━━━┩
│  model_entry │     956 │         0.13 │        1113.491 │        11.13 │      3:37:00 │  515     0   441  53.9 │
│        TOTAL │     956 │         0.13 │        1113.491 │        11.13 │      3:37:00 │  515     0   441  53.9 │
└──────────────┴─────────┴──────────────┴─────────────────┴──────────────┴──────────────┴────────────────────────┘
                                                EXIT REASON STATS                                                
┏━━━━━━━━━━━━━┳━━━━━━━┳━━━━━━━━━━━━━━┳━━━━━━━━━━━━━━━━━┳━━━━━━━━━━━━━━┳━━━━━━━━━━━━━━━━┳━━━━━━━━━━━━━━━━━━━━━━━━┓
┃ Exit Reason ┃ Exits ┃ Avg Profit % ┃ Tot Profit USDT ┃ Tot Profit % ┃   Avg Duration ┃  Win  Draw  Loss  Win% ┃
┡━━━━━━━━━━━━━╇━━━━━━━╇━━━━━━━━━━━━━━╇━━━━━━━━━━━━━━━━━╇━━━━━━━━━━━━━━╇━━━━━━━━━━━━━━━━╇━━━━━━━━━━━━━━━━━━━━━━━━┩
│ take_profit │   366 │          2.9 │        9576.703 │        95.77 │        2:41:00 │  366     0     0   100 │
│         roi │    94 │          3.0 │        2540.165 │         25.4 │        3:06:00 │   94     0     0   100 │
│  model_exit │    24 │         1.82 │         393.923 │         3.94 │        7:18:00 │   24     0     0   100 │
│  unclog_12h │    30 │         0.91 │         246.229 │         2.46 │       13:28:00 │   30     0     0   100 │
│   unclog_1d │     1 │         0.15 │           1.359 │         0.01 │ 1 day, 2:45:00 │    1     0     0   100 │
│   stop_loss │   441 │        -2.93 │      -11644.888 │      -116.45 │        3:34:00 │    0     0   441     0 │
│       TOTAL │   956 │         0.13 │        1113.491 │        11.13 │        3:37:00 │  515     0   441  53.9 │
└─────────────┴───────┴──────────────┴─────────────────┴──────────────┴────────────────┴────────────────────────┘
                                                         MIXED TAG STATS                                                         
┏━━━━━━━━━━━━━━┳━━━━━━━━━━━━━┳━━━━━━━━┳━━━━━━━━━━━━━━┳━━━━━━━━━━━━━━━━━┳━━━━━━━━━━━━━━┳━━━━━━━━━━━━━━━━┳━━━━━━━━━━━━━━━━━━━━━━━━┓
┃    Enter Tag ┃ Exit Reason ┃ Trades ┃ Avg Profit % ┃ Tot Profit USDT ┃ Tot Profit % ┃   Avg Duration ┃  Win  Draw  Loss  Win% ┃
┡━━━━━━━━━━━━━━╇━━━━━━━━━━━━━╇━━━━━━━━╇━━━━━━━━━━━━━━╇━━━━━━━━━━━━━━━━━╇━━━━━━━━━━━━━━╇━━━━━━━━━━━━━━━━╇━━━━━━━━━━━━━━━━━━━━━━━━┩
│  model_entry │ take_profit │    366 │          2.9 │        9576.703 │        95.77 │        2:41:00 │  366     0     0   100 │
│  model_entry │         roi │     94 │          3.0 │        2540.165 │         25.4 │        3:06:00 │   94     0     0   100 │
│  model_entry │  model_exit │     24 │         1.82 │         393.923 │         3.94 │        7:18:00 │   24     0     0   100 │
│  model_entry │  unclog_12h │     30 │         0.91 │         246.229 │         2.46 │       13:28:00 │   30     0     0   100 │
│  model_entry │   unclog_1d │      1 │         0.15 │           1.359 │         0.01 │ 1 day, 2:45:00 │    1     0     0   100 │
│  model_entry │   stop_loss │    441 │        -2.93 │      -11644.888 │      -116.45 │        3:34:00 │    0     0   441     0 │
│        TOTAL │             │    956 │         0.13 │        1113.491 │        11.13 │        3:37:00 │  515     0   441  53.9 │
└──────────────┴─────────────┴────────┴──────────────┴─────────────────┴──────────────┴────────────────┴────────────────────────┘
                                 MONTH BREAKDOWN                                  
┏━━━━━━━━━━━━┳━━━━━━━━┳━━━━━━━━━━━━━━━━━┳━━━━━━━━━━━━━━━┳━━━━━━━━━━━━━━━━━━━━━━━━┓
┃      Month ┃ Trades ┃ Tot Profit USDT ┃ Profit Factor ┃  Win  Draw  Loss  Win% ┃
┡━━━━━━━━━━━━╇━━━━━━━━╇━━━━━━━━━━━━━━━━━╇━━━━━━━━━━━━━━━╇━━━━━━━━━━━━━━━━━━━━━━━━┩
│ 30/06/2024 │      8 │          37.114 │          1.57 │    5     0     3  62.5 │
│ 31/07/2024 │     14 │         -20.532 │          0.88 │    7     0     7  50.0 │
│ 31/08/2024 │     37 │        -161.522 │          0.76 │   16     0    21  43.2 │
│ 30/09/2024 │      7 │          57.135 │          2.41 │    5     0     2  71.4 │
│ 31/10/2024 │     24 │          19.889 │          1.07 │   14     0    10  58.3 │
│ 30/11/2024 │    101 │         676.976 │          1.79 │   66     0    35  65.3 │
│ 31/12/2024 │    175 │         226.033 │          1.11 │   96     0    79  54.9 │
│ 31/01/2025 │     84 │         521.614 │          1.78 │   54     0    30  64.3 │
│ 28/02/2025 │    106 │        -331.237 │          0.79 │   53     0    53  50.0 │
│ 31/03/2025 │     55 │        -112.796 │          0.85 │   25     0    30  45.5 │
│ 30/04/2025 │     27 │        -130.907 │          0.67 │   12     0    15  44.4 │
│ 31/05/2025 │     17 │         -51.929 │          0.74 │    8     0     9  47.1 │
│ 30/06/2025 │      4 │          76.944 │           0.0 │    4     0     0   100 │
│ 31/07/2025 │     29 │          23.288 │          1.08 │   16     0    13  55.2 │
│ 31/08/2025 │     25 │         -59.965 │          0.77 │   12     0    13  48.0 │
│ 30/09/2025 │      2 │          37.801 │           0.0 │    2     0     0   100 │
│ 31/10/2025 │     61 │         142.695 │          1.15 │   29     0    32  47.5 │
│ 30/11/2025 │     95 │         361.517 │          1.28 │   50     0    45  52.6 │
│ 31/12/2025 │     19 │         -91.478 │          0.68 │    9     0    10  47.4 │
│ 31/01/2026 │     15 │          56.936 │          1.34 │   10     0     5  66.7 │
│ 28/02/2026 │     32 │         -28.552 │          0.94 │   15     0    17  46.9 │
│ 31/03/2026 │      2 │         -14.536 │          0.27 │    1     0     1  50.0 │
│ 30/04/2026 │      2 │          -7.069 │          0.64 │    1     0     1  50.0 │
│ 31/05/2026 │     15 │        -113.928 │           0.5 │    5     0    10  33.3 │
└────────────┴────────┴─────────────────┴───────────────┴────────────────────────┘
                                   SUMMARY METRICS                                    
┏━━━━━━━━━━━━━━━━━━━━━━━━━━━━━━━━━━━━━━━━┳━━━━━━━━━━━━━━━━━━━━━━━━━━━━━━━━━━━━━━━━━━━┓
┃ Metric                                 ┃ Value                                     ┃
┡━━━━━━━━━━━━━━━━━━━━━━━━━━━━━━━━━━━━━━━━╇━━━━━━━━━━━━━━━━━━━━━━━━━━━━━━━━━━━━━━━━━━━┩
│ Backtesting from                       │ 2024-06-08 00:00:00                       │
│ Backtesting to                         │ 2026-05-28 15:45:00                       │
│ Trading Mode                           │ Spot                                      │
│ Max open trades                        │ 10                                        │
│                                        │                                           │
│ Total/Daily Avg Trades                 │ 956 / 1.33                                │
│ Starting balance                       │ 10000 USDT                                │
│ Final balance                          │ 11113.491 USDT                            │
│ Absolute profit                        │ 1113.491 USDT                             │
│ Total profit %                         │ 11.13%                                    │
│ CAGR %                                 │ 5.51%                                     │
│ Sharpe (closed trades)                 │ 1.03                                      │
│ Sortino (closed trades)                │ 2.23                                      │
│ Calmar (closed trades)                 │ 4.39                                      │
│ SQN                                    │ 1.25                                      │
│ Profit factor                          │ 1.10                                      │
│ Expectancy (Ratio)                     │ 1.16 (0.04)                               │
│ Avg. daily profit                      │ 1.549 USDT                                │
│ Avg. stake amount                      │ 899.878 USDT                              │
│ Market change                          │ 138.98%                                   │
│ Total trade volume                     │ 1725127.909 USDT                          │
│                                        │                                           │
│ Best Pair                              │ XRP/USDT 5.45%                            │
│ Worst Pair                             │ AVAX/USDT -2.14%                          │
│ Best trade                             │ XRP/USDT 15.25%                           │
│ Worst trade                            │ LTC/USDT -17.45%                          │
│ Best day                               │ 286.655 USDT                              │
│ Worst day                              │ -347.96 USDT                              │
│ Days win/draw/lose                     │ 160 / 444 / 110                           │
│ Min/Max/Avg. Duration Winners          │ 0d 01:00 / 1d 02:45 / 0d 03:39            │
│ Min/Max/Avg. Duration Losers           │ 0d 01:00 / 0d 21:30 / 0d 03:34            │
│ Max Consecutive Wins / Loss            │ 12 / 13                                   │
│ Rejected Entry signals                 │ 1                                         │
│ Entry/Exit Timeouts                    │ 0 / 0                                     │
│                                        │                                           │
│ Min/Max balance (closed trades)        │ 9529.555 USDT / 11433.297 USDT            │
│ Max % of account underwater            │ 6.74%                                     │
│ Absolute drawdown                      │ 770.711 USDT (6.74%)                      │
│ Drawdown duration                      │ 63 days 07:30:00                          │
│ Profit at drawdown start               │ 1433.297 USDT                             │
│ Profit at drawdown end                 │ 662.586 USDT                              │
│ Drawdown start                         │ 2025-02-03 00:00:00                       │
│ Drawdown end                           │ 2025-04-07 07:30:00                       │
│                                        │                                           │
│ Wallet based Metrics                   │                                           │
│ Min/Max balance (wallet balance)       │ 9499.547 USDT / 11467.701 USDT            │
│ Min/Max balance dates (wallet balance) │ 2024-08-05 06:45:00 / 2025-02-03 00:00:00 │
│ Max % of account underwater (balance)  │ 7.13%                                     │
│ Absolute drawdown (wallet balance)     │ 817.989 USDT (7.13%)                      │
│ Drawdown duration                      │ 63 days 07:00:00                          │
│ Profit at drawdown start               │ 1467.701 USDT                             │
│ Profit at drawdown end                 │ 649.712 USDT                              │
│ Drawdown start                         │ 2025-02-03 00:00:00                       │
│ Drawdown end                           │ 2025-04-07 07:00:00                       │
│ Sharpe (daily wallet balance)          │ 0.82                                      │
│ Sortino (daily wallet balance)         │ 0.59                                      │
│ Calmar (daily wallet balance)          │ 4.15                                      │
└────────────────────────────────────────┴───────────────────────────────────────────┘

Backtested 2024-06-08 00:00:00 -> 2026-05-28 15:45:00 | Max open trades : 10
                                                              STRATEGY SUMMARY                                                               
┏━━━━━━━━━━━━━━━━━━━━┳━━━━━━━━┳━━━━━━━━━━━━━━┳━━━━━━━━━━━━━━━━━┳━━━━━━━━━━━━━━┳━━━━━━━━━━━━━━┳━━━━━━━━━━━━━━━━━━━━━━━━┳━━━━━━━━━━━━━━━━━━━━━┓
┃           Strategy ┃ Trades ┃ Avg Profit % ┃ Tot Profit USDT ┃ Tot Profit % ┃ Avg Duration ┃  Win  Draw  Loss  Win% ┃            Drawdown ┃
┡━━━━━━━━━━━━━━━━━━━━╇━━━━━━━━╇━━━━━━━━━━━━━━╇━━━━━━━━━━━━━━━━━╇━━━━━━━━━━━━━━╇━━━━━━━━━━━━━━╇━━━━━━━━━━━━━━━━━━━━━━━━╇━━━━━━━━━━━━━━━━━━━━━┩
│ NNNC_DDPM_MLX_LSTM │    956 │         0.13 │        1113.491 │        11.13 │      3:37:00 │  515     0   441  53.9 │ 770.711 USDT  6.74% │
└────────────────────┴────────┴──────────────┴─────────────────┴──────────────┴──────────────┴────────────────────────┴─────────────────────┘

