2026-05-29 09:55:52,896 - freqtrade - INFO - freqtrade 2026.4-dev-63819fa7e
2026-05-29 09:55:53,490 - numexpr.utils - INFO - NumExpr defaulting to 14 threads.

Using config file: user_data/strategies/config/config.json and Strategy dir: user_data/strategies/NNNC

Fri May 29 09:55:54 PDT 2026
Testing strategy:NNNC_DDPM_MLX_LSTM for exchange:...
freqtrade backtesting --cache none  --breakdown month --timerange=20240608-20260529 -c user_data/strategies/config/config.json --strategy-path user_data/strategies/NNNC --strategy-list NNNC_DDPM_MLX_LSTM
2026-05-29 09:55:54,749 - freqtrade - INFO - freqtrade 2026.4-dev-63819fa7e
2026-05-29 09:55:54,916 - numexpr.utils - INFO - NumExpr defaulting to 14 threads.
2026-05-29 09:55:55,491 - freqtrade.configuration.load_config - INFO - Using config: user_data/strategies/config/config.json ...
2026-05-29 09:55:55,492 - freqtrade.loggers - INFO - Enabling colorized output.
2026-05-29 09:55:55,492 - freqtrade.loggers - INFO - Logfile configured
2026-05-29 09:55:55,492 - freqtrade.loggers - INFO - Verbosity set to 0
2026-05-29 09:55:55,492 - freqtrade.configuration.configuration - INFO - Using additional Strategy lookup path: user_data/strategies/NNNC
2026-05-29 09:55:55,492 - freqtrade.configuration.configuration - INFO - Using max_open_trades: 10 ...
2026-05-29 09:55:55,493 - freqtrade.configuration.configuration - INFO - Parameter --timerange detected: 20240608-20260529 ...
2026-05-29 09:55:55,493 - freqtrade.configuration.configuration - INFO - Using user-data directory: /Users/philprice95/Documents/freqtrade/user_data ...
2026-05-29 09:55:55,493 - freqtrade.configuration.configuration - INFO - Using data directory: /Users/philprice95/Documents/freqtrade/user_data/data/binanceus ...
2026-05-29 09:55:55,493 - freqtrade.configuration.configuration - INFO - Using strategy list of 1 strategies
2026-05-29 09:55:55,493 - freqtrade.configuration.configuration - INFO - Parameter --breakdown detected ...
2026-05-29 09:55:55,493 - freqtrade.configuration.configuration - INFO - Parameter --cache=none detected ...
2026-05-29 09:55:55,493 - freqtrade.configuration.configuration - INFO - Filter trades by timerange: 20240608-20260529
2026-05-29 09:55:55,494 - freqtrade.exchange.check_exchange - INFO - Checking exchange...
2026-05-29 09:55:55,500 - freqtrade.exchange.check_exchange - INFO - Exchange "binanceus" is officially supported by the Freqtrade development team.
2026-05-29 09:55:55,500 - freqtrade.configuration.configuration - INFO - Using pairlist from configuration.
2026-05-29 09:55:55,500 - freqtrade.configuration.config_validation - INFO - Validating configuration ...
2026-05-29 09:55:55,501 - freqtrade.commands.optimize_commands - INFO - Starting freqtrade in Backtesting mode
2026-05-29 09:55:55,501 - freqtrade.exchange.exchange - INFO - Instance is running with dry_run enabled
2026-05-29 09:55:55,501 - freqtrade.exchange.exchange - INFO - Using CCXT 4.5.50
2026-05-29 09:55:55,510 - freqtrade.exchange.exchange - INFO - Using Exchange "Binance US"
2026-05-29 09:55:55,891 - freqtrade.resolvers.exchange_resolver - INFO - Using resolved exchange 'Binanceus'...
/Users/philprice95/Documents/freqtrade/.venv/lib/python3.12/site-packages/_distutils_hack/__init__.py:15: UserWarning: Distutils was imported before Setuptools, but importing Setuptools also replaces the `distutils` module in `sys.modules`. This may lead to undesirable behaviors or errors. To avoid these issues, avoid using distutils directly, ensure that setuptools is installed in the traditional way (e.g. not an editable install), and/or make sure that setuptools is always imported before distutils.
  warnings.warn(
/Users/philprice95/Documents/freqtrade/.venv/lib/python3.12/site-packages/_distutils_hack/__init__.py:30: UserWarning: Setuptools is replacing distutils. Support for replacing an already imported distutils is deprecated. In the future, this condition will fail. Register concerns at https://github.com/pypa/setuptools/issues/new?template=distutils-deprecation.yml
  warnings.warn(
2026-05-29 09:55:58,537 - freqtrade.resolvers.iresolver - INFO - Using resolved strategy NNNC_DDPM_MLX_LSTM from 
'/Users/philprice95/Documents/freqtrade/user_data/strategies/NNNC/NNNC_DDPM_MLX_LSTM.py'...
2026-05-29 09:55:58,538 - freqtrade.strategy.hyper - INFO - Found no parameter file.
2026-05-29 09:55:58,538 - freqtrade.resolvers.strategy_resolver - INFO - Override strategy 'timeframe' with value from the configuration: 15m.
2026-05-29 09:55:58,538 - freqtrade.resolvers.strategy_resolver - INFO - Override strategy 'order_types' with value from the configuration: {'entry': 'limit', 'exit': 'market', 'emergency_exit': 
'market', 'force_exit': 'market', 'force_entry': 'market', 'stoploss': 'market', 'stoploss_on_exchange': False, 'stoploss_price_type': 'last', 'stoploss_on_exchange_interval': 60, 
'stoploss_on_exchange_limit_ratio': 0.99}.
2026-05-29 09:55:58,538 - freqtrade.resolvers.strategy_resolver - INFO - Override strategy 'stake_currency' with value from the configuration: USDT.
2026-05-29 09:55:58,538 - freqtrade.resolvers.strategy_resolver - INFO - Override strategy 'stake_amount' with value from the configuration: 900.
2026-05-29 09:55:58,539 - freqtrade.resolvers.strategy_resolver - INFO - Override strategy 'unfilledtimeout' with value from the configuration: {'entry': 10, 'exit': 10, 'exit_timeout_count': 0, 
'unit': 'minutes'}.
2026-05-29 09:55:58,539 - freqtrade.resolvers.strategy_resolver - INFO - Override strategy 'max_open_trades' with value from the configuration: 10.
2026-05-29 09:55:58,539 - freqtrade.resolvers.strategy_resolver - INFO - Strategy using minimal_roi: {'0': 0.03}
2026-05-29 09:55:58,539 - freqtrade.resolvers.strategy_resolver - INFO - Strategy using timeframe: 15m
2026-05-29 09:55:58,539 - freqtrade.resolvers.strategy_resolver - INFO - Strategy using stoploss: -0.05
2026-05-29 09:55:58,539 - freqtrade.resolvers.strategy_resolver - INFO - Strategy using trailing_stop: False
2026-05-29 09:55:58,539 - freqtrade.resolvers.strategy_resolver - INFO - Strategy using trailing_stop_positive: 0.01
2026-05-29 09:55:58,539 - freqtrade.resolvers.strategy_resolver - INFO - Strategy using trailing_stop_positive_offset: 0.03
2026-05-29 09:55:58,539 - freqtrade.resolvers.strategy_resolver - INFO - Strategy using trailing_only_offset_is_reached: True
2026-05-29 09:55:58,539 - freqtrade.resolvers.strategy_resolver - INFO - Strategy using use_custom_stoploss: True
2026-05-29 09:55:58,539 - freqtrade.resolvers.strategy_resolver - INFO - Strategy using process_only_new_candles: True
2026-05-29 09:55:58,540 - freqtrade.resolvers.strategy_resolver - INFO - Strategy using order_types: {'entry': 'limit', 'exit': 'market', 'emergency_exit': 'market', 'force_exit': 'market', 
'force_entry': 'market', 'stoploss': 'market', 'stoploss_on_exchange': False, 'stoploss_price_type': 'last', 'stoploss_on_exchange_interval': 60, 'stoploss_on_exchange_limit_ratio': 0.99}
2026-05-29 09:55:58,540 - freqtrade.resolvers.strategy_resolver - INFO - Strategy using order_time_in_force: {'entry': 'GTC', 'exit': 'GTC'}
2026-05-29 09:55:58,540 - freqtrade.resolvers.strategy_resolver - INFO - Strategy using stake_currency: USDT
2026-05-29 09:55:58,540 - freqtrade.resolvers.strategy_resolver - INFO - Strategy using stake_amount: 900
2026-05-29 09:55:58,540 - freqtrade.resolvers.strategy_resolver - INFO - Strategy using startup_candle_count: 64
2026-05-29 09:55:58,540 - freqtrade.resolvers.strategy_resolver - INFO - Strategy using unfilledtimeout: {'entry': 10, 'exit': 10, 'exit_timeout_count': 0, 'unit': 'minutes'}
2026-05-29 09:55:58,540 - freqtrade.resolvers.strategy_resolver - INFO - Strategy using use_exit_signal: True
2026-05-29 09:55:58,540 - freqtrade.resolvers.strategy_resolver - INFO - Strategy using exit_profit_only: True
2026-05-29 09:55:58,540 - freqtrade.resolvers.strategy_resolver - INFO - Strategy using ignore_roi_if_entry_signal: True
2026-05-29 09:55:58,540 - freqtrade.resolvers.strategy_resolver - INFO - Strategy using exit_profit_offset: 0.0
2026-05-29 09:55:58,540 - freqtrade.resolvers.strategy_resolver - INFO - Strategy using disable_dataframe_checks: False
2026-05-29 09:55:58,540 - freqtrade.resolvers.strategy_resolver - INFO - Strategy using ignore_buying_expired_candle_after: 0
2026-05-29 09:55:58,541 - freqtrade.resolvers.strategy_resolver - INFO - Strategy using position_adjustment_enable: False
2026-05-29 09:55:58,541 - freqtrade.resolvers.strategy_resolver - INFO - Strategy using max_entry_position_adjustment: -1
2026-05-29 09:55:58,541 - freqtrade.resolvers.strategy_resolver - INFO - Strategy using max_open_trades: 10
2026-05-29 09:55:58,541 - freqtrade.configuration.config_validation - INFO - Validating configuration ...
2026-05-29 09:55:58,545 - freqtrade.resolvers.iresolver - INFO - Using resolved pairlist StaticPairList from '/Users/philprice95/Documents/freqtrade/freqtrade/plugins/pairlist/StaticPairList.py'...
2026-05-29 09:55:58,548 - freqtrade.optimize.backtesting - INFO - Using fee 0.1000% - worst case fee from exchange (lowest tier).
2026-05-29 09:55:58,648 - freqtrade.data.history.datahandlers.idatahandler - WARNING - ZEC/USDT, spot, 15m, data ends at 2026-05-27 17:15:00
2026-05-29 09:55:58,653 - freqtrade.data.history.datahandlers.idatahandler - INFO - Price jump in ZEC/USDT, 15m, spot between two candles of 33.14% detected.
2026-05-29 09:55:58,664 - freqtrade.data.history.datahandlers.idatahandler - WARNING - XRP/USDT, spot, 15m, data ends at 2026-05-27 17:15:00
2026-05-29 09:55:58,678 - freqtrade.data.history.datahandlers.idatahandler - WARNING - SOL/USDT, spot, 15m, data ends at 2026-05-27 17:15:00
2026-05-29 09:55:58,691 - freqtrade.data.history.datahandlers.idatahandler - WARNING - LINK/USDT, spot, 15m, data ends at 2026-05-27 17:15:00
2026-05-29 09:55:58,704 - freqtrade.data.history.datahandlers.idatahandler - WARNING - NEAR/USDT, spot, 15m, data ends at 2026-05-27 17:15:00
2026-05-29 09:55:58,717 - freqtrade.data.history.datahandlers.idatahandler - WARNING - AAVE/USDT, spot, 15m, data ends at 2026-05-27 17:15:00
2026-05-29 09:55:58,730 - freqtrade.data.history.datahandlers.idatahandler - WARNING - DASH/USDT, spot, 15m, data ends at 2026-05-28 15:45:00
2026-05-29 09:55:58,734 - freqtrade.data.history.datahandlers.idatahandler - INFO - Price jump in DASH/USDT, 15m, spot between two candles of 61.49% detected.
2026-05-29 09:55:58,743 - freqtrade.data.history.datahandlers.idatahandler - WARNING - SUI/USDT, spot, 15m, data ends at 2026-05-28 15:45:00
2026-05-29 09:55:58,757 - freqtrade.data.history.datahandlers.idatahandler - WARNING - AVAX/USDT, spot, 15m, data ends at 2026-05-28 15:45:00
2026-05-29 09:55:58,772 - freqtrade.data.history.datahandlers.idatahandler - WARNING - LTC/USDT, spot, 15m, data ends at 2026-05-28 15:45:00
2026-05-29 09:55:58,787 - freqtrade.data.history.datahandlers.idatahandler - WARNING - BCH/USDT, spot, 15m, data ends at 2026-05-28 15:45:00
2026-05-29 09:55:58,801 - freqtrade.data.history.datahandlers.idatahandler - WARNING - DOT/USDT, spot, 15m, data ends at 2026-05-28 15:45:00
2026-05-29 09:55:58,814 - freqtrade.data.history.datahandlers.idatahandler - WARNING - NEO/USDT, spot, 15m, data ends at 2026-05-28 15:45:00
2026-05-29 09:55:58,818 - freqtrade.data.history.datahandlers.idatahandler - INFO - Price jump in NEO/USDT, 15m, spot between two candles of 221.60% detected.
2026-05-29 09:55:58,827 - freqtrade.optimize.backtesting - INFO - Loading data from 2024-06-07 08:00:00 up to 2026-05-28 15:45:00 (720 days).
2026-05-29 09:56:01,454 - freqtrade.optimize.backtesting - INFO - Dataload complete. Calculating indicators
2026-05-29 09:56:01,455 - freqtrade.optimize.backtesting - INFO - Running backtesting for Strategy NNNC_DDPM_MLX_LSTM
2026-05-29 09:56:01,478 - freqtrade.strategy.hyper - INFO - Strategy Parameter: cexit_enable_profit_checks = True
2026-05-29 09:56:01,478 - freqtrade.strategy.hyper - INFO - Strategy Parameter: cexit_max_days = 5
2026-05-29 09:56:01,478 - freqtrade.strategy.hyper - INFO - Strategy Parameter: cexit_take_profit = 0.02
2026-05-29 09:56:01,478 - freqtrade.strategy.hyper - INFO - Strategy Parameter: enable_exit_signal = True
2026-05-29 09:56:01,478 - freqtrade.strategy.hyper - INFO - Strategy Parameter: exit_close_norm_threshold = 0.0
2026-05-29 09:56:01,478 - freqtrade.strategy.hyper - INFO - Strategy Parameter: exit_guard_threshold = 0.5
2026-05-29 09:56:01,479 - freqtrade.strategy.hyper - INFO - Strategy Parameter: entry_adx_threshold = 20.0
2026-05-29 09:56:01,479 - freqtrade.strategy.hyper - INFO - Strategy Parameter: entry_atr_pct = 0.006
2026-05-29 09:56:01,479 - freqtrade.strategy.hyper - INFO - Strategy Parameter: entry_bb_width_threshold = 0.014
2026-05-29 09:56:01,479 - freqtrade.strategy.hyper - INFO - Strategy Parameter: entry_close_norm_threshold = 0.0
2026-05-29 09:56:01,479 - freqtrade.strategy.hyper - INFO - Strategy Parameter: entry_enable_guards = True
2026-05-29 09:56:01,479 - freqtrade.strategy.hyper - INFO - Strategy Parameter: entry_guard_threshold = -0.5
2026-05-29 09:56:01,479 - freqtrade.strategy.hyper - INFO - Strategy Parameter: entry_rvol_threshold = 1.0
2026-05-29 09:56:01,479 - freqtrade.strategy.hyper - INFO - Strategy Parameter: prediction_threshold = 0.5

----------------------
NNNC_DDPM_MLX_LSTM
----------------------


Software Environment:

    freqtrade:  2026.4-dev-63819fa7e
    OS Type:    darwin (MacOS), Version: macOS-26.4.1-arm64-arm-64bit
    python:     ['3.12.13 (main, Mar  3 2026, 12:39:30) [Clang 21.0.0 (clang-2100.0.123.102)]']
    sklearn:    1.8.0
    tensorflow: 2.17.0, devices:[PhysicalDevice(name='/physical_device:CPU:0', device_type='CPU'), PhysicalDevice(name='/physical_device:GPU:0', device_type='GPU')]
    keras:      3.14.0
    pytorch:    (not installed)
    lightning:  (not installed)
    darts:      (not installed)


    Current Hyperopt Parameters:
      Buy Parameters:
        entry_adx_threshold: 20.0
        entry_atr_pct: 0.006
        entry_bb_width_threshold: 0.014
        entry_close_norm_threshold: 0.0
        entry_enable_guards: True
        entry_guard_threshold: -0.5
        entry_rvol_threshold: 1.0
        prediction_threshold: 0.5
        cexit_enable_profit_checks: True
        cexit_max_days: 2
        cexit_take_profit: 0.002
        profit_prediction_threshold: 0.3
        apply_task_filters: True

      Sell Parameters:
        cexit_enable_profit_checks: True
        cexit_max_days: 5
        cexit_take_profit: 0.02
        enable_exit_signal: True
        exit_close_norm_threshold: 0.0
        exit_guard_threshold: 0.5

Strategy Parameters/Flags

    refit_model:    False
    model_per_pair: False
    combine_models: False

    ZEC/USDT - adding indicators...
        Buy signals: found 4829 initial peaks, filtered to 4829 peaks with >=0.5% future gain
        Sell signals: found 5517 initial peaks, filtered to 5517 peaks with >=0.5% future loss
        Signal counts: buys=7092, sells=9463, conflicts=0
        Final trading_classes counts: buys=7092, sells=9463
        Trading distribution: [ 9463 52507  7092] [13.7%, 76.0%, 10.3%]
        %train_buy/%train_sell counts: buys=7092, sells=9463, holds=52507
    XRP/USDT - adding indicators...
        Buy signals: found 2379 initial peaks, filtered to 2379 peaks with >=0.5% future gain
        Sell signals: found 2415 initial peaks, filtered to 2415 peaks with >=0.5% future loss
        Signal counts: buys=3982, sells=4355, conflicts=0
        Final trading_classes counts: buys=3982, sells=4355
        Trading distribution: [ 4355 60725  3982] [6.3%, 87.9%, 5.8%]
        %train_buy/%train_sell counts: buys=3982, sells=4355, holds=60725
    SOL/USDT - adding indicators...
        Buy signals: found 2446 initial peaks, filtered to 2446 peaks with >=0.5% future gain
        Sell signals: found 2126 initial peaks, filtered to 2126 peaks with >=0.5% future loss
        Signal counts: buys=4204, sells=3870, conflicts=0
        Final trading_classes counts: buys=4204, sells=3870
        Trading distribution: [ 3870 60988  4204] [5.6%, 88.3%, 6.1%]
        %train_buy/%train_sell counts: buys=4204, sells=3870, holds=60988
    LINK/USDT - adding indicators...
        Buy signals: found 2923 initial peaks, filtered to 2923 peaks with >=0.5% future gain
        Sell signals: found 2800 initial peaks, filtered to 2800 peaks with >=0.5% future loss
        Signal counts: buys=4895, sells=5081, conflicts=0
        Final trading_classes counts: buys=4895, sells=5081
        Trading distribution: [ 5081 59086  4895] [7.4%, 85.6%, 7.1%]
        %train_buy/%train_sell counts: buys=4895, sells=5081, holds=59086
    NEAR/USDT - adding indicators...
        Buy signals: found 4662 initial peaks, filtered to 4662 peaks with >=0.5% future gain
        Sell signals: found 4417 initial peaks, filtered to 4414 peaks with >=0.5% future loss
        Signal counts: buys=7179, sells=7632, conflicts=0
        Final trading_classes counts: buys=7179, sells=7632
        Trading distribution: [ 7632 54251  7179] [11.1%, 78.6%, 10.4%]
        %train_buy/%train_sell counts: buys=7179, sells=7632, holds=54251
    AAVE/USDT - adding indicators...
        Buy signals: found 3786 initial peaks, filtered to 3786 peaks with >=0.5% future gain
        Sell signals: found 3808 initial peaks, filtered to 3808 peaks with >=0.5% future loss
        Signal counts: buys=5945, sells=6640, conflicts=0
        Final trading_classes counts: buys=5945, sells=6640
        Trading distribution: [ 6640 56477  5945] [9.6%, 81.8%, 8.6%]
        %train_buy/%train_sell counts: buys=5945, sells=6640, holds=56477
    DASH/USDT - adding indicators...
        Buy signals: found 3426 initial peaks, filtered to 3426 peaks with >=0.5% future gain
        Sell signals: found 3642 initial peaks, filtered to 3642 peaks with >=0.5% future loss
        Signal counts: buys=4989, sells=6180, conflicts=0
        Final trading_classes counts: buys=4989, sells=6180
        Trading distribution: [ 6180 57983  4989] [8.9%, 83.8%, 7.2%]
        %train_buy/%train_sell counts: buys=4989, sells=6180, holds=57983
    SUI/USDT - adding indicators...
        Buy signals: found 4959 initial peaks, filtered to 4959 peaks with >=0.5% future gain
        Sell signals: found 4712 initial peaks, filtered to 4712 peaks with >=0.5% future loss
        Signal counts: buys=7872, sells=8272, conflicts=0
        Final trading_classes counts: buys=7872, sells=8272
        Trading distribution: [ 8272 53008  7872] [12.0%, 76.7%, 11.4%]
        %train_buy/%train_sell counts: buys=7872, sells=8272, holds=53008
    AVAX/USDT - adding indicators...
        Buy signals: found 3181 initial peaks, filtered to 3181 peaks with >=0.5% future gain
        Sell signals: found 2835 initial peaks, filtered to 2835 peaks with >=0.5% future loss
        Signal counts: buys=5253, sells=5133, conflicts=0
        Final trading_classes counts: buys=5253, sells=5133
        Trading distribution: [ 5133 58766  5253] [7.4%, 85.0%, 7.6%]
        %train_buy/%train_sell counts: buys=5253, sells=5133, holds=58766
    LTC/USDT - adding indicators...
        Buy signals: found 2624 initial peaks, filtered to 2624 peaks with >=0.5% future gain
        Sell signals: found 2327 initial peaks, filtered to 2327 peaks with >=0.5% future loss
        Signal counts: buys=4301, sells=4221, conflicts=0
        Final trading_classes counts: buys=4301, sells=4221
        Trading distribution: [ 4221 60630  4301] [6.1%, 87.7%, 6.2%]
        %train_buy/%train_sell counts: buys=4301, sells=4221, holds=60630
    BCH/USDT - adding indicators...
        Buy signals: found 3033 initial peaks, filtered to 3033 peaks with >=0.5% future gain
        Sell signals: found 2883 initial peaks, filtered to 2883 peaks with >=0.5% future loss
        Signal counts: buys=4742, sells=5225, conflicts=0
        Final trading_classes counts: buys=4742, sells=5225
        Trading distribution: [ 5225 59185  4742] [7.6%, 85.6%, 6.9%]
        %train_buy/%train_sell counts: buys=4742, sells=5225, holds=59185
    DOT/USDT - adding indicators...
        Buy signals: found 3212 initial peaks, filtered to 3212 peaks with >=0.5% future gain
        Sell signals: found 2860 initial peaks, filtered to 2860 peaks with >=0.5% future loss
        Signal counts: buys=5274, sells=5066, conflicts=0
        Final trading_classes counts: buys=5274, sells=5066
        Trading distribution: [ 5066 58812  5274] [7.3%, 85.0%, 7.6%]
        %train_buy/%train_sell counts: buys=5274, sells=5066, holds=58812
    NEO/USDT - adding indicators...
        Buy signals: found 3090 initial peaks, filtered to 3090 peaks with >=0.5% future gain
        Sell signals: found 3046 initial peaks, filtered to 3046 peaks with >=0.5% future loss
        Signal counts: buys=4545, sells=5318, conflicts=0
        Final trading_classes counts: buys=4545, sells=5318
        Trading distribution: [ 5318 59289  4545] [7.7%, 85.7%, 6.6%]
        %train_buy/%train_sell counts: buys=4545, sells=5318, holds=59289
    Training model on 13 pairs
    Main scaler loaded from /Users/philprice95/Documents/freqtrade/user_data/strategies/saved_data/
    PCA data loaded: n_components=20
    Columns exceeding ±10 before clipping: [('bb_width', -1.0001307528502497, 18.387945839670714)]
    GAN scaler A loaded from /Users/philprice95/Documents/freqtrade/user_data/strategies/saved_data/
      columns: ['bb_width', 'atr_norm', 'rsi_scaled', 'mfi_scaled', 'guard_metric_pos', 'guard_metric_neg', 'gain_norm', 'macdhist_norm', 'ema_fast_norm', 'macd_pos', 'macd_neg', 'fastk_scaled', 'fast_diff', 'adx_scaled', 'aroonosc_scaled', 'bb_position', 'vwap_pos', 'vwap_neg', 'di_diff_scaled', 'sar_ratio', 'spread_ma', 'cci_scaled', 'fisher_ss', 'cg_ss']
    balance_single_task: class counts {0: 7531, 1: 42312, 2: 5391} (gan_type=TAB_DDPM)
    balance_single_task: per-class additions {0: 9393, 2: 11533}
      discriminator filter: kept 9393/18787 synth samples for class 0 (reject_pct=0.50)
      generated 9393 samples for class 0
      discriminator filter: kept 11533/23067 synth samples for class 2 (reject_pct=0.50)
      generated 11533 samples for class 2
    balance_single_task: rows 55234 -> 76160; counts {0: 7531, 1: 42312, 2: 5391} -> {0: 16924, 1: 42312, 2: 16924}
    === GAN fidelity diagnostic (real vs synthetic) ===
      real rows:      55234    synth rows:      20926    features: 24
      task        cls     N_real      N_syn    |Δμ|max    σ_syn/σ_real  flag
      ----------------------------------------------------------------------
      class         0       7531       9393      0.48σ   0.57/ 1.09  ok
      class         1      42312          0          -               -  no synth
      class         2       5391      11533      0.42σ   0.63/ 1.08  ok

      worst features per bucket (top 2 by severity):
        class==0:
          bb_width              real μ= -0.450 σ= 0.333    syn μ= -0.609 σ= 0.189    Δμ=-0.48σ  σ_ratio=0.57
          guard_metric_neg      real μ= +0.012 σ= 0.084    syn μ= +0.037 σ= 0.138    Δμ=+0.29σ  σ_ratio=1.66
          guard_metric_pos      real μ= +0.593 σ= 0.283    syn μ= +0.511 σ= 0.318    Δμ=-0.29σ  σ_ratio=1.12
        class==2:
          bb_width              real μ= -0.481 σ= 0.300    syn μ= -0.608 σ= 0.190    Δμ=-0.42σ  σ_ratio=0.63
          sar_ratio             real μ= +0.529 σ= 0.510    syn μ= +0.382 σ= 0.604    Δμ=-0.29σ  σ_ratio=1.18
          vwap_pos              real μ= +0.389 σ= 0.773    syn μ= +0.213 σ= 0.806    Δμ=-0.23σ  σ_ratio=1.04

    === Joint-distribution diagnostic (correlation matrix) ===
      task        cls  used_real   used_syn   |Δρ|max   |Δρ|mean  flag
      ----------------------------------------------------------------------
      class         0       7531       9393     0.174      0.048  ok
      class         2       5391      11533     0.183      0.047  ok

      worst feature PAIRS per bucket (top 2 by |Δρ|):
        class==2:
          guard_metric_pos   × bb_position         real ρ=+0.18  syn ρ=+0.37  Δρ=-0.18
          fastk_scaled       × cci_scaled          real ρ=+0.52  syn ρ=+0.67  Δρ=-0.15
          guard_metric_neg   × macdhist_norm       real ρ=-0.09  syn ρ=-0.24  Δρ=+0.15
        class==0:
          macd_neg           × cci_scaled          real ρ=-0.21  syn ρ=-0.38  Δρ=+0.17
          macd_neg           × bb_position         real ρ=-0.22  syn ρ=-0.39  Δρ=+0.17
          rsi_scaled         × guard_metric_neg    real ρ=-0.34  syn ρ=-0.50  Δρ=+0.16
    Columns exceeding ±10 before clipping: [('bb_width', -1.0001307528502497, 16.676458335376665)]
    balance_single_task: class counts {0: 3852, 1: 47824, 2: 3558} (gan_type=TAB_DDPM)
    balance_single_task: per-class additions {0: 15277, 2: 15571}
      discriminator filter: kept 15277/30555 synth samples for class 0 (reject_pct=0.50)
      generated 15277 samples for class 0
      discriminator filter: kept 15571/31143 synth samples for class 2 (reject_pct=0.50)
      generated 15571 samples for class 2
    balance_single_task: rows 55234 -> 86082; counts {0: 3852, 1: 47824, 2: 3558} -> {0: 19129, 1: 47824, 2: 19129}
    === GAN fidelity diagnostic (real vs synthetic) ===
      real rows:      55234    synth rows:      30848    features: 24
      task        cls     N_real      N_syn    |Δμ|max    σ_syn/σ_real  flag
      ----------------------------------------------------------------------
      class         0       3852      15277      1.87σ   0.69/ 1.47  shifted,joint_drift
      class         1      47824          0          -               -  no synth
      class         2       3558      15571      0.74σ   0.86/ 1.35  ok

      worst features per bucket (top 2 by severity):
        class==0:
          guard_metric_neg      real μ= +0.002 σ= 0.026    syn μ= +0.052 σ= 0.162    Δμ=+1.87σ  σ_ratio=6.12
          vwap_pos              real μ= -0.927 σ= 0.270    syn μ= -0.734 σ= 0.533    Δμ=+0.71σ  σ_ratio=1.97
          guard_metric_pos      real μ= +0.644 σ= 0.260    syn μ= +0.475 σ= 0.327    Δμ=-0.65σ  σ_ratio=1.25
        class==2:
          guard_metric_pos      real μ= +0.002 σ= 0.026    syn μ= +0.022 σ= 0.100    Δμ=+0.74σ  σ_ratio=3.84
          macd_neg              real μ= +0.741 σ= 0.355    syn μ= +0.572 σ= 0.406    Δμ=-0.47σ  σ_ratio=1.14
          vwap_pos              real μ= +0.526 σ= 0.664    syn μ= +0.227 σ= 0.805    Δμ=-0.45σ  σ_ratio=1.21

    === Joint-distribution diagnostic (correlation matrix) ===
      task        cls  used_real   used_syn   |Δρ|max   |Δρ|mean  flag
      ----------------------------------------------------------------------
      class         0       3852      15277     0.403      0.084  joint_drift
      class         2       3558      15571     0.250      0.069  ok

      worst feature PAIRS per bucket (top 2 by |Δρ|):
        class==0:
          rsi_scaled         × guard_metric_neg    real ρ=-0.14  syn ρ=-0.54  Δρ=+0.40
          guard_metric_neg   × fastk_scaled        real ρ=-0.08  syn ρ=-0.46  Δρ=+0.37
          macd_neg           × sar_ratio           real ρ=-0.05  syn ρ=+0.32  Δρ=-0.37
        class==2:
          rsi_scaled         × guard_metric_pos    real ρ=+0.14  syn ρ=+0.39  Δρ=-0.25
          fastk_scaled       × adx_scaled          real ρ=+0.19  syn ρ=-0.06  Δρ=+0.25
          macd_pos           × sar_ratio           real ρ=+0.04  syn ρ=-0.21  Δρ=+0.25
    Columns exceeding ±10 before clipping: [('bb_width', -1.0001307528502497, 13.172310832388956)]
    balance_single_task: class counts {0: 3320, 1: 48233, 2: 3681} (gan_type=TAB_DDPM)
    balance_single_task: per-class additions {0: 15973, 2: 15612}
      discriminator filter: kept 15973/31947 synth samples for class 0 (reject_pct=0.50)
      generated 15973 samples for class 0
      discriminator filter: kept 15612/31225 synth samples for class 2 (reject_pct=0.50)
      generated 15612 samples for class 2
    balance_single_task: rows 55234 -> 86819; counts {0: 3320, 1: 48233, 2: 3681} -> {0: 19293, 1: 48233, 2: 19293}
    === GAN fidelity diagnostic (real vs synthetic) ===
      real rows:      55234    synth rows:      31585    features: 24
      task        cls     N_real      N_syn    |Δμ|max    σ_syn/σ_real  flag
      ----------------------------------------------------------------------
      class         0       3320      15973      1.20σ   0.94/ 1.49  shifted,joint_drift
      class         1      48233          0          -               -  no synth
      class         2       3681      15612      1.07σ   1.00/ 1.45  shifted

      worst features per bucket (top 2 by severity):
        class==0:
          guard_metric_neg      real μ= +0.003 σ= 0.037    syn μ= +0.048 σ= 0.156    Δμ=+1.20σ  σ_ratio=4.23
          macd_neg              real μ= +0.025 σ= 0.103    syn μ= +0.127 σ= 0.247    Δμ=+0.99σ  σ_ratio=2.40
          vwap_pos              real μ= -0.956 σ= 0.212    syn μ= -0.766 σ= 0.509    Δμ=+0.90σ  σ_ratio=2.41
        class==2:
          guard_metric_pos      real μ= +0.002 σ= 0.020    syn μ= +0.023 σ= 0.105    Δμ=+1.07σ  σ_ratio=5.32
          guard_metric_neg      real μ= +0.695 σ= 0.239    syn μ= +0.555 σ= 0.308    Δμ=-0.59σ  σ_ratio=1.29
          vwap_neg              real μ= -0.952 σ= 0.212    syn μ= -0.842 σ= 0.419    Δμ=+0.52σ  σ_ratio=1.98

    === Joint-distribution diagnostic (correlation matrix) ===
      task        cls  used_real   used_syn   |Δρ|max   |Δρ|mean  flag
      ----------------------------------------------------------------------
      class         0       3320      15973     0.387      0.082  joint_drift
      class         2       3681      15612     0.292      0.061  ok

      worst feature PAIRS per bucket (top 2 by |Δρ|):
        class==0:
          rsi_scaled         × guard_metric_neg    real ρ=-0.17  syn ρ=-0.55  Δρ=+0.39
          guard_metric_neg   × fastk_scaled        real ρ=-0.12  syn ρ=-0.46  Δρ=+0.34
          macd_neg           × sar_ratio           real ρ=-0.05  syn ρ=+0.28  Δρ=-0.33
        class==2:
          sar_ratio          × fisher_ss           real ρ=-0.45  syn ρ=-0.16  Δρ=-0.29
          cci_scaled         × fisher_ss           real ρ=+0.45  syn ρ=+0.18  Δρ=+0.28
          rsi_scaled         × guard_metric_pos    real ρ=+0.15  syn ρ=+0.41  Δρ=-0.26
    Columns exceeding ±10 before clipping: [('bb_width', -1.0001307528502497, 10.021823762426383)]
    balance_single_task: class counts {0: 4584, 1: 46210, 2: 4440} (gan_type=TAB_DDPM)
    balance_single_task: per-class additions {0: 13900, 2: 14044}
      discriminator filter: kept 13900/27801 synth samples for class 0 (reject_pct=0.50)
      generated 13900 samples for class 0
      discriminator filter: kept 14044/28089 synth samples for class 2 (reject_pct=0.50)
      generated 14044 samples for class 2
    balance_single_task: rows 55234 -> 83178; counts {0: 4584, 1: 46210, 2: 4440} -> {0: 18484, 1: 46210, 2: 18484}
    === GAN fidelity diagnostic (real vs synthetic) ===
      real rows:      55234    synth rows:      27944    features: 24
      task        cls     N_real      N_syn    |Δμ|max    σ_syn/σ_real  flag
      ----------------------------------------------------------------------
      class         0       4584      13900      0.83σ   0.89/ 1.34  joint_drift
      class         1      46210          0          -               -  no synth
      class         2       4440      14044      0.95σ   0.90/ 1.36  ok

      worst features per bucket (top 2 by severity):
        class==2:
          guard_metric_pos      real μ= +0.002 σ= 0.021    syn μ= +0.022 σ= 0.100    Δμ=+0.95σ  σ_ratio=4.80
          guard_metric_neg      real μ= +0.684 σ= 0.245    syn μ= +0.561 σ= 0.306    Δμ=-0.50σ  σ_ratio=1.25
          vwap_pos              real μ= +0.534 σ= 0.678    syn μ= +0.215 σ= 0.807    Δμ=-0.47σ  σ_ratio=1.19
        class==0:
          guard_metric_neg      real μ= +0.003 σ= 0.031    syn μ= +0.029 σ= 0.124    Δμ=+0.83σ  σ_ratio=4.05
          macd_neg              real μ= +0.035 σ= 0.129    syn μ= +0.102 σ= 0.224    Δμ=+0.51σ  σ_ratio=1.73
          guard_metric_pos      real μ= +0.657 σ= 0.255    syn μ= +0.534 σ= 0.311    Δμ=-0.48σ  σ_ratio=1.22

    === Joint-distribution diagnostic (correlation matrix) ===
      task        cls  used_real   used_syn   |Δρ|max   |Δρ|mean  flag
      ----------------------------------------------------------------------
      class         0       4584      13900     0.357      0.074  joint_drift
      class         2       4440      14044     0.258      0.056  ok

      worst feature PAIRS per bucket (top 2 by |Δρ|):
        class==0:
          guard_metric_neg   × vwap_pos            real ρ=+0.14  syn ρ=+0.49  Δρ=-0.36
          macd_neg           × sar_ratio           real ρ=-0.03  syn ρ=+0.28  Δρ=-0.30
          guard_metric_neg   × fastk_scaled        real ρ=-0.09  syn ρ=-0.39  Δρ=+0.30
        class==2:
          rsi_scaled         × guard_metric_pos    real ρ=+0.14  syn ρ=+0.40  Δρ=-0.26
          sar_ratio          × fisher_ss           real ρ=-0.37  syn ρ=-0.17  Δρ=-0.21
          macd_pos           × sar_ratio           real ρ=+0.01  syn ρ=-0.20  Δρ=+0.21
    Columns exceeding ±10 before clipping: [('bb_width', -1.0001307528502497, 15.26941264658338)]
    balance_single_task: class counts {0: 6416, 1: 42864, 2: 5954} (gan_type=TAB_DDPM)
    balance_single_task: per-class additions {0: 10729, 2: 11191}
      discriminator filter: kept 10729/21459 synth samples for class 0 (reject_pct=0.50)
      generated 10729 samples for class 0
      discriminator filter: kept 11191/22383 synth samples for class 2 (reject_pct=0.50)
      generated 11191 samples for class 2
    balance_single_task: rows 55234 -> 77154; counts {0: 6416, 1: 42864, 2: 5954} -> {0: 17145, 1: 42864, 2: 17145}
    === GAN fidelity diagnostic (real vs synthetic) ===
      real rows:      55234    synth rows:      21920    features: 24
      task        cls     N_real      N_syn    |Δμ|max    σ_syn/σ_real  flag
      ----------------------------------------------------------------------
      class         0       6416      10729      0.66σ   0.98/ 1.26  ok
      class         1      42864          0          -               -  no synth
      class         2       5954      11191      0.52σ   0.90/ 1.23  ok

      worst features per bucket (top 2 by severity):
        class==0:
          guard_metric_neg      real μ= +0.006 σ= 0.045    syn μ= +0.035 σ= 0.138    Δμ=+0.66σ  σ_ratio=3.06
          macd_neg              real μ= +0.040 σ= 0.132    syn μ= +0.110 σ= 0.234    Δμ=+0.54σ  σ_ratio=1.78
          fastk_scaled          real μ= +0.694 σ= 0.404    syn μ= +0.521 σ= 0.545    Δμ=-0.43σ  σ_ratio=1.35
        class==2:
          guard_metric_pos      real μ= +0.004 σ= 0.031    syn μ= +0.020 σ= 0.097    Δμ=+0.52σ  σ_ratio=3.18
          fastk_scaled          real μ= -0.704 σ= 0.387    syn μ= -0.560 σ= 0.495    Δμ=+0.37σ  σ_ratio=1.28
          vwap_neg              real μ= -0.933 σ= 0.249    syn μ= -0.841 σ= 0.419    Δμ=+0.37σ  σ_ratio=1.68

    === Joint-distribution diagnostic (correlation matrix) ===
      task        cls  used_real   used_syn   |Δρ|max   |Δρ|mean  flag
      ----------------------------------------------------------------------
      class         0       6416      10729     0.299      0.064  ok
      class         2       5954      11191     0.237      0.051  ok

      worst feature PAIRS per bucket (top 2 by |Δρ|):
        class==0:
          guard_metric_neg   × vwap_pos            real ρ=+0.21  syn ρ=+0.51  Δρ=-0.30
          rsi_scaled         × guard_metric_neg    real ρ=-0.21  syn ρ=-0.49  Δρ=+0.28
          macd_neg           × sar_ratio           real ρ=+0.02  syn ρ=+0.26  Δρ=-0.25
        class==2:
          rsi_scaled         × guard_metric_pos    real ρ=+0.15  syn ρ=+0.39  Δρ=-0.24
          bb_width           × sar_ratio           real ρ=-0.20  syn ρ=-0.00  Δρ=-0.20
          guard_metric_pos   × cci_scaled          real ρ=+0.17  syn ρ=+0.36  Δρ=-0.19
    Columns exceeding ±10 before clipping: [('bb_width', -1.0001307528502497, 15.76205569340843)]
    balance_single_task: class counts {0: 5994, 1: 43993, 2: 5247} (gan_type=TAB_DDPM)
    balance_single_task: per-class additions {0: 11603, 2: 12350}
      discriminator filter: kept 11603/23207 synth samples for class 0 (reject_pct=0.50)
      generated 11603 samples for class 0
      discriminator filter: kept 12350/24701 synth samples for class 2 (reject_pct=0.50)
      generated 12350 samples for class 2
    balance_single_task: rows 55234 -> 79187; counts {0: 5994, 1: 43993, 2: 5247} -> {0: 17597, 1: 43993, 2: 17597}
    === GAN fidelity diagnostic (real vs synthetic) ===
      real rows:      55234    synth rows:      23953    features: 24
      task        cls     N_real      N_syn    |Δμ|max    σ_syn/σ_real  flag
      ----------------------------------------------------------------------
      class         0       5994      11603      1.01σ   0.89/ 1.31  shifted,joint_drift
      class         1      43993          0          -               -  no synth
      class         2       5247      12350      0.52σ   0.97/ 1.21  ok

      worst features per bucket (top 2 by severity):
        class==0:
          guard_metric_neg      real μ= +0.005 σ= 0.048    syn μ= +0.054 σ= 0.163    Δμ=+1.01σ  σ_ratio=3.40
          macd_neg              real μ= +0.045 σ= 0.141    syn μ= +0.133 σ= 0.254    Δμ=+0.62σ  σ_ratio=1.80
          guard_metric_pos      real μ= +0.631 σ= 0.265    syn μ= +0.468 σ= 0.325    Δμ=-0.62σ  σ_ratio=1.23
        class==2:
          guard_metric_pos      real μ= +0.004 σ= 0.035    syn μ= +0.022 σ= 0.101    Δμ=+0.52σ  σ_ratio=2.92
          fastk_scaled          real μ= -0.715 σ= 0.396    syn μ= -0.568 σ= 0.495    Δμ=+0.37σ  σ_ratio=1.25
          sar_ratio             real μ= +0.540 σ= 0.506    syn μ= +0.376 σ= 0.605    Δμ=-0.32σ  σ_ratio=1.20

    === Joint-distribution diagnostic (correlation matrix) ===
      task        cls  used_real   used_syn   |Δρ|max   |Δρ|mean  flag
      ----------------------------------------------------------------------
      class         0       5994      11603     0.324      0.082  joint_drift
      class         2       5247      12350     0.244      0.047  ok

      worst feature PAIRS per bucket (top 2 by |Δρ|):
        class==0:
          rsi_scaled         × guard_metric_neg    real ρ=-0.23  syn ρ=-0.56  Δρ=+0.32
          guard_metric_neg   × bb_position         real ρ=-0.23  syn ρ=-0.52  Δρ=+0.29
          guard_metric_neg   × cci_scaled          real ρ=-0.23  syn ρ=-0.50  Δρ=+0.27
        class==2:
          rsi_scaled         × guard_metric_pos    real ρ=+0.15  syn ρ=+0.40  Δρ=-0.24
          guard_metric_pos   × cci_scaled          real ρ=+0.17  syn ρ=+0.38  Δρ=-0.21
          guard_metric_pos   × bb_position         real ρ=+0.17  syn ρ=+0.38  Δρ=-0.21
    Columns exceeding ±10 before clipping: [('bb_width', -1.0001307528502497, 34.81767015448198)]
    balance_single_task: class counts {0: 4825, 1: 46803, 2: 3678} (gan_type=TAB_DDPM)
    balance_single_task: per-class additions {0: 13896, 2: 15043}
      discriminator filter: kept 13896/27793 synth samples for class 0 (reject_pct=0.50)
      generated 13896 samples for class 0
      discriminator filter: kept 15043/30087 synth samples for class 2 (reject_pct=0.50)
      generated 15043 samples for class 2
    balance_single_task: rows 55306 -> 84245; counts {0: 4825, 1: 46803, 2: 3678} -> {0: 18721, 1: 46803, 2: 18721}
    === GAN fidelity diagnostic (real vs synthetic) ===
      real rows:      55306    synth rows:      28939    features: 24
      task        cls     N_real      N_syn    |Δμ|max    σ_syn/σ_real  flag
      ----------------------------------------------------------------------
      class         0       4825      13896      0.47σ   0.51/ 1.01  ok
      class         1      46803          0          -               -  no synth
      class         2       3678      15043      0.52σ   0.59/ 1.08  joint_drift

      worst features per bucket (top 2 by severity):
        class==0:
          bb_width              real μ= -0.426 σ= 0.380    syn μ= -0.605 σ= 0.193    Δμ=-0.47σ  σ_ratio=0.51
          adx_scaled            real μ= +0.305 σ= 0.510    syn μ= +0.130 σ= 0.463    Δμ=-0.34σ  σ_ratio=0.91
          rsi_scaled            real μ= +0.342 σ= 0.294    syn μ= +0.249 σ= 0.274    Δμ=-0.31σ  σ_ratio=0.93
        class==2:
          fastk_scaled          real μ= -0.741 σ= 0.415    syn μ= -0.527 σ= 0.524    Δμ=+0.52σ  σ_ratio=1.26
          bb_width              real μ= -0.458 σ= 0.324    syn μ= -0.610 σ= 0.190    Δμ=-0.47σ  σ_ratio=0.59
          rsi_scaled            real μ= -0.377 σ= 0.293    syn μ= -0.256 σ= 0.268    Δμ=+0.41σ  σ_ratio=0.92

    === Joint-distribution diagnostic (correlation matrix) ===
      task        cls  used_real   used_syn   |Δρ|max   |Δρ|mean  flag
      ----------------------------------------------------------------------
      class         0       4825      13896     0.251      0.047  ok
      class         2       3678      15043     0.345      0.066  joint_drift

      worst feature PAIRS per bucket (top 2 by |Δρ|):
        class==2:
          bb_width           × adx_scaled          real ρ=-0.12  syn ρ=+0.22  Δρ=-0.34
          bb_width           × rsi_scaled          real ρ=+0.06  syn ρ=-0.14  Δρ=+0.20
          di_diff_scaled     × cci_scaled          real ρ=+0.42  syn ρ=+0.61  Δρ=-0.19
        class==0:
          bb_width           × adx_scaled          real ρ=-0.03  syn ρ=+0.22  Δρ=-0.25
          di_diff_scaled     × cci_scaled          real ρ=+0.41  syn ρ=+0.59  Δρ=-0.18
          bb_width           × spread_ma           real ρ=+0.27  syn ρ=+0.11  Δρ=+0.16
    Columns exceeding ±10 before clipping: [('bb_width', -1.0001307528502497, 13.282909868321585)]
    balance_single_task: class counts {0: 7206, 1: 41195, 2: 6905} (gan_type=TAB_DDPM)
    balance_single_task: per-class additions {0: 9272, 2: 9573}
      discriminator filter: kept 9272/18545 synth samples for class 0 (reject_pct=0.50)
      generated 9272 samples for class 0
      discriminator filter: kept 9573/19147 synth samples for class 2 (reject_pct=0.50)
      generated 9573 samples for class 2
    balance_single_task: rows 55306 -> 74151; counts {0: 7206, 1: 41195, 2: 6905} -> {0: 16478, 1: 41195, 2: 16478}
    === GAN fidelity diagnostic (real vs synthetic) ===
      real rows:      55306    synth rows:      18845    features: 24
      task        cls     N_real      N_syn    |Δμ|max    σ_syn/σ_real  flag
      ----------------------------------------------------------------------
      class         0       7206       9272      0.46σ   0.85/ 1.20  ok
      class         1      41195          0          -               -  no synth
      class         2       6905       9573      0.50σ   0.93/ 1.23  ok

      worst features per bucket (top 2 by severity):
        class==0:
          guard_metric_neg      real μ= +0.005 σ= 0.040    syn μ= +0.023 σ= 0.115    Δμ=+0.46σ  σ_ratio=2.85
          bb_position           real μ= +0.598 σ= 0.309    syn μ= +0.501 σ= 0.386    Δμ=-0.31σ  σ_ratio=1.25
          cci_scaled            real μ= +0.520 σ= 0.283    syn μ= +0.434 σ= 0.340    Δμ=-0.31σ  σ_ratio=1.20
        class==2:
          guard_metric_pos      real μ= +0.004 σ= 0.032    syn μ= +0.020 σ= 0.096    Δμ=+0.50σ  σ_ratio=2.97
          bb_position           real μ= -0.630 σ= 0.293    syn μ= -0.530 σ= 0.373    Δμ=+0.34σ  σ_ratio=1.27
          cci_scaled            real μ= -0.546 σ= 0.274    syn μ= -0.459 σ= 0.337    Δμ=+0.32σ  σ_ratio=1.23

    === Joint-distribution diagnostic (correlation matrix) ===
      task        cls  used_real   used_syn   |Δρ|max   |Δρ|mean  flag
      ----------------------------------------------------------------------
      class         0       7206       9272     0.299      0.065  ok
      class         2       6905       9573     0.216      0.049  ok

      worst feature PAIRS per bucket (top 2 by |Δρ|):
        class==0:
          guard_metric_neg   × vwap_pos            real ρ=+0.15  syn ρ=+0.44  Δρ=-0.30
          rsi_scaled         × guard_metric_neg    real ρ=-0.17  syn ρ=-0.42  Δρ=+0.25
          adx_scaled         × sar_ratio           real ρ=+0.24  syn ρ=-0.00  Δρ=+0.25
        class==2:
          bb_width           × adx_scaled          real ρ=+0.41  syn ρ=+0.19  Δρ=+0.22
          rsi_scaled         × guard_metric_pos    real ρ=+0.17  syn ρ=+0.38  Δρ=-0.21
          bb_width           × atr_norm            real ρ=+0.34  syn ρ=+0.16  Δρ=+0.19
    Columns exceeding ±10 before clipping: [('bb_width', -1.0001307528502497, 13.671443881083967)]
    balance_single_task: class counts {0: 4637, 1: 45879, 2: 4790} (gan_type=TAB_DDPM)
    balance_single_task: per-class additions {0: 13714, 2: 13561}
      discriminator filter: kept 13714/27429 synth samples for class 0 (reject_pct=0.50)
      generated 13714 samples for class 0
      discriminator filter: kept 13561/27123 synth samples for class 2 (reject_pct=0.50)
      generated 13561 samples for class 2
    balance_single_task: rows 55306 -> 82581; counts {0: 4637, 1: 45879, 2: 4790} -> {0: 18351, 1: 45879, 2: 18351}
    === GAN fidelity diagnostic (real vs synthetic) ===
      real rows:      55306    synth rows:      27275    features: 24
      task        cls     N_real      N_syn    |Δμ|max    σ_syn/σ_real  flag
      ----------------------------------------------------------------------
      class         0       4637      13714      0.84σ   0.98/ 1.35  joint_drift
      class         1      45879          0          -               -  no synth
      class         2       4790      13561      0.87σ   0.93/ 1.37  ok

      worst features per bucket (top 2 by severity):
        class==2:
          guard_metric_pos      real μ= +0.002 σ= 0.023    syn μ= +0.021 σ= 0.099    Δμ=+0.87σ  σ_ratio=4.37
          guard_metric_neg      real μ= +0.685 σ= 0.240    syn μ= +0.559 σ= 0.305    Δμ=-0.53σ  σ_ratio=1.27
          bb_position           real μ= -0.666 σ= 0.279    syn μ= -0.526 σ= 0.372    Δμ=+0.50σ  σ_ratio=1.33
        class==0:
          guard_metric_neg      real μ= +0.004 σ= 0.036    syn μ= +0.034 σ= 0.131    Δμ=+0.84σ  σ_ratio=3.63
          macd_neg              real μ= +0.028 σ= 0.112    syn μ= +0.104 σ= 0.229    Δμ=+0.67σ  σ_ratio=2.04
          macd_pos              real μ= +0.740 σ= 0.348    syn μ= +0.547 σ= 0.416    Δμ=-0.56σ  σ_ratio=1.20

    === Joint-distribution diagnostic (correlation matrix) ===
      task        cls  used_real   used_syn   |Δρ|max   |Δρ|mean  flag
      ----------------------------------------------------------------------
      class         0       4637      13714     0.327      0.075  joint_drift
      class         2       4790      13561     0.255      0.055  ok

      worst feature PAIRS per bucket (top 2 by |Δρ|):
        class==0:
          guard_metric_neg   × vwap_pos            real ρ=+0.20  syn ρ=+0.53  Δρ=-0.33
          rsi_scaled         × guard_metric_neg    real ρ=-0.17  syn ρ=-0.49  Δρ=+0.32
          macd_neg           × sar_ratio           real ρ=-0.02  syn ρ=+0.27  Δρ=-0.29
        class==2:
          rsi_scaled         × guard_metric_pos    real ρ=+0.13  syn ρ=+0.39  Δρ=-0.25
          macd_pos           × sar_ratio           real ρ=+0.02  syn ρ=-0.20  Δρ=+0.21
          cci_scaled         × fisher_ss           real ρ=+0.40  syn ρ=+0.19  Δρ=+0.21
    Columns exceeding ±10 before clipping: [('bb_width', -1.0001307528502497, 19.190928111705656)]
    balance_single_task: class counts {0: 3686, 1: 47862, 2: 3758} (gan_type=TAB_DDPM)
    balance_single_task: per-class additions {0: 15458, 2: 15386}
      discriminator filter: kept 15458/30917 synth samples for class 0 (reject_pct=0.50)
      generated 15458 samples for class 0
      discriminator filter: kept 15386/30773 synth samples for class 2 (reject_pct=0.50)
      generated 15386 samples for class 2
    balance_single_task: rows 55306 -> 86150; counts {0: 3686, 1: 47862, 2: 3758} -> {0: 19144, 1: 47862, 2: 19144}
    === GAN fidelity diagnostic (real vs synthetic) ===
      real rows:      55306    synth rows:      30844    features: 24
      task        cls     N_real      N_syn    |Δμ|max    σ_syn/σ_real  flag
      ----------------------------------------------------------------------
      class         0       3686      15458      1.30σ   0.89/ 1.40  shifted,joint_drift
      class         1      47862          0          -               -  no synth
      class         2       3758      15386      0.88σ   0.86/ 1.35  ok

      worst features per bucket (top 2 by severity):
        class==0:
          guard_metric_neg      real μ= +0.004 σ= 0.037    syn μ= +0.053 σ= 0.163    Δμ=+1.30σ  σ_ratio=4.35
          vwap_pos              real μ= -0.941 σ= 0.236    syn μ= -0.761 σ= 0.518    Δμ=+0.76σ  σ_ratio=2.19
          macd_pos              real μ= +0.711 σ= 0.365    syn μ= +0.483 σ= 0.422    Δμ=-0.62σ  σ_ratio=1.16
        class==2:
          guard_metric_pos      real μ= +0.002 σ= 0.021    syn μ= +0.020 σ= 0.097    Δμ=+0.88σ  σ_ratio=4.56
          vwap_pos              real μ= +0.526 σ= 0.675    syn μ= +0.213 σ= 0.808    Δμ=-0.46σ  σ_ratio=1.20
          bb_position           real μ= -0.652 σ= 0.282    syn μ= -0.524 σ= 0.377    Δμ=+0.45σ  σ_ratio=1.33

    === Joint-distribution diagnostic (correlation matrix) ===
      task        cls  used_real   used_syn   |Δρ|max   |Δρ|mean  flag
      ----------------------------------------------------------------------
      class         0       3686      15458     0.390      0.083  joint_drift
      class         2       3758      15386     0.283      0.061  ok

      worst feature PAIRS per bucket (top 2 by |Δρ|):
        class==0:
          rsi_scaled         × guard_metric_neg    real ρ=-0.18  syn ρ=-0.57  Δρ=+0.39
          guard_metric_neg   × fastk_scaled        real ρ=-0.12  syn ρ=-0.46  Δρ=+0.34
          guard_metric_neg   × bb_position         real ρ=-0.20  syn ρ=-0.52  Δρ=+0.32
        class==2:
          rsi_scaled         × guard_metric_pos    real ρ=+0.11  syn ρ=+0.39  Δρ=-0.28
          guard_metric_pos   × bb_position         real ρ=+0.10  syn ρ=+0.37  Δρ=-0.27
          guard_metric_pos   × cci_scaled          real ρ=+0.13  syn ρ=+0.37  Δρ=-0.25
    Columns exceeding ±10 before clipping: [('bb_width', -1.0001307528502497, 10.502415466485646)]
    balance_single_task: class counts {0: 4565, 1: 46674, 2: 4067} (gan_type=TAB_DDPM)
    balance_single_task: per-class additions {0: 14104, 2: 14602}
      discriminator filter: kept 14104/28209 synth samples for class 0 (reject_pct=0.50)
      generated 14104 samples for class 0
      discriminator filter: kept 14602/29205 synth samples for class 2 (reject_pct=0.50)
      generated 14602 samples for class 2
    balance_single_task: rows 55306 -> 84012; counts {0: 4565, 1: 46674, 2: 4067} -> {0: 18669, 1: 46674, 2: 18669}
    === GAN fidelity diagnostic (real vs synthetic) ===
      real rows:      55306    synth rows:      28706    features: 24
      task        cls     N_real      N_syn    |Δμ|max    σ_syn/σ_real  flag
      ----------------------------------------------------------------------
      class         0       4565      14104      0.36σ   0.92/ 1.16  ok
      class         1      46674          0          -               -  no synth
      class         2       4067      14602      0.89σ   0.97/ 1.24  ok

      worst features per bucket (top 2 by severity):
        class==2:
          guard_metric_pos      real μ= +0.005 σ= 0.044    syn μ= +0.045 σ= 0.136    Δμ=+0.89σ  σ_ratio=3.07
          vwap_pos              real μ= +0.483 σ= 0.707    syn μ= +0.043 σ= 0.817    Δμ=-0.62σ  σ_ratio=1.16
          vwap_neg              real μ= -0.926 σ= 0.286    syn μ= -0.766 σ= 0.501    Δμ=+0.56σ  σ_ratio=1.75
        class==0:
          macd_neg              real μ= +0.042 σ= 0.135    syn μ= +0.090 σ= 0.212    Δμ=+0.36σ  σ_ratio=1.57
          guard_metric_neg      real μ= +0.008 σ= 0.057    syn μ= +0.027 σ= 0.119    Δμ=+0.33σ  σ_ratio=2.08
          macd_pos              real μ= +0.684 σ= 0.375    syn μ= +0.575 σ= 0.406    Δμ=-0.29σ  σ_ratio=1.08

    === Joint-distribution diagnostic (correlation matrix) ===
      task        cls  used_real   used_syn   |Δρ|max   |Δρ|mean  flag
      ----------------------------------------------------------------------
      class         0       4565      14104     0.235      0.052  ok
      class         2       4067      14602     0.291      0.058  ok

      worst feature PAIRS per bucket (top 2 by |Δρ|):
        class==2:
          rsi_scaled         × guard_metric_pos    real ρ=+0.22  syn ρ=+0.51  Δρ=-0.29
          guard_metric_pos   × cci_scaled          real ρ=+0.23  syn ρ=+0.48  Δρ=-0.25
          guard_metric_pos   × guard_metric_neg    real ρ=-0.26  syn ρ=-0.51  Δρ=+0.25
        class==0:
          macd_neg           × di_diff_scaled      real ρ=-0.20  syn ρ=-0.44  Δρ=+0.24
          guard_metric_neg   × di_diff_scaled      real ρ=-0.11  syn ρ=-0.32  Δρ=+0.21
          rsi_scaled         × guard_metric_neg    real ρ=-0.25  syn ρ=-0.44  Δρ=+0.19
    Columns exceeding ±10 before clipping: [('bb_width', -1.0001307528502497, 13.56570241164032)]
    balance_single_task: class counts {0: 4049, 1: 47009, 2: 4248} (gan_type=TAB_DDPM)
    balance_single_task: per-class additions {0: 14754, 2: 14555}
      discriminator filter: kept 14754/29509 synth samples for class 0 (reject_pct=0.50)
      generated 14754 samples for class 0
      discriminator filter: kept 14555/29111 synth samples for class 2 (reject_pct=0.50)
      generated 14555 samples for class 2
    balance_single_task: rows 55306 -> 84615; counts {0: 4049, 1: 47009, 2: 4248} -> {0: 18803, 1: 47009, 2: 18803}
    === GAN fidelity diagnostic (real vs synthetic) ===
      real rows:      55306    synth rows:      29309    features: 24
      task        cls     N_real      N_syn    |Δμ|max    σ_syn/σ_real  flag
      ----------------------------------------------------------------------
      class         0       4049      14754      0.90σ   0.98/ 1.35  joint_drift
      class         1      47009          0          -               -  no synth
      class         2       4248      14555      0.64σ   0.85/ 1.27  ok

      worst features per bucket (top 2 by severity):
        class==0:
          guard_metric_neg      real μ= +0.004 σ= 0.036    syn μ= +0.037 σ= 0.139    Δμ=+0.90σ  σ_ratio=3.83
          macd_neg              real μ= +0.034 σ= 0.121    syn μ= +0.117 σ= 0.238    Δμ=+0.69σ  σ_ratio=1.96
          vwap_pos              real μ= -0.933 σ= 0.255    syn μ= -0.790 σ= 0.474    Δμ=+0.56σ  σ_ratio=1.86
        class==2:
          guard_metric_pos      real μ= +0.003 σ= 0.030    syn μ= +0.022 σ= 0.102    Δμ=+0.64σ  σ_ratio=3.40
          macd_neg              real μ= +0.726 σ= 0.356    syn μ= +0.570 σ= 0.406    Δμ=-0.44σ  σ_ratio=1.14
          guard_metric_neg      real μ= +0.659 σ= 0.255    syn μ= +0.555 σ= 0.306    Δμ=-0.41σ  σ_ratio=1.20

    === Joint-distribution diagnostic (correlation matrix) ===
      task        cls  used_real   used_syn   |Δρ|max   |Δρ|mean  flag
      ----------------------------------------------------------------------
      class         0       4049      14754     0.316      0.069  joint_drift
      class         2       4248      14555     0.230      0.050  ok

      worst feature PAIRS per bucket (top 2 by |Δρ|):
        class==0:
          rsi_scaled         × guard_metric_neg    real ρ=-0.17  syn ρ=-0.48  Δρ=+0.32
          macd_neg           × sar_ratio           real ρ=-0.02  syn ρ=+0.27  Δρ=-0.29
          guard_metric_neg   × bb_position         real ρ=-0.19  syn ρ=-0.47  Δρ=+0.28
        class==2:
          rsi_scaled         × guard_metric_pos    real ρ=+0.16  syn ρ=+0.39  Δρ=-0.23
          guard_metric_pos   × cci_scaled          real ρ=+0.19  syn ρ=+0.38  Δρ=-0.18
          macd_pos           × sar_ratio           real ρ=-0.02  syn ρ=-0.20  Δρ=+0.18
    Columns exceeding ±10 before clipping: [('bb_width', -1.0001307528502497, 98.36947836360874)]
    balance_single_task: class counts {0: 4827, 1: 46520, 2: 3959} (gan_type=TAB_DDPM)
    balance_single_task: per-class additions {0: 13781, 2: 14649}
      discriminator filter: kept 13781/27563 synth samples for class 0 (reject_pct=0.50)
      generated 13781 samples for class 0
      discriminator filter: kept 14649/29299 synth samples for class 2 (reject_pct=0.50)
      generated 14649 samples for class 2
    balance_single_task: rows 55306 -> 83736; counts {0: 4827, 1: 46520, 2: 3959} -> {0: 18608, 1: 46520, 2: 18608}
    === GAN fidelity diagnostic (real vs synthetic) ===
      real rows:      55306    synth rows:      28430    features: 24
      task        cls     N_real      N_syn    |Δμ|max    σ_syn/σ_real  flag
      ----------------------------------------------------------------------
      class         0       4827      13781      0.40σ   0.74/ 1.09  ok
      class         1      46520          0          -               -  no synth
      class         2       3959      14649      0.40σ   0.67/ 1.05  ok

      worst features per bucket (top 2 by severity):
        class==2:
          adx_scaled            real μ= +0.359 σ= 0.476    syn μ= +0.168 σ= 0.469    Δμ=-0.40σ  σ_ratio=0.98
          rsi_scaled            real μ= -0.401 σ= 0.295    syn μ= -0.283 σ= 0.266    Δμ=+0.40σ  σ_ratio=0.90
          fastk_scaled          real μ= -0.714 σ= 0.433    syn μ= -0.561 σ= 0.515    Δμ=+0.35σ  σ_ratio=1.19
        class==0:
          rsi_scaled            real μ= +0.347 σ= 0.277    syn μ= +0.237 σ= 0.286    Δμ=-0.40σ  σ_ratio=1.03
          guard_metric_pos      real μ= +0.610 σ= 0.288    syn μ= +0.500 σ= 0.327    Δμ=-0.38σ  σ_ratio=1.14
          macd_neg              real μ= +0.051 σ= 0.156    syn μ= +0.107 σ= 0.236    Δμ=+0.36σ  σ_ratio=1.51

    === Joint-distribution diagnostic (correlation matrix) ===
      task        cls  used_real   used_syn   |Δρ|max   |Δρ|mean  flag
      ----------------------------------------------------------------------
      class         0       4827      13781     0.249      0.059  ok
      class         2       3959      14649     0.230      0.057  ok

      worst feature PAIRS per bucket (top 2 by |Δρ|):
        class==0:
          macd_pos           × di_diff_scaled      real ρ=+0.27  syn ρ=+0.52  Δρ=-0.25
          di_diff_scaled     × cci_scaled          real ρ=+0.40  syn ρ=+0.62  Δρ=-0.22
          bb_position        × di_diff_scaled      real ρ=+0.42  syn ρ=+0.63  Δρ=-0.21
        class==2:
          guard_metric_pos   × fastk_scaled        real ρ=+0.05  syn ρ=+0.29  Δρ=-0.23
          fastk_scaled       × cci_scaled          real ρ=+0.45  syn ρ=+0.68  Δρ=-0.23
          fastk_scaled       × bb_position         real ρ=+0.54  syn ρ=+0.76  Δρ=-0.22
    MLX model not found (/Users/philprice95/Documents/freqtrade/user_data/strategies/saved_data/NNNC_DDPM_MLX_LSTM/NNNC_DDPM_MLX_LSTM.safetensors)...
    MLX model created.  Parameters: 12,483

    Training MLX model: NNNC_DDPM_MLX_LSTM
    train: (1068070, 16, 24)  test: (179890, 16, 24)
    batch_size: 2048  max_epochs: 100
    grad clip (global L2 norm): 1.0
    Epoch   1/100 — loss: 0.5398  val_loss: 0.3792  val_precision: 0.4144  val_f1_class_2: 0.5077  val_mcc: 0.4965  clips:38
    ✓ Best model saved  (val_mcc: 0.4965)
    Epoch   2/100 — loss: 0.3590  val_loss: 0.3497  val_precision: 0.4195  val_f1_class_2: 0.5351  val_mcc: 0.5281  clips:3
    ✓ Best model saved  (val_mcc: 0.5281)
    Epoch   3/100 — loss: 0.3307  val_loss: 0.3381  val_precision: 0.4225  val_f1_class_2: 0.5433  val_mcc: 0.5388  clips:2
    ✓ Best model saved  (val_mcc: 0.5388)
    Epoch   4/100 — loss: 0.3180  val_loss: 0.3317  val_precision: 0.4260  val_f1_class_2: 0.5483  val_mcc: 0.5431
    ✓ Best model saved  (val_mcc: 0.5431)
    Epoch   5/100 — loss: 0.3092  val_loss: 0.3282  val_precision: 0.4297  val_f1_class_2: 0.5499  val_mcc: 0.5439
    ✓ Best model saved  (val_mcc: 0.5439)
    Epoch   6/100 — loss: 0.3039  val_loss: 0.3260  val_precision: 0.4220  val_f1_class_2: 0.5515  val_mcc: 0.5506  clips:1
    ✓ Best model saved  (val_mcc: 0.5506)
    Epoch   7/100 — loss: 0.2992  val_loss: 0.3237  val_precision: 0.4238  val_f1_class_2: 0.5544  val_mcc: 0.5520  clips:1
    ✓ Best model saved  (val_mcc: 0.5520)
    Epoch   8/100 — loss: 0.2954  val_loss: 0.3219  val_precision: 0.4371  val_f1_class_2: 0.5552  val_mcc: 0.5496
    Epoch   9/100 — loss: 0.2924  val_loss: 0.3210  val_precision: 0.4300  val_f1_class_2: 0.5564  val_mcc: 0.5544
    ✓ Best model saved  (val_mcc: 0.5544)
    Epoch  10/100 — loss: 0.2901  val_loss: 0.3192  val_precision: 0.4286  val_f1_class_2: 0.5574  val_mcc: 0.5545
    ✓ Best model saved  (val_mcc: 0.5545)
    Epoch  11/100 — loss: 0.2875  val_loss: 0.3185  val_precision: 0.4351  val_f1_class_2: 0.5579  val_mcc: 0.5549
    ✓ Best model saved  (val_mcc: 0.5549)
    Epoch  12/100 — loss: 0.2858  val_loss: 0.3172  val_precision: 0.4404  val_f1_class_2: 0.5604  val_mcc: 0.5565
    ✓ Best model saved  (val_mcc: 0.5565)
    Epoch  13/100 — loss: 0.2840  val_loss: 0.3164  val_precision: 0.4464  val_f1_class_2: 0.5607  val_mcc: 0.5561
    Epoch  14/100 — loss: 0.2825  val_loss: 0.3160  val_precision: 0.4356  val_f1_class_2: 0.5620  val_mcc: 0.5587
    ✓ Best model saved  (val_mcc: 0.5587)
    Epoch  15/100 — loss: 0.2809  val_loss: 0.3153  val_precision: 0.4449  val_f1_class_2: 0.5618  val_mcc: 0.5571  clips:1
    Epoch  16/100 — loss: 0.2803  val_loss: 0.3155  val_precision: 0.4303  val_f1_class_2: 0.5624  val_mcc: 0.5609  clips:1
    ✓ Best model saved  (val_mcc: 0.5609)
    Epoch  17/100 — loss: 0.2791  val_loss: 0.3148  val_precision: 0.4371  val_f1_class_2: 0.5635  val_mcc: 0.55862026-05-29 10:10:42,440 - freqtrade.optimize.backtesting - INFO - Backtesting with data from 2024-06-08 00:00:00 up to 2026-05-28 15:45:00 (719 days).

    Epoch  18/100 — loss: 0.2783  val_loss: 0.3138  val_precision: 0.4407  val_f1_class_2: 0.5652  val_mcc: 0.5613  clips:1
    ✓ Best model saved  (val_mcc: 0.5613)
    Epoch  19/100 — loss: 0.2769  val_loss: 0.3132  val_precision: 0.4479  val_f1_class_2: 0.5661  val_mcc: 0.5600
    Epoch  20/100 — loss: 0.2757  val_loss: 0.3125  val_precision: 0.4523  val_f1_class_2: 0.5653  val_mcc: 0.5583  clips:1
    Epoch  21/100 — loss: 0.2751  val_loss: 0.3124  val_precision: 0.4454  val_f1_class_2: 0.5664  val_mcc: 0.5611
    Epoch  22/100 — loss: 0.2741  val_loss: 0.3120  val_precision: 0.4463  val_f1_class_2: 0.5671  val_mcc: 0.5596
    Epoch  23/100 — loss: 0.2735  val_loss: 0.3118  val_precision: 0.4393  val_f1_class_2: 0.5654  val_mcc: 0.5616  clips:1
    ✓ Best model saved  (val_mcc: 0.5616)
    Epoch  24/100 — loss: 0.2731  val_loss: 0.3109  val_precision: 0.4495  val_f1_class_2: 0.5686  val_mcc: 0.5621
    ✓ Best model saved  (val_mcc: 0.5621)
    Epoch  25/100 — loss: 0.2724  val_loss: 0.3108  val_precision: 0.4552  val_f1_class_2: 0.5688  val_mcc: 0.5608  clips:2
    Epoch  26/100 — loss: 0.2720  val_loss: 0.3104  val_precision: 0.4503  val_f1_class_2: 0.5681  val_mcc: 0.5625
    ✓ Best model saved  (val_mcc: 0.5625)
    Epoch  27/100 — loss: 0.2716  val_loss: 0.3099  val_precision: 0.4545  val_f1_class_2: 0.5691  val_mcc: 0.5618  clips:2
    Epoch  28/100 — loss: 0.2709  val_loss: 0.3104  val_precision: 0.4491  val_f1_class_2: 0.5681  val_mcc: 0.5601  clips:1
    Epoch  29/100 — loss: 0.2702  val_loss: 0.3098  val_precision: 0.4496  val_f1_class_2: 0.5671  val_mcc: 0.5626  clips:3
    ✓ Best model saved  (val_mcc: 0.5626)
    Epoch  30/100 — loss: 0.2701  val_loss: 0.3098  val_precision: 0.4600  val_f1_class_2: 0.5680  val_mcc: 0.5603  clips:1
    Epoch  31/100 — loss: 0.2697  val_loss: 0.3091  val_precision: 0.4623  val_f1_class_2: 0.5697  val_mcc: 0.5616  clips:1
    Epoch  32/100 — loss: 0.2693  val_loss: 0.3092  val_precision: 0.4619  val_f1_class_2: 0.5692  val_mcc: 0.5620
    Epoch  33/100 — loss: 0.2688  val_loss: 0.3086  val_precision: 0.4496  val_f1_class_2: 0.5695  val_mcc: 0.5644
    ✓ Best model saved  (val_mcc: 0.5644)
    Epoch  34/100 — loss: 0.2683  val_loss: 0.3088  val_precision: 0.4500  val_f1_class_2: 0.5698  val_mcc: 0.5626  clips:1
    Epoch  35/100 — loss: 0.2681  val_loss: 0.3082  val_precision: 0.4475  val_f1_class_2: 0.5703  val_mcc: 0.5664  clips:1
    ✓ Best model saved  (val_mcc: 0.5664)
    Epoch  36/100 — loss: 0.2678  val_loss: 0.3081  val_precision: 0.4567  val_f1_class_2: 0.5709  val_mcc: 0.5641
    Epoch  37/100 — loss: 0.2671  val_loss: 0.3079  val_precision: 0.4572  val_f1_class_2: 0.5709  val_mcc: 0.5658  clips:1
    Epoch  38/100 — loss: 0.2673  val_loss: 0.3077  val_precision: 0.4620  val_f1_class_2: 0.5695  val_mcc: 0.5614  clips:3
    Epoch  39/100 — loss: 0.2669  val_loss: 0.3076  val_precision: 0.4572  val_f1_class_2: 0.5703  val_mcc: 0.5622  clips:2
    Epoch  40/100 — loss: 0.2663  val_loss: 0.3078  val_precision: 0.4511  val_f1_class_2: 0.5702  val_mcc: 0.5665  clips:2
    ✓ Best model saved  (val_mcc: 0.5665)
    Epoch  41/100 — loss: 0.2663  val_loss: 0.3073  val_precision: 0.4597  val_f1_class_2: 0.5704  val_mcc: 0.5628  clips:3
    Epoch  42/100 — loss: 0.2661  val_loss: 0.3071  val_precision: 0.4616  val_f1_class_2: 0.5705  val_mcc: 0.5628  clips:2
    Epoch  43/100 — loss: 0.2658  val_loss: 0.3068  val_precision: 0.4535  val_f1_class_2: 0.5706  val_mcc: 0.5652
    Epoch  44/100 — loss: 0.2657  val_loss: 0.3069  val_precision: 0.4534  val_f1_class_2: 0.5704  val_mcc: 0.5654  clips:1
    Epoch  45/100 — loss: 0.2660  val_loss: 0.3073  val_precision: 0.4559  val_f1_class_2: 0.5707  val_mcc: 0.5649  clips:2
    Epoch  46/100 — loss: 0.2653  val_loss: 0.3069  val_precision: 0.4760  val_f1_class_2: 0.5683  val_mcc: 0.5618  clips:2
    Epoch  47/100 — loss: 0.2645  val_loss: 0.3068  val_precision: 0.4667  val_f1_class_2: 0.5701  val_mcc: 0.5632
    Epoch  48/100 — loss: 0.2647  val_loss: 0.3059  val_precision: 0.4628  val_f1_class_2: 0.5722  val_mcc: 0.5652  clips:4
    ReduceLROnPlateau → lr=1.00e-05
    Epoch  49/100 — loss: 0.2639  val_loss: 0.3059  val_precision: 0.4665  val_f1_class_2: 0.5708  val_mcc: 0.5643
    Epoch  50/100 — loss: 0.2635  val_loss: 0.3059  val_precision: 0.4636  val_f1_class_2: 0.5711  val_mcc: 0.5647  clips:1
    Epoch  51/100 — loss: 0.2643  val_loss: 0.3058  val_precision: 0.4654  val_f1_class_2: 0.5720  val_mcc: 0.5652  clips:1
    Epoch  52/100 — loss: 0.2632  val_loss: 0.3057  val_precision: 0.4647  val_f1_class_2: 0.5719  val_mcc: 0.5654
    Epoch  53/100 — loss: 0.2637  val_loss: 0.3058  val_precision: 0.4655  val_f1_class_2: 0.5708  val_mcc: 0.5646
    Epoch  54/100 — loss: 0.2635  val_loss: 0.3058  val_precision: 0.4622  val_f1_class_2: 0.5725  val_mcc: 0.5663  clips:1
    Epoch  55/100 — loss: 0.2639  val_loss: 0.3058  val_precision: 0.4640  val_f1_class_2: 0.5713  val_mcc: 0.5650  clips:1
    Epoch  56/100 — loss: 0.2639  val_loss: 0.3060  val_precision: 0.4655  val_f1_class_2: 0.5703  val_mcc: 0.5636  clips:2
    ReduceLROnPlateau → lr=1.00e-06
    Epoch  57/100 — loss: 0.2634  val_loss: 0.3058  val_precision: 0.4650  val_f1_class_2: 0.5707  val_mcc: 0.5644  clips:2
    Epoch  58/100 — loss: 0.2639  val_loss: 0.3057  val_precision: 0.4647  val_f1_class_2: 0.5712  val_mcc: 0.5650  clips:2
    Epoch  59/100 — loss: 0.2632  val_loss: 0.3057  val_precision: 0.4645  val_f1_class_2: 0.5717  val_mcc: 0.5655
    Epoch  60/100 — loss: 0.2636  val_loss: 0.3057  val_precision: 0.4644  val_f1_class_2: 0.5723  val_mcc: 0.5657  clips:1
    EarlyStopping at epoch 60 (no improvement for 20 epochs)
    Restoring best weights from /tmp/NNNC_DDPM_MLX_LSTM/checkpoint.safetensors
    Saving MLX model to: /Users/philprice95/Documents/freqtrade/user_data/strategies/saved_data/NNNC_DDPM_MLX_LSTM/NNNC_DDPM_MLX_LSTM.safetensors
    Trading - Sell:
        min: 0.000 max: 0.994, mean: 0.174
        signals > 0.500: 11355 (16.4%)
        counts: [44192, 3557, 2095, 2120, 5743, 7129, 3795, 403, 15, 13, 0]
        percentages: [0.64, 0.05, 0.03, 0.03, 0.08, 0.1, 0.05, 0.01, 0.0, 0.0, 0.0]
        cumulative: [0.64, 0.69, 0.72, 0.75, 0.84, 0.94, 0.99, 1.0, 1.0, 1.0, 1.0]
    Trading - Hold:
        min: 0.004 max: 0.972, mean: 0.667
        signals > 0.500: 48440 (70.1%)
        counts: [26, 38, 1199, 7043, 12316, 12976, 5268, 3940, 6343, 19913, 0]
        percentages: [0.0, 0.0, 0.02, 0.1, 0.18, 0.19, 0.08, 0.06, 0.09, 0.29, 0.0]
        cumulative: [0.0, 0.0, 0.02, 0.12, 0.3, 0.49, 0.56, 0.62, 0.71, 1.0, 1.0]
    Trading - Buy:
        min: 0.000 max: 0.985, mean: 0.159
        signals > 0.500: 8492 (12.3%)
        counts: [44960, 3850, 2467, 3050, 6243, 4616, 3078, 768, 21, 9, 0]
        percentages: [0.65, 0.06, 0.04, 0.04, 0.09, 0.07, 0.04, 0.01, 0.0, 0.0, 0.0]
        cumulative: [0.65, 0.71, 0.74, 0.79, 0.88, 0.94, 0.99, 1.0, 1.0, 1.0, 1.0]

ZEC/USDT
    Comparing actual vs predicted signals

================================================================================
CLASSIFICATION PERFORMANCE ASSESSMENT (Tri-State)
================================================================================
--- Detailed Classification Report ---
              precision    recall  f1-score   support

         0.0      0.606     0.727     0.661      9463
         1.0      0.896     0.840     0.867     52507
         2.0      0.534     0.639     0.581      7092

    accuracy                          0.804     69062
   macro avg      0.679     0.735     0.703     69062
weighted avg      0.819     0.804     0.810     69062


--- Confusion Matrix ---
Rows = True, Columns = Predicted
             Sell     Hold      Buy
    Sell     6882     2562       19
    Hold     4463    44102     3942
     Buy       10     2551     4531

--- Qualitative Assessment of Key Metrics ---
Metric                    Score   Assessment                               Trading Context
-------------------------   -------   ----------------------------------------   ------------------------------
Precision (Sell)          0.606   Good. Reliable performance.              Avoid false sell signals (support: 9463.0)
Recall (Sell)             0.727   Good. Reliable performance.              Find all sell opportunities (support: 9463.0)
F1-Score (Sell)           0.661   Good. Reliable performance.              Balanced performance on Sell signal (support: 9463.0)
Precision (Hold)          0.896   Excellent. Very strong performance.      Correctly identify neutral periods (support: 52507.0)
Recall (Hold)             0.840   Excellent. Very strong performance.      Find all neutral periods (support: 52507.0)
F1-Score (Hold)           0.867   Excellent. Very strong performance.      Balanced performance on Hold signal (support: 52507.0)
Precision (Buy)           0.534   Okay. Acceptable, but needs improvement. Avoid false buy signals (support: 7092.0)
Recall (Buy)              0.639   Good. Reliable performance.              Find all buy opportunities (support: 7092.0)
F1-Score (Buy)            0.581   Okay. Acceptable, but needs improvement. Balanced performance on Buy signal (support: 7092.0)

--- Overall Performance Metrics ---

--- Qualitative Assessment of Key Metrics ---
Metric                    Score   Assessment                               Trading Context
-------------------------   -------   ----------------------------------------   ------------------------------
Macro Avg Precision       0.679   Good. Reliable performance.              Average precision across all classes
Macro Avg Recall          0.735   Good. Reliable performance.              Average recall across all classes
Macro Avg F1-Score        0.703   Good. Reliable performance.              Average F1-score across all classes
Weighted Avg Precision    0.819   Excellent. Very strong performance.      Support-weighted average precision
Weighted Avg Recall       0.804   Excellent. Very strong performance.      Support-weighted average recall
Weighted Avg F1-Score     0.810   Excellent. Very strong performance.      Support-weighted average F1-score
MCC                       0.540   Good. Reliable positive correlation.     Correlation between prediction and reality
Cohen's Kappa             0.536   Moderate. Meaningful agreement.          Agreement better than random chance

--- Summary and Recommendation ---
🌟 GOOD PERFORMANCE: The model shows strong balance (Macro F1-Score 0.703, Weighted F1-Score 0.810) and reliable correlation (MCC 0.540). All classes performing reasonably well.
================================================================================
    Trading - Sell:
        min: 0.000 max: 0.915, mean: 0.087
        signals > 0.500: 5528 (8.0%)
        counts: [57371, 2819, 1165, 943, 1236, 3397, 1953, 160, 17, 1, 0]
        percentages: [0.83, 0.04, 0.02, 0.01, 0.02, 0.05, 0.03, 0.0, 0.0, 0.0, 0.0]
        cumulative: [0.83, 0.87, 0.89, 0.9, 0.92, 0.97, 1.0, 1.0, 1.0, 1.0, 1.0]
    Trading - Hold:
        min: 0.008 max: 0.975, mean: 0.827
        signals > 0.500: 58453 (84.6%)
        counts: [8, 26, 574, 4041, 5960, 2735, 1903, 2192, 6183, 45440, 0]
        percentages: [0.0, 0.0, 0.01, 0.06, 0.09, 0.04, 0.03, 0.03, 0.09, 0.66, 0.0]
        cumulative: [0.0, 0.0, 0.01, 0.07, 0.15, 0.19, 0.22, 0.25, 0.34, 1.0, 1.0]
    Trading - Buy:
        min: 0.000 max: 0.992, mean: 0.086
        signals > 0.500: 4872 (7.1%)
        counts: [57736, 3090, 1184, 940, 1240, 2438, 2016, 402, 10, 6, 0]
        percentages: [0.84, 0.04, 0.02, 0.01, 0.02, 0.04, 0.03, 0.01, 0.0, 0.0, 0.0]
        cumulative: [0.84, 0.88, 0.9, 0.91, 0.93, 0.96, 0.99, 1.0, 1.0, 1.0, 1.0]

XRP/USDT
    Comparing actual vs predicted signals

================================================================================
CLASSIFICATION PERFORMANCE ASSESSMENT (Tri-State)
================================================================================
--- Detailed Classification Report ---
              precision    recall  f1-score   support

         0.0      0.653     0.828     0.730      4355
         1.0      0.974     0.941     0.957     60725
         2.0      0.656     0.802     0.722      3982

    accuracy                          0.926     69062
   macro avg      0.761     0.857     0.803     69062
weighted avg      0.935     0.926     0.929     69062


--- Confusion Matrix ---
Rows = True, Columns = Predicted
             Sell     Hold      Buy
    Sell     3608      746        1
    Hold     1917    57132     1676
     Buy        3      784     3195

--- Qualitative Assessment of Key Metrics ---
Metric                    Score   Assessment                               Trading Context
-------------------------   -------   ----------------------------------------   ------------------------------
Precision (Sell)          0.653   Good. Reliable performance.              Avoid false sell signals (support: 4355.0)
Recall (Sell)             0.828   Excellent. Very strong performance.      Find all sell opportunities (support: 4355.0)
F1-Score (Sell)           0.730   Good. Reliable performance.              Balanced performance on Sell signal (support: 4355.0)
Precision (Hold)          0.974   Excellent. Very strong performance.      Correctly identify neutral periods (support: 60725.0)
Recall (Hold)             0.941   Excellent. Very strong performance.      Find all neutral periods (support: 60725.0)
F1-Score (Hold)           0.957   Excellent. Very strong performance.      Balanced performance on Hold signal (support: 60725.0)
Precision (Buy)           0.656   Good. Reliable performance.              Avoid false buy signals (support: 3982.0)
Recall (Buy)              0.802   Excellent. Very strong performance.      Find all buy opportunities (support: 3982.0)
F1-Score (Buy)            0.722   Good. Reliable performance.              Balanced performance on Buy signal (support: 3982.0)

--- Overall Performance Metrics ---

--- Qualitative Assessment of Key Metrics ---
Metric                    Score   Assessment                               Trading Context
-------------------------   -------   ----------------------------------------   ------------------------------
Macro Avg Precision       0.761   Good. Reliable performance.              Average precision across all classes
Macro Avg Recall          0.857   Excellent. Very strong performance.      Average recall across all classes
Macro Avg F1-Score        0.803   Excellent. Very strong performance.      Average F1-score across all classes
Weighted Avg Precision    0.935   Excellent. Very strong performance.      Support-weighted average precision
Weighted Avg Recall       0.926   Excellent. Very strong performance.      Support-weighted average recall
Weighted Avg F1-Score     0.929   Excellent. Very strong performance.      Support-weighted average F1-score
MCC                       0.701   Excellent. Strong positive correlation.  Correlation between prediction and reality
Cohen's Kappa             0.696   Substantial. Strong agreement.           Agreement better than random chance

--- Summary and Recommendation ---
🌟 GOOD PERFORMANCE: The model shows strong balance (Macro F1-Score 0.803, Weighted F1-Score 0.929) and reliable correlation (MCC 0.701). All classes performing reasonably well.
================================================================================
    Trading - Sell:
        min: 0.000 max: 0.845, mean: 0.092
        signals > 0.500: 5356 (7.8%)
        counts: [55777, 3441, 1610, 1199, 1679, 3850, 1456, 49, 1, 0, 0]
        percentages: [0.81, 0.05, 0.02, 0.02, 0.02, 0.06, 0.02, 0.0, 0.0, 0.0, 0.0]
        cumulative: [0.81, 0.86, 0.88, 0.9, 0.92, 0.98, 1.0, 1.0, 1.0, 1.0, 1.0]
    Trading - Hold:
        min: 0.079 max: 0.975, mean: 0.812
        signals > 0.500: 58073 (84.1%)
        counts: [1, 10, 248, 3691, 7039, 3485, 2515, 3096, 7886, 41091, 0]
        percentages: [0.0, 0.0, 0.0, 0.05, 0.1, 0.05, 0.04, 0.04, 0.11, 0.59, 0.0]
        cumulative: [0.0, 0.0, 0.0, 0.06, 0.16, 0.21, 0.25, 0.29, 0.41, 1.0, 1.0]
    Trading - Buy:
        min: 0.000 max: 0.921, mean: 0.096
        signals > 0.500: 5414 (7.8%)
        counts: [55299, 3983, 1532, 1205, 1629, 3045, 2167, 192, 9, 1, 0]
        percentages: [0.8, 0.06, 0.02, 0.02, 0.02, 0.04, 0.03, 0.0, 0.0, 0.0, 0.0]
        cumulative: [0.8, 0.86, 0.88, 0.9, 0.92, 0.97, 1.0, 1.0, 1.0, 1.0, 1.0]

SOL/USDT
    Comparing actual vs predicted signals

================================================================================
CLASSIFICATION PERFORMANCE ASSESSMENT (Tri-State)
================================================================================
--- Detailed Classification Report ---
              precision    recall  f1-score   support

         0.0      0.574     0.795     0.667      3870
         1.0      0.969     0.926     0.947     60988
         2.0      0.592     0.762     0.666      4204

    accuracy                          0.909     69062
   macro avg      0.712     0.828     0.760     69062
weighted avg      0.924     0.909     0.915     69062


--- Confusion Matrix ---
Rows = True, Columns = Predicted
             Sell     Hold      Buy
    Sell     3075      791        4
    Hold     2279    56503     2206
     Buy        2      998     3204

--- Qualitative Assessment of Key Metrics ---
Metric                    Score   Assessment                               Trading Context
-------------------------   -------   ----------------------------------------   ------------------------------
Precision (Sell)          0.574   Okay. Acceptable, but needs improvement. Avoid false sell signals (support: 3870.0)
Recall (Sell)             0.795   Good. Reliable performance.              Find all sell opportunities (support: 3870.0)
F1-Score (Sell)           0.667   Good. Reliable performance.              Balanced performance on Sell signal (support: 3870.0)
Precision (Hold)          0.969   Excellent. Very strong performance.      Correctly identify neutral periods (support: 60988.0)
Recall (Hold)             0.926   Excellent. Very strong performance.      Find all neutral periods (support: 60988.0)
F1-Score (Hold)           0.947   Excellent. Very strong performance.      Balanced performance on Hold signal (support: 60988.0)
Precision (Buy)           0.592   Okay. Acceptable, but needs improvement. Avoid false buy signals (support: 4204.0)
Recall (Buy)              0.762   Good. Reliable performance.              Find all buy opportunities (support: 4204.0)
F1-Score (Buy)            0.666   Good. Reliable performance.              Balanced performance on Buy signal (support: 4204.0)

--- Overall Performance Metrics ---

--- Qualitative Assessment of Key Metrics ---
Metric                    Score   Assessment                               Trading Context
-------------------------   -------   ----------------------------------------   ------------------------------
Macro Avg Precision       0.712   Good. Reliable performance.              Average precision across all classes
Macro Avg Recall          0.828   Excellent. Very strong performance.      Average recall across all classes
Macro Avg F1-Score        0.760   Good. Reliable performance.              Average F1-score across all classes
Weighted Avg Precision    0.924   Excellent. Very strong performance.      Support-weighted average precision
Weighted Avg Recall       0.909   Excellent. Very strong performance.      Support-weighted average recall
Weighted Avg F1-Score     0.915   Excellent. Very strong performance.      Support-weighted average F1-score
MCC                       0.638   Excellent. Strong positive correlation.  Correlation between prediction and reality
Cohen's Kappa             0.630   Substantial. Strong agreement.           Agreement better than random chance

--- Summary and Recommendation ---
🌟 GOOD PERFORMANCE: The model shows strong balance (Macro F1-Score 0.760, Weighted F1-Score 0.915) and reliable correlation (MCC 0.638). All classes performing reasonably well.
================================================================================
    Trading - Sell:
        min: 0.000 max: 0.948, mean: 0.105
        signals > 0.500: 6472 (9.4%)
        counts: [53847, 3646, 1644, 1360, 2093, 4507, 1869, 93, 2, 1, 0]
        percentages: [0.78, 0.05, 0.02, 0.02, 0.03, 0.07, 0.03, 0.0, 0.0, 0.0, 0.0]
        cumulative: [0.78, 0.83, 0.86, 0.88, 0.91, 0.97, 1.0, 1.0, 1.0, 1.0, 1.0]
    Trading - Hold:
        min: 0.052 max: 0.974, mean: 0.790
        signals > 0.500: 56393 (81.7%)
        counts: [2, 10, 429, 4295, 7933, 4427, 2807, 3303, 8616, 37240, 0]
        percentages: [0.0, 0.0, 0.01, 0.06, 0.11, 0.06, 0.04, 0.05, 0.12, 0.54, 0.0]
        cumulative: [0.0, 0.0, 0.01, 0.07, 0.18, 0.25, 0.29, 0.34, 0.46, 1.0, 1.0]
    Trading - Buy:
        min: 0.000 max: 0.930, mean: 0.105
        signals > 0.500: 5911 (8.6%)
        counts: [53799, 4203, 1695, 1411, 2043, 3247, 2329, 326, 8, 1, 0]
        percentages: [0.78, 0.06, 0.02, 0.02, 0.03, 0.05, 0.03, 0.0, 0.0, 0.0, 0.0]
        cumulative: [0.78, 0.84, 0.86, 0.88, 0.91, 0.96, 1.0, 1.0, 1.0, 1.0, 1.0]

LINK/USDT
    Comparing actual vs predicted signals

================================================================================
CLASSIFICATION PERFORMANCE ASSESSMENT (Tri-State)
================================================================================
--- Detailed Classification Report ---
              precision    recall  f1-score   support

         0.0      0.610     0.777     0.684      5081
         1.0      0.958     0.919     0.938     59086
         2.0      0.618     0.746     0.676      4895

    accuracy                          0.896     69062
   macro avg      0.729     0.814     0.766     69062
weighted avg      0.908     0.896     0.901     69062


--- Confusion Matrix ---
Rows = True, Columns = Predicted
             Sell     Hold      Buy
    Sell     3949     1131        1
    Hold     2521    54309     2256
     Buy        2     1239     3654

--- Qualitative Assessment of Key Metrics ---
Metric                    Score   Assessment                               Trading Context
-------------------------   -------   ----------------------------------------   ------------------------------
Precision (Sell)          0.610   Good. Reliable performance.              Avoid false sell signals (support: 5081.0)
Recall (Sell)             0.777   Good. Reliable performance.              Find all sell opportunities (support: 5081.0)
F1-Score (Sell)           0.684   Good. Reliable performance.              Balanced performance on Sell signal (support: 5081.0)
Precision (Hold)          0.958   Excellent. Very strong performance.      Correctly identify neutral periods (support: 59086.0)
Recall (Hold)             0.919   Excellent. Very strong performance.      Find all neutral periods (support: 59086.0)
F1-Score (Hold)           0.938   Excellent. Very strong performance.      Balanced performance on Hold signal (support: 59086.0)
Precision (Buy)           0.618   Good. Reliable performance.              Avoid false buy signals (support: 4895.0)
Recall (Buy)              0.746   Good. Reliable performance.              Find all buy opportunities (support: 4895.0)
F1-Score (Buy)            0.676   Good. Reliable performance.              Balanced performance on Buy signal (support: 4895.0)

--- Overall Performance Metrics ---

--- Qualitative Assessment of Key Metrics ---
Metric                    Score   Assessment                               Trading Context
-------------------------   -------   ----------------------------------------   ------------------------------
Macro Avg Precision       0.729   Good. Reliable performance.              Average precision across all classes
Macro Avg Recall          0.814   Excellent. Very strong performance.      Average recall across all classes
Macro Avg F1-Score        0.766   Good. Reliable performance.              Average F1-score across all classes
Weighted Avg Precision    0.908   Excellent. Very strong performance.      Support-weighted average precision
Weighted Avg Recall       0.896   Excellent. Very strong performance.      Support-weighted average recall
Weighted Avg F1-Score     0.901   Excellent. Very strong performance.      Support-weighted average F1-score
MCC                       0.641   Excellent. Strong positive correlation.  Correlation between prediction and reality
Cohen's Kappa             0.637   Substantial. Strong agreement.           Agreement better than random chance

--- Summary and Recommendation ---
🌟 GOOD PERFORMANCE: The model shows strong balance (Macro F1-Score 0.766, Weighted F1-Score 0.901) and reliable correlation (MCC 0.641). All classes performing reasonably well.
================================================================================
    Trading - Sell:
        min: 0.000 max: 0.954, mean: 0.156
        signals > 0.500: 9202 (13.3%)
        counts: [45089, 4398, 2564, 2510, 5299, 6964, 2104, 124, 8, 2, 0]
        percentages: [0.65, 0.06, 0.04, 0.04, 0.08, 0.1, 0.03, 0.0, 0.0, 0.0, 0.0]
        cumulative: [0.65, 0.72, 0.75, 0.79, 0.87, 0.97, 1.0, 1.0, 1.0, 1.0, 1.0]
    Trading - Hold:
        min: 0.013 max: 0.972, mean: 0.696
        signals > 0.500: 51741 (74.9%)
        counts: [13, 42, 421, 4303, 12542, 11738, 5931, 4971, 8340, 20761, 0]
        percentages: [0.0, 0.0, 0.01, 0.06, 0.18, 0.17, 0.09, 0.07, 0.12, 0.3, 0.0]
        cumulative: [0.0, 0.0, 0.01, 0.07, 0.25, 0.42, 0.51, 0.58, 0.7, 1.0, 1.0]
    Trading - Buy:
        min: 0.000 max: 0.987, mean: 0.148
        signals > 0.500: 7515 (10.9%)
        counts: [45584, 4497, 2932, 2997, 5537, 5116, 2070, 292, 30, 7, 0]
        percentages: [0.66, 0.07, 0.04, 0.04, 0.08, 0.07, 0.03, 0.0, 0.0, 0.0, 0.0]
        cumulative: [0.66, 0.73, 0.77, 0.81, 0.89, 0.97, 1.0, 1.0, 1.0, 1.0, 1.0]

NEAR/USDT
    Comparing actual vs predicted signals

================================================================================
CLASSIFICATION PERFORMANCE ASSESSMENT (Tri-State)
================================================================================
--- Detailed Classification Report ---
              precision    recall  f1-score   support

         0.0      0.546     0.659     0.597      7632
         1.0      0.892     0.861     0.876     54251
         2.0      0.549     0.574     0.561      7179

    accuracy                          0.809     69062
   macro avg      0.662     0.698     0.678     69062
weighted avg      0.818     0.809     0.813     69062


--- Confusion Matrix ---
Rows = True, Columns = Predicted
             Sell     Hold      Buy
    Sell     5027     2597        8
    Hold     4172    46695     3384
     Buy        3     3053     4123

--- Qualitative Assessment of Key Metrics ---
Metric                    Score   Assessment                               Trading Context
-------------------------   -------   ----------------------------------------   ------------------------------
Precision (Sell)          0.546   Okay. Acceptable, but needs improvement. Avoid false sell signals (support: 7632.0)
Recall (Sell)             0.659   Good. Reliable performance.              Find all sell opportunities (support: 7632.0)
F1-Score (Sell)           0.597   Okay. Acceptable, but needs improvement. Balanced performance on Sell signal (support: 7632.0)
Precision (Hold)          0.892   Excellent. Very strong performance.      Correctly identify neutral periods (support: 54251.0)
Recall (Hold)             0.861   Excellent. Very strong performance.      Find all neutral periods (support: 54251.0)
F1-Score (Hold)           0.876   Excellent. Very strong performance.      Balanced performance on Hold signal (support: 54251.0)
Precision (Buy)           0.549   Okay. Acceptable, but needs improvement. Avoid false buy signals (support: 7179.0)
Recall (Buy)              0.574   Okay. Acceptable, but needs improvement. Find all buy opportunities (support: 7179.0)
F1-Score (Buy)            0.561   Okay. Acceptable, but needs improvement. Balanced performance on Buy signal (support: 7179.0)

--- Overall Performance Metrics ---

--- Qualitative Assessment of Key Metrics ---
Metric                    Score   Assessment                               Trading Context
-------------------------   -------   ----------------------------------------   ------------------------------
Macro Avg Precision       0.662   Good. Reliable performance.              Average precision across all classes
Macro Avg Recall          0.698   Good. Reliable performance.              Average recall across all classes
Macro Avg F1-Score        0.678   Good. Reliable performance.              Average F1-score across all classes
Weighted Avg Precision    0.818   Excellent. Very strong performance.      Support-weighted average precision
Weighted Avg Recall       0.809   Excellent. Very strong performance.      Support-weighted average recall
Weighted Avg F1-Score     0.813   Excellent. Very strong performance.      Support-weighted average F1-score
MCC                       0.496   Good. Reliable positive correlation.     Correlation between prediction and reality
Cohen's Kappa             0.494   Moderate. Meaningful agreement.          Agreement better than random chance

--- Summary and Recommendation ---
🌟 GOOD PERFORMANCE: The model shows strong balance (Macro F1-Score 0.678, Weighted F1-Score 0.813) and reliable correlation (MCC 0.496). All classes performing reasonably well.
================================================================================
    Trading - Sell:
        min: 0.000 max: 0.991, mean: 0.143
        signals > 0.500: 7941 (11.5%)
        counts: [46971, 4595, 2477, 2421, 4657, 5907, 1893, 123, 9, 9, 0]
        percentages: [0.68, 0.07, 0.04, 0.04, 0.07, 0.09, 0.03, 0.0, 0.0, 0.0, 0.0]
        cumulative: [0.68, 0.75, 0.78, 0.82, 0.89, 0.97, 1.0, 1.0, 1.0, 1.0, 1.0]
    Trading - Hold:
        min: 0.001 max: 0.975, mean: 0.725
        signals > 0.500: 54727 (79.2%)
        counts: [31, 30, 442, 3779, 10053, 10481, 5618, 4989, 8988, 24651, 0]
        percentages: [0.0, 0.0, 0.01, 0.05, 0.15, 0.15, 0.08, 0.07, 0.13, 0.36, 0.0]
        cumulative: [0.0, 0.0, 0.01, 0.06, 0.21, 0.36, 0.44, 0.51, 0.64, 1.0, 1.0]
    Trading - Buy:
        min: 0.000 max: 0.999, mean: 0.132
        signals > 0.500: 5906 (8.6%)
        counts: [47991, 4567, 2723, 2932, 4943, 3752, 1803, 309, 24, 18, 0]
        percentages: [0.69, 0.07, 0.04, 0.04, 0.07, 0.05, 0.03, 0.0, 0.0, 0.0, 0.0]
        cumulative: [0.69, 0.76, 0.8, 0.84, 0.91, 0.97, 0.99, 1.0, 1.0, 1.0, 1.0]

AAVE/USDT
    Comparing actual vs predicted signals

================================================================================
CLASSIFICATION PERFORMANCE ASSESSMENT (Tri-State)
================================================================================
--- Detailed Classification Report ---
              precision    recall  f1-score   support

         0.0      0.554     0.662     0.603      6640
         1.0      0.912     0.891     0.901     56477
         2.0      0.558     0.554     0.556      5945

    accuracy                          0.840     69062
   macro avg      0.674     0.703     0.687     69062
weighted avg      0.847     0.840     0.843     69062


--- Confusion Matrix ---
Rows = True, Columns = Predicted
             Sell     Hold      Buy
    Sell     4397     2231       12
    Hold     3540    50338     2599
     Buy        4     2646     3295

--- Qualitative Assessment of Key Metrics ---
Metric                    Score   Assessment                               Trading Context
-------------------------   -------   ----------------------------------------   ------------------------------
Precision (Sell)          0.554   Okay. Acceptable, but needs improvement. Avoid false sell signals (support: 6640.0)
Recall (Sell)             0.662   Good. Reliable performance.              Find all sell opportunities (support: 6640.0)
F1-Score (Sell)           0.603   Good. Reliable performance.              Balanced performance on Sell signal (support: 6640.0)
Precision (Hold)          0.912   Excellent. Very strong performance.      Correctly identify neutral periods (support: 56477.0)
Recall (Hold)             0.891   Excellent. Very strong performance.      Find all neutral periods (support: 56477.0)
F1-Score (Hold)           0.901   Excellent. Very strong performance.      Balanced performance on Hold signal (support: 56477.0)
Precision (Buy)           0.558   Okay. Acceptable, but needs improvement. Avoid false buy signals (support: 5945.0)
Recall (Buy)              0.554   Okay. Acceptable, but needs improvement. Find all buy opportunities (support: 5945.0)
F1-Score (Buy)            0.556   Okay. Acceptable, but needs improvement. Balanced performance on Buy signal (support: 5945.0)

--- Overall Performance Metrics ---

--- Qualitative Assessment of Key Metrics ---
Metric                    Score   Assessment                               Trading Context
-------------------------   -------   ----------------------------------------   ------------------------------
Macro Avg Precision       0.674   Good. Reliable performance.              Average precision across all classes
Macro Avg Recall          0.703   Good. Reliable performance.              Average recall across all classes
Macro Avg F1-Score        0.687   Good. Reliable performance.              Average F1-score across all classes
Weighted Avg Precision    0.847   Excellent. Very strong performance.      Support-weighted average precision
Weighted Avg Recall       0.840   Excellent. Very strong performance.      Support-weighted average recall
Weighted Avg F1-Score     0.843   Excellent. Very strong performance.      Support-weighted average F1-score
MCC                       0.514   Good. Reliable positive correlation.     Correlation between prediction and reality
Cohen's Kappa             0.513   Moderate. Meaningful agreement.          Agreement better than random chance

--- Summary and Recommendation ---
🌟 GOOD PERFORMANCE: The model shows strong balance (Macro F1-Score 0.687, Weighted F1-Score 0.843) and reliable correlation (MCC 0.514). All classes performing reasonably well.
================================================================================
    Trading - Sell:
        min: 0.000 max: 0.841, mean: 0.144
        signals > 0.500: 7297 (10.6%)
        counts: [48071, 3286, 2043, 2117, 6338, 5151, 1819, 319, 8, 0, 0]
        percentages: [0.7, 0.05, 0.03, 0.03, 0.09, 0.07, 0.03, 0.0, 0.0, 0.0, 0.0]
        cumulative: [0.7, 0.74, 0.77, 0.8, 0.89, 0.97, 1.0, 1.0, 1.0, 1.0, 1.0]
    Trading - Hold:
        min: 0.013 max: 0.974, mean: 0.722
        signals > 0.500: 55748 (80.6%)
        counts: [8, 28, 673, 3410, 9285, 13947, 5475, 3684, 5814, 26828, 0]
        percentages: [0.0, 0.0, 0.01, 0.05, 0.13, 0.2, 0.08, 0.05, 0.08, 0.39, 0.0]
        cumulative: [0.0, 0.0, 0.01, 0.06, 0.19, 0.4, 0.47, 0.53, 0.61, 1.0, 1.0]
    Trading - Buy:
        min: 0.000 max: 0.987, mean: 0.134
        signals > 0.500: 5484 (7.9%)
        counts: [48421, 3225, 2139, 3268, 6615, 3634, 1500, 324, 18, 8, 0]
        percentages: [0.7, 0.05, 0.03, 0.05, 0.1, 0.05, 0.02, 0.0, 0.0, 0.0, 0.0]
        cumulative: [0.7, 0.75, 0.78, 0.83, 0.92, 0.97, 0.99, 1.0, 1.0, 1.0, 1.0]

DASH/USDT
    Comparing actual vs predicted signals

================================================================================
CLASSIFICATION PERFORMANCE ASSESSMENT (Tri-State)
================================================================================
--- Detailed Classification Report ---
              precision    recall  f1-score   support

         0.0      0.511     0.604     0.554      6180
         1.0      0.913     0.888     0.900     57983
         2.0      0.456     0.502     0.478      4989

    accuracy                          0.835     69152
   macro avg      0.627     0.664     0.644     69152
weighted avg      0.844     0.835     0.839     69152


--- Confusion Matrix ---
Rows = True, Columns = Predicted
             Sell     Hold      Buy
    Sell     3732     2427       21
    Hold     3550    51473     2960
     Buy       15     2471     2503

--- Qualitative Assessment of Key Metrics ---
Metric                    Score   Assessment                               Trading Context
-------------------------   -------   ----------------------------------------   ------------------------------
Precision (Sell)          0.511   Okay. Acceptable, but needs improvement. Avoid false sell signals (support: 6180.0)
Recall (Sell)             0.604   Good. Reliable performance.              Find all sell opportunities (support: 6180.0)
F1-Score (Sell)           0.554   Okay. Acceptable, but needs improvement. Balanced performance on Sell signal (support: 6180.0)
Precision (Hold)          0.913   Excellent. Very strong performance.      Correctly identify neutral periods (support: 57983.0)
Recall (Hold)             0.888   Excellent. Very strong performance.      Find all neutral periods (support: 57983.0)
F1-Score (Hold)           0.900   Excellent. Very strong performance.      Balanced performance on Hold signal (support: 57983.0)
Precision (Buy)           0.456   Okay. Acceptable, but needs improvement. Avoid false buy signals (support: 4989.0)
Recall (Buy)              0.502   Okay. Acceptable, but needs improvement. Find all buy opportunities (support: 4989.0)
F1-Score (Buy)            0.478   Okay. Acceptable, but needs improvement. Balanced performance on Buy signal (support: 4989.0)

--- Overall Performance Metrics ---

--- Qualitative Assessment of Key Metrics ---
Metric                    Score   Assessment                               Trading Context
-------------------------   -------   ----------------------------------------   ------------------------------
Macro Avg Precision       0.627   Good. Reliable performance.              Average precision across all classes
Macro Avg Recall          0.664   Good. Reliable performance.              Average recall across all classes
Macro Avg F1-Score        0.644   Good. Reliable performance.              Average F1-score across all classes
Weighted Avg Precision    0.844   Excellent. Very strong performance.      Support-weighted average precision
Weighted Avg Recall       0.835   Excellent. Very strong performance.      Support-weighted average recall
Weighted Avg F1-Score     0.839   Excellent. Very strong performance.      Support-weighted average F1-score
MCC                       0.452   Good. Reliable positive correlation.     Correlation between prediction and reality
Cohen's Kappa             0.451   Moderate. Meaningful agreement.          Agreement better than random chance

--- Summary and Recommendation ---
🌟 GOOD PERFORMANCE: The model shows strong balance (Macro F1-Score 0.644, Weighted F1-Score 0.839) and reliable correlation (MCC 0.452). All classes performing reasonably well.
================================================================================
    Trading - Sell:
        min: 0.000 max: 0.992, mean: 0.147
        signals > 0.500: 10285 (14.9%)
        counts: [47571, 4304, 2217, 1899, 2876, 6686, 3392, 184, 15, 8, 0]
        percentages: [0.69, 0.06, 0.03, 0.03, 0.04, 0.1, 0.05, 0.0, 0.0, 0.0, 0.0]
        cumulative: [0.69, 0.75, 0.78, 0.81, 0.85, 0.95, 1.0, 1.0, 1.0, 1.0, 1.0]
    Trading - Hold:
        min: 0.007 max: 0.975, mean: 0.704
        signals > 0.500: 49079 (71.0%)
        counts: [17, 47, 795, 7304, 11910, 6920, 4451, 4665, 9203, 23840, 0]
        percentages: [0.0, 0.0, 0.01, 0.11, 0.17, 0.1, 0.06, 0.07, 0.13, 0.34, 0.0]
        cumulative: [0.0, 0.0, 0.01, 0.12, 0.29, 0.39, 0.45, 0.52, 0.66, 1.0, 1.0]
    Trading - Buy:
        min: 0.000 max: 0.992, mean: 0.149
        signals > 0.500: 9222 (13.3%)
        counts: [46574, 4851, 2793, 2227, 3485, 4830, 3757, 600, 28, 7, 0]
        percentages: [0.67, 0.07, 0.04, 0.03, 0.05, 0.07, 0.05, 0.01, 0.0, 0.0, 0.0]
        cumulative: [0.67, 0.74, 0.78, 0.82, 0.87, 0.94, 0.99, 1.0, 1.0, 1.0, 1.0]

SUI/USDT
    Comparing actual vs predicted signals

================================================================================
CLASSIFICATION PERFORMANCE ASSESSMENT (Tri-State)
================================================================================
--- Detailed Classification Report ---
              precision    recall  f1-score   support

         0.0      0.629     0.782     0.697      8272
         1.0      0.919     0.861     0.889     53008
         2.0      0.612     0.716     0.660      7872

    accuracy                          0.835     69152
   macro avg      0.720     0.787     0.749     69152
weighted avg      0.849     0.835     0.840     69152


--- Confusion Matrix ---
Rows = True, Columns = Predicted
             Sell     Hold      Buy
    Sell     6471     1791       10
    Hold     3807    45629     3572
     Buy        7     2225     5640

--- Qualitative Assessment of Key Metrics ---
Metric                    Score   Assessment                               Trading Context
-------------------------   -------   ----------------------------------------   ------------------------------
Precision (Sell)          0.629   Good. Reliable performance.              Avoid false sell signals (support: 8272.0)
Recall (Sell)             0.782   Good. Reliable performance.              Find all sell opportunities (support: 8272.0)
F1-Score (Sell)           0.697   Good. Reliable performance.              Balanced performance on Sell signal (support: 8272.0)
Precision (Hold)          0.919   Excellent. Very strong performance.      Correctly identify neutral periods (support: 53008.0)
Recall (Hold)             0.861   Excellent. Very strong performance.      Find all neutral periods (support: 53008.0)
F1-Score (Hold)           0.889   Excellent. Very strong performance.      Balanced performance on Hold signal (support: 53008.0)
Precision (Buy)           0.612   Good. Reliable performance.              Avoid false buy signals (support: 7872.0)
Recall (Buy)              0.716   Good. Reliable performance.              Find all buy opportunities (support: 7872.0)
F1-Score (Buy)            0.660   Good. Reliable performance.              Balanced performance on Buy signal (support: 7872.0)

--- Overall Performance Metrics ---

--- Qualitative Assessment of Key Metrics ---
Metric                    Score   Assessment                               Trading Context
-------------------------   -------   ----------------------------------------   ------------------------------
Macro Avg Precision       0.720   Good. Reliable performance.              Average precision across all classes
Macro Avg Recall          0.787   Good. Reliable performance.              Average recall across all classes
Macro Avg F1-Score        0.749   Good. Reliable performance.              Average F1-score across all classes
Weighted Avg Precision    0.849   Excellent. Very strong performance.      Support-weighted average precision
Weighted Avg Recall       0.835   Excellent. Very strong performance.      Support-weighted average recall
Weighted Avg F1-Score     0.840   Excellent. Very strong performance.      Support-weighted average F1-score
MCC                       0.608   Excellent. Strong positive correlation.  Correlation between prediction and reality
Cohen's Kappa             0.604   Moderate. Meaningful agreement.          Agreement better than random chance

--- Summary and Recommendation ---
🌟 GOOD PERFORMANCE: The model shows strong balance (Macro F1-Score 0.749, Weighted F1-Score 0.840) and reliable correlation (MCC 0.608). All classes performing reasonably well.
================================================================================
    Trading - Sell:
        min: 0.000 max: 0.953, mean: 0.111
        signals > 0.500: 6757 (9.8%)
        counts: [52550, 4093, 1895, 1563, 2294, 4963, 1736, 55, 1, 2, 0]
        percentages: [0.76, 0.06, 0.03, 0.02, 0.03, 0.07, 0.03, 0.0, 0.0, 0.0, 0.0]
        cumulative: [0.76, 0.82, 0.85, 0.87, 0.9, 0.97, 1.0, 1.0, 1.0, 1.0, 1.0]
    Trading - Hold:
        min: 0.002 max: 0.974, mean: 0.778
        signals > 0.500: 56214 (81.3%)
        counts: [7, 7, 408, 4006, 8510, 5233, 3419, 3970, 9420, 34172, 0]
        percentages: [0.0, 0.0, 0.01, 0.06, 0.12, 0.08, 0.05, 0.06, 0.14, 0.49, 0.0]
        cumulative: [0.0, 0.0, 0.01, 0.06, 0.19, 0.26, 0.31, 0.37, 0.51, 1.0, 1.0]
    Trading - Buy:
        min: 0.000 max: 0.998, mean: 0.111
        signals > 0.500: 5903 (8.5%)
        counts: [52310, 4522, 2118, 1755, 2544, 3359, 2191, 344, 5, 4, 0]
        percentages: [0.76, 0.07, 0.03, 0.03, 0.04, 0.05, 0.03, 0.0, 0.0, 0.0, 0.0]
        cumulative: [0.76, 0.82, 0.85, 0.88, 0.91, 0.96, 0.99, 1.0, 1.0, 1.0, 1.0]

AVAX/USDT
    Comparing actual vs predicted signals

================================================================================
CLASSIFICATION PERFORMANCE ASSESSMENT (Tri-State)
================================================================================
--- Detailed Classification Report ---
              precision    recall  f1-score   support

         0.0      0.583     0.767     0.662      5133
         1.0      0.951     0.914     0.932     58766
         2.0      0.621     0.698     0.657      5253

    accuracy                          0.887     69152
   macro avg      0.718     0.793     0.750     69152
weighted avg      0.898     0.887     0.891     69152


--- Confusion Matrix ---
Rows = True, Columns = Predicted
             Sell     Hold      Buy
    Sell     3937     1188        8
    Hold     2819    53716     2231
     Buy        1     1588     3664

--- Qualitative Assessment of Key Metrics ---
Metric                    Score   Assessment                               Trading Context
-------------------------   -------   ----------------------------------------   ------------------------------
Precision (Sell)          0.583   Okay. Acceptable, but needs improvement. Avoid false sell signals (support: 5133.0)
Recall (Sell)             0.767   Good. Reliable performance.              Find all sell opportunities (support: 5133.0)
F1-Score (Sell)           0.662   Good. Reliable performance.              Balanced performance on Sell signal (support: 5133.0)
Precision (Hold)          0.951   Excellent. Very strong performance.      Correctly identify neutral periods (support: 58766.0)
Recall (Hold)             0.914   Excellent. Very strong performance.      Find all neutral periods (support: 58766.0)
F1-Score (Hold)           0.932   Excellent. Very strong performance.      Balanced performance on Hold signal (support: 58766.0)
Precision (Buy)           0.621   Good. Reliable performance.              Avoid false buy signals (support: 5253.0)
Recall (Buy)              0.698   Good. Reliable performance.              Find all buy opportunities (support: 5253.0)
F1-Score (Buy)            0.657   Good. Reliable performance.              Balanced performance on Buy signal (support: 5253.0)

--- Overall Performance Metrics ---

--- Qualitative Assessment of Key Metrics ---
Metric                    Score   Assessment                               Trading Context
-------------------------   -------   ----------------------------------------   ------------------------------
Macro Avg Precision       0.718   Good. Reliable performance.              Average precision across all classes
Macro Avg Recall          0.793   Good. Reliable performance.              Average recall across all classes
Macro Avg F1-Score        0.750   Good. Reliable performance.              Average F1-score across all classes
Weighted Avg Precision    0.898   Excellent. Very strong performance.      Support-weighted average precision
Weighted Avg Recall       0.887   Excellent. Very strong performance.      Support-weighted average recall
Weighted Avg F1-Score     0.891   Excellent. Very strong performance.      Support-weighted average F1-score
MCC                       0.616   Excellent. Strong positive correlation.  Correlation between prediction and reality
Cohen's Kappa             0.612   Substantial. Strong agreement.           Agreement better than random chance

--- Summary and Recommendation ---
🌟 GOOD PERFORMANCE: The model shows strong balance (Macro F1-Score 0.750, Weighted F1-Score 0.891) and reliable correlation (MCC 0.616). All classes performing reasonably well.
================================================================================
    Trading - Sell:
        min: 0.000 max: 0.993, mean: 0.091
        signals > 0.500: 5001 (7.2%)
        counts: [55867, 3834, 1678, 1236, 1536, 3235, 1667, 85, 6, 8, 0]
        percentages: [0.81, 0.06, 0.02, 0.02, 0.02, 0.05, 0.02, 0.0, 0.0, 0.0, 0.0]
        cumulative: [0.81, 0.86, 0.89, 0.91, 0.93, 0.97, 1.0, 1.0, 1.0, 1.0, 1.0]
    Trading - Hold:
        min: 0.003 max: 0.975, mean: 0.815
        signals > 0.500: 59008 (85.3%)
        counts: [20, 20, 402, 3732, 5970, 3702, 2663, 3311, 8285, 41047, 0]
        percentages: [0.0, 0.0, 0.01, 0.05, 0.09, 0.05, 0.04, 0.05, 0.12, 0.59, 0.0]
        cumulative: [0.0, 0.0, 0.01, 0.06, 0.15, 0.2, 0.24, 0.29, 0.41, 1.0, 1.0]
    Trading - Buy:
        min: 0.000 max: 0.996, mean: 0.094
        signals > 0.500: 4888 (7.1%)
        counts: [55561, 3864, 1757, 1266, 1816, 2578, 1979, 307, 13, 11, 0]
        percentages: [0.8, 0.06, 0.03, 0.02, 0.03, 0.04, 0.03, 0.0, 0.0, 0.0, 0.0]
        cumulative: [0.8, 0.86, 0.88, 0.9, 0.93, 0.97, 1.0, 1.0, 1.0, 1.0, 1.0]

LTC/USDT
    Comparing actual vs predicted signals

================================================================================
CLASSIFICATION PERFORMANCE ASSESSMENT (Tri-State)
================================================================================
--- Detailed Classification Report ---
              precision    recall  f1-score   support

         0.0      0.644     0.763     0.698      4221
         1.0      0.964     0.942     0.953     60630
         2.0      0.650     0.739     0.692      4301

    accuracy                          0.919     69152
   macro avg      0.753     0.815     0.781     69152
weighted avg      0.925     0.919     0.921     69152


--- Confusion Matrix ---
Rows = True, Columns = Predicted
             Sell     Hold      Buy
    Sell     3220      999        2
    Hold     1780    57142     1708
     Buy        1     1122     3178

--- Qualitative Assessment of Key Metrics ---
Metric                    Score   Assessment                               Trading Context
-------------------------   -------   ----------------------------------------   ------------------------------
Precision (Sell)          0.644   Good. Reliable performance.              Avoid false sell signals (support: 4221.0)
Recall (Sell)             0.763   Good. Reliable performance.              Find all sell opportunities (support: 4221.0)
F1-Score (Sell)           0.698   Good. Reliable performance.              Balanced performance on Sell signal (support: 4221.0)
Precision (Hold)          0.964   Excellent. Very strong performance.      Correctly identify neutral periods (support: 60630.0)
Recall (Hold)             0.942   Excellent. Very strong performance.      Find all neutral periods (support: 60630.0)
F1-Score (Hold)           0.953   Excellent. Very strong performance.      Balanced performance on Hold signal (support: 60630.0)
Precision (Buy)           0.650   Good. Reliable performance.              Avoid false buy signals (support: 4301.0)
Recall (Buy)              0.739   Good. Reliable performance.              Find all buy opportunities (support: 4301.0)
F1-Score (Buy)            0.692   Good. Reliable performance.              Balanced performance on Buy signal (support: 4301.0)

--- Overall Performance Metrics ---

--- Qualitative Assessment of Key Metrics ---
Metric                    Score   Assessment                               Trading Context
-------------------------   -------   ----------------------------------------   ------------------------------
Macro Avg Precision       0.753   Good. Reliable performance.              Average precision across all classes
Macro Avg Recall          0.815   Excellent. Very strong performance.      Average recall across all classes
Macro Avg F1-Score        0.781   Good. Reliable performance.              Average F1-score across all classes
Weighted Avg Precision    0.925   Excellent. Very strong performance.      Support-weighted average precision
Weighted Avg Recall       0.919   Excellent. Very strong performance.      Support-weighted average recall
Weighted Avg F1-Score     0.921   Excellent. Very strong performance.      Support-weighted average F1-score
MCC                       0.664   Excellent. Strong positive correlation.  Correlation between prediction and reality
Cohen's Kappa             0.662   Substantial. Strong agreement.           Agreement better than random chance

--- Summary and Recommendation ---
🌟 GOOD PERFORMANCE: The model shows strong balance (Macro F1-Score 0.781, Weighted F1-Score 0.921) and reliable correlation (MCC 0.664). All classes performing reasonably well.
================================================================================
    Trading - Sell:
        min: 0.000 max: 0.968, mean: 0.115
        signals > 0.500: 6008 (8.7%)
        counts: [51374, 4535, 2214, 1901, 3120, 4599, 1315, 79, 9, 6, 0]
        percentages: [0.74, 0.07, 0.03, 0.03, 0.05, 0.07, 0.02, 0.0, 0.0, 0.0, 0.0]
        cumulative: [0.74, 0.81, 0.84, 0.87, 0.91, 0.98, 1.0, 1.0, 1.0, 1.0, 1.0]
    Trading - Hold:
        min: 0.002 max: 0.974, mean: 0.777
        signals > 0.500: 58020 (83.9%)
        counts: [32, 26, 250, 2567, 8257, 7420, 4216, 4316, 9064, 33004, 0]
        percentages: [0.0, 0.0, 0.0, 0.04, 0.12, 0.11, 0.06, 0.06, 0.13, 0.48, 0.0]
        cumulative: [0.0, 0.0, 0.0, 0.04, 0.16, 0.27, 0.33, 0.39, 0.52, 1.0, 1.0]
    Trading - Buy:
        min: 0.000 max: 0.996, mean: 0.108
        signals > 0.500: 4651 (6.7%)
        counts: [52030, 4469, 2414, 2018, 3570, 3280, 1165, 168, 16, 22, 0]
        percentages: [0.75, 0.06, 0.03, 0.03, 0.05, 0.05, 0.02, 0.0, 0.0, 0.0, 0.0]
        cumulative: [0.75, 0.82, 0.85, 0.88, 0.93, 0.98, 1.0, 1.0, 1.0, 1.0, 1.0]

BCH/USDT
    Comparing actual vs predicted signals

================================================================================
CLASSIFICATION PERFORMANCE ASSESSMENT (Tri-State)
================================================================================
--- Detailed Classification Report ---
              precision    recall  f1-score   support

         0.0      0.558     0.642     0.597      5225
         1.0      0.929     0.919     0.924     59185
         2.0      0.530     0.519     0.524      4742

    accuracy                          0.870     69152
   macro avg      0.672     0.693     0.682     69152
weighted avg      0.874     0.870     0.872     69152


--- Confusion Matrix ---
Rows = True, Columns = Predicted
             Sell     Hold      Buy
    Sell     3353     1858       14
    Hold     2649    54362     2174
     Buy        6     2273     2463

--- Qualitative Assessment of Key Metrics ---
Metric                    Score   Assessment                               Trading Context
-------------------------   -------   ----------------------------------------   ------------------------------
Precision (Sell)          0.558   Okay. Acceptable, but needs improvement. Avoid false sell signals (support: 5225.0)
Recall (Sell)             0.642   Good. Reliable performance.              Find all sell opportunities (support: 5225.0)
F1-Score (Sell)           0.597   Okay. Acceptable, but needs improvement. Balanced performance on Sell signal (support: 5225.0)
Precision (Hold)          0.929   Excellent. Very strong performance.      Correctly identify neutral periods (support: 59185.0)
Recall (Hold)             0.919   Excellent. Very strong performance.      Find all neutral periods (support: 59185.0)
F1-Score (Hold)           0.924   Excellent. Very strong performance.      Balanced performance on Hold signal (support: 59185.0)
Precision (Buy)           0.530   Okay. Acceptable, but needs improvement. Avoid false buy signals (support: 4742.0)
Recall (Buy)              0.519   Okay. Acceptable, but needs improvement. Find all buy opportunities (support: 4742.0)
F1-Score (Buy)            0.524   Okay. Acceptable, but needs improvement. Balanced performance on Buy signal (support: 4742.0)

--- Overall Performance Metrics ---

--- Qualitative Assessment of Key Metrics ---
Metric                    Score   Assessment                               Trading Context
-------------------------   -------   ----------------------------------------   ------------------------------
Macro Avg Precision       0.672   Good. Reliable performance.              Average precision across all classes
Macro Avg Recall          0.693   Good. Reliable performance.              Average recall across all classes
Macro Avg F1-Score        0.682   Good. Reliable performance.              Average F1-score across all classes
Weighted Avg Precision    0.874   Excellent. Very strong performance.      Support-weighted average precision
Weighted Avg Recall       0.870   Excellent. Very strong performance.      Support-weighted average recall
Weighted Avg F1-Score     0.872   Excellent. Very strong performance.      Support-weighted average F1-score
MCC                       0.511   Good. Reliable positive correlation.     Correlation between prediction and reality
Cohen's Kappa             0.510   Moderate. Meaningful agreement.          Agreement better than random chance

--- Summary and Recommendation ---
🌟 GOOD PERFORMANCE: The model shows strong balance (Macro F1-Score 0.682, Weighted F1-Score 0.872) and reliable correlation (MCC 0.511). All classes performing reasonably well.
================================================================================
    Trading - Sell:
        min: 0.000 max: 0.945, mean: 0.114
        signals > 0.500: 6196 (9.0%)
        counts: [51560, 4544, 2231, 1750, 2871, 4442, 1646, 99, 7, 2, 0]
        percentages: [0.75, 0.07, 0.03, 0.03, 0.04, 0.06, 0.02, 0.0, 0.0, 0.0, 0.0]
        cumulative: [0.75, 0.81, 0.84, 0.87, 0.91, 0.97, 1.0, 1.0, 1.0, 1.0, 1.0]
    Trading - Hold:
        min: 0.001 max: 0.973, mean: 0.773
        signals > 0.500: 57209 (82.7%)
        counts: [11, 29, 403, 3446, 8054, 6653, 4081, 4533, 9934, 32008, 0]
        percentages: [0.0, 0.0, 0.01, 0.05, 0.12, 0.1, 0.06, 0.07, 0.14, 0.46, 0.0]
        cumulative: [0.0, 0.0, 0.01, 0.06, 0.17, 0.27, 0.33, 0.39, 0.54, 1.0, 1.0]
    Trading - Buy:
        min: 0.000 max: 0.999, mean: 0.114
        signals > 0.500: 5366 (7.8%)
        counts: [51237, 4751, 2446, 2042, 3310, 3329, 1712, 294, 23, 8, 0]
        percentages: [0.74, 0.07, 0.04, 0.03, 0.05, 0.05, 0.02, 0.0, 0.0, 0.0, 0.0]
        cumulative: [0.74, 0.81, 0.85, 0.87, 0.92, 0.97, 1.0, 1.0, 1.0, 1.0, 1.0]

DOT/USDT
    Comparing actual vs predicted signals

================================================================================
CLASSIFICATION PERFORMANCE ASSESSMENT (Tri-State)
================================================================================
--- Detailed Classification Report ---
              precision    recall  f1-score   support

         0.0      0.566     0.692     0.623      5066
         1.0      0.936     0.917     0.926     58812
         2.0      0.586     0.597     0.592      5274

    accuracy                          0.876     69152
   macro avg      0.696     0.735     0.714     69152
weighted avg      0.882     0.876     0.879     69152


--- Confusion Matrix ---
Rows = True, Columns = Predicted
             Sell     Hold      Buy
    Sell     3508     1550        8
    Hold     2686    53915     2211
     Buy        2     2125     3147

--- Qualitative Assessment of Key Metrics ---
Metric                    Score   Assessment                               Trading Context
-------------------------   -------   ----------------------------------------   ------------------------------
Precision (Sell)          0.566   Okay. Acceptable, but needs improvement. Avoid false sell signals (support: 5066.0)
Recall (Sell)             0.692   Good. Reliable performance.              Find all sell opportunities (support: 5066.0)
F1-Score (Sell)           0.623   Good. Reliable performance.              Balanced performance on Sell signal (support: 5066.0)
Precision (Hold)          0.936   Excellent. Very strong performance.      Correctly identify neutral periods (support: 58812.0)
Recall (Hold)             0.917   Excellent. Very strong performance.      Find all neutral periods (support: 58812.0)
F1-Score (Hold)           0.926   Excellent. Very strong performance.      Balanced performance on Hold signal (support: 58812.0)
Precision (Buy)           0.586   Okay. Acceptable, but needs improvement. Avoid false buy signals (support: 5274.0)
Recall (Buy)              0.597   Okay. Acceptable, but needs improvement. Find all buy opportunities (support: 5274.0)
F1-Score (Buy)            0.592   Okay. Acceptable, but needs improvement. Balanced performance on Buy signal (support: 5274.0)

--- Overall Performance Metrics ---

--- Qualitative Assessment of Key Metrics ---
Metric                    Score   Assessment                               Trading Context
-------------------------   -------   ----------------------------------------   ------------------------------
Macro Avg Precision       0.696   Good. Reliable performance.              Average precision across all classes
Macro Avg Recall          0.735   Good. Reliable performance.              Average recall across all classes
Macro Avg F1-Score        0.714   Good. Reliable performance.              Average F1-score across all classes
Weighted Avg Precision    0.882   Excellent. Very strong performance.      Support-weighted average precision
Weighted Avg Recall       0.876   Excellent. Very strong performance.      Support-weighted average recall
Weighted Avg F1-Score     0.879   Excellent. Very strong performance.      Support-weighted average F1-score
MCC                       0.557   Good. Reliable positive correlation.     Correlation between prediction and reality
Cohen's Kappa             0.556   Moderate. Meaningful agreement.          Agreement better than random chance

--- Summary and Recommendation ---
🌟 GOOD PERFORMANCE: The model shows strong balance (Macro F1-Score 0.714, Weighted F1-Score 0.879) and reliable correlation (MCC 0.557). All classes performing reasonably well.
================================================================================
    Trading - Sell:
        min: 0.000 max: 0.883, mean: 0.144
        signals > 0.500: 7022 (10.2%)
        counts: [47710, 3452, 2016, 2222, 6730, 5863, 1045, 104, 10, 0, 0]
        percentages: [0.69, 0.05, 0.03, 0.03, 0.1, 0.08, 0.02, 0.0, 0.0, 0.0, 0.0]
        cumulative: [0.69, 0.74, 0.77, 0.8, 0.9, 0.98, 1.0, 1.0, 1.0, 1.0, 1.0]
    Trading - Hold:
        min: 0.009 max: 0.974, mean: 0.729
        signals > 0.500: 57276 (82.8%)
        counts: [14, 26, 244, 1940, 9652, 15152, 5489, 3539, 6222, 26874, 0]
        percentages: [0.0, 0.0, 0.0, 0.03, 0.14, 0.22, 0.08, 0.05, 0.09, 0.39, 0.0]
        cumulative: [0.0, 0.0, 0.0, 0.03, 0.17, 0.39, 0.47, 0.52, 0.61, 1.0, 1.0]
    Trading - Buy:
        min: 0.000 max: 0.991, mean: 0.128
        signals > 0.500: 4243 (6.1%)
        counts: [49115, 3115, 2091, 3270, 7318, 3277, 816, 126, 13, 11, 0]
        percentages: [0.71, 0.05, 0.03, 0.05, 0.11, 0.05, 0.01, 0.0, 0.0, 0.0, 0.0]
        cumulative: [0.71, 0.76, 0.79, 0.83, 0.94, 0.99, 1.0, 1.0, 1.0, 1.0, 1.0]

NEO/USDT
    Comparing actual vs predicted signals

================================================================================
CLASSIFICATION PERFORMANCE ASSESSMENT (Tri-State)
================================================================================
--- Detailed Classification Report ---
              precision    recall  f1-score   support

         0.0      0.408     0.539     0.464      5318
         1.0      0.909     0.887     0.898     59289
         2.0      0.402     0.376     0.388      4545

    accuracy                          0.827     69152
   macro avg      0.573     0.600     0.583     69152
weighted avg      0.837     0.827     0.831     69152


--- Confusion Matrix ---
Rows = True, Columns = Predicted
             Sell     Hold      Buy
    Sell     2864     2448        6
    Hold     4157    52602     2530
     Buy        1     2837     1707

--- Qualitative Assessment of Key Metrics ---
Metric                    Score   Assessment                               Trading Context
-------------------------   -------   ----------------------------------------   ------------------------------
Precision (Sell)          0.408   Okay. Acceptable, but needs improvement. Avoid false sell signals (support: 5318.0)
Recall (Sell)             0.539   Okay. Acceptable, but needs improvement. Find all sell opportunities (support: 5318.0)
F1-Score (Sell)           0.464   Okay. Acceptable, but needs improvement. Balanced performance on Sell signal (support: 5318.0)
Precision (Hold)          0.909   Excellent. Very strong performance.      Correctly identify neutral periods (support: 59289.0)
Recall (Hold)             0.887   Excellent. Very strong performance.      Find all neutral periods (support: 59289.0)
F1-Score (Hold)           0.898   Excellent. Very strong performance.      Balanced performance on Hold signal (support: 59289.0)
Precision (Buy)           0.402   Okay. Acceptable, but needs improvement. Avoid false buy signals (support: 4545.0)
Recall (Buy)              0.376   Poor. Significant room for improvement.  Find all buy opportunities (support: 4545.0)2026-05-29 10:10:52,277 - freqtrade.misc - INFO - dumping json to "/Users/philprice95/Documents/freqtrade/user_data/backtest_results/backtest-result-2026-05-29_10-10-52.meta.json"

F1-Score (Buy)            0.388   Poor. Significant room for improvement.  Balanced performance on Buy signal (support: 4545.0)

--- Overall Performance Metrics ---

--- Qualitative Assessment of Key Metrics ---
Metric                    Score   Assessment                               Trading Context
-------------------------   -------   ----------------------------------------   ------------------------------
Macro Avg Precision       0.573   Okay. Acceptable, but needs improvement. Average precision across all classes
Macro Avg Recall          0.600   Good. Reliable performance.              Average recall across all classes
Macro Avg F1-Score        0.583   Okay. Acceptable, but needs improvement. Average F1-score across all classes
Weighted Avg Precision    0.837   Excellent. Very strong performance.      Support-weighted average precision
Weighted Avg Recall       0.827   Excellent. Very strong performance.      Support-weighted average recall
Weighted Avg F1-Score     0.831   Excellent. Very strong performance.      Support-weighted average F1-score
MCC                       0.361   Okay. Weak but meaningful correlation.   Correlation between prediction and reality
Cohen's Kappa             0.359   Fair. Weak agreement.                    Agreement better than random chance

--- Summary and Recommendation ---
⚠️ CONCERN: Buy class recall is only 0.376. The model is missing over 62% of available 'Buy' signals. **Priority: Improve Buy Recall and overall F1.**
================================================================================
Result for strategy NNNC_DDPM_MLX_LSTM
                                              BACKTESTING REPORT                                              
┏━━━━━━━━━━━┳━━━━━━━━┳━━━━━━━━━━━━━━┳━━━━━━━━━━━━━━━━━┳━━━━━━━━━━━━━━┳━━━━━━━━━━━━━━┳━━━━━━━━━━━━━━━━━━━━━━━━┓
┃      Pair ┃ Trades ┃ Avg Profit % ┃ Tot Profit USDT ┃ Tot Profit % ┃ Avg Duration ┃  Win  Draw  Loss  Win% ┃
┡━━━━━━━━━━━╇━━━━━━━━╇━━━━━━━━━━━━━━╇━━━━━━━━━━━━━━━━━╇━━━━━━━━━━━━━━╇━━━━━━━━━━━━━━╇━━━━━━━━━━━━━━━━━━━━━━━━┩
│  XRP/USDT │    205 │         0.26 │         488.470 │         4.88 │      4:02:00 │  122     0    83  59.5 │
│  SUI/USDT │    150 │         0.25 │         337.786 │         3.38 │      3:48:00 │   80     0    70  53.3 │
│ DASH/USDT │      6 │         3.98 │         215.060 │         2.15 │      1:25:00 │    6     0     0   100 │
│  ZEC/USDT │    108 │         0.19 │         189.680 │          1.9 │      2:50:00 │   55     0    53  50.9 │
│  DOT/USDT │     34 │         0.24 │          74.548 │         0.75 │      2:34:00 │   19     0    15  55.9 │
│  SOL/USDT │    182 │         0.03 │          45.710 │         0.46 │      4:59:00 │   99     0    83  54.4 │
│ LINK/USDT │     85 │         0.06 │          43.524 │         0.44 │      3:07:00 │   40     0    45  47.1 │
│  BCH/USDT │      4 │         0.47 │          16.964 │         0.17 │      3:19:00 │    2     0     2  50.0 │
│  NEO/USDT │      2 │         -0.0 │          -0.086 │         -0.0 │      1:52:00 │    1     0     1  50.0 │
│ NEAR/USDT │     20 │        -0.27 │         -49.265 │        -0.49 │      2:13:00 │   12     0     8  60.0 │
│  LTC/USDT │     85 │        -0.07 │         -52.819 │        -0.53 │      2:55:00 │   42     0    43  49.4 │
│ AAVE/USDT │     18 │        -0.44 │         -71.090 │        -0.71 │      1:48:00 │   10     0     8  55.6 │
│ AVAX/USDT │     57 │        -0.45 │        -233.083 │        -2.33 │      2:23:00 │   25     0    32  43.9 │
│     TOTAL │    956 │         0.12 │        1005.398 │        10.05 │      3:37:00 │  513     0   443  53.7 │
└───────────┴────────┴──────────────┴─────────────────┴──────────────┴──────────────┴────────────────────────┘
                                         LEFT OPEN TRADES REPORT                                          
┏━━━━━━━┳━━━━━━━━┳━━━━━━━━━━━━━━┳━━━━━━━━━━━━━━━━━┳━━━━━━━━━━━━━━┳━━━━━━━━━━━━━━┳━━━━━━━━━━━━━━━━━━━━━━━━┓
┃  Pair ┃ Trades ┃ Avg Profit % ┃ Tot Profit USDT ┃ Tot Profit % ┃ Avg Duration ┃  Win  Draw  Loss  Win% ┃
┡━━━━━━━╇━━━━━━━━╇━━━━━━━━━━━━━━╇━━━━━━━━━━━━━━━━━╇━━━━━━━━━━━━━━╇━━━━━━━━━━━━━━╇━━━━━━━━━━━━━━━━━━━━━━━━┩
│ TOTAL │      0 │          0.0 │           0.000 │          0.0 │         0:00 │    0     0     0     0 │
└───────┴────────┴──────────────┴─────────────────┴──────────────┴──────────────┴────────────────────────┘
                                                 ENTER TAG STATS                                                  
┏━━━━━━━━━━━━━━┳━━━━━━━━━┳━━━━━━━━━━━━━━┳━━━━━━━━━━━━━━━━━┳━━━━━━━━━━━━━━┳━━━━━━━━━━━━━━┳━━━━━━━━━━━━━━━━━━━━━━━━┓
┃    Enter Tag ┃ Entries ┃ Avg Profit % ┃ Tot Profit USDT ┃ Tot Profit % ┃ Avg Duration ┃  Win  Draw  Loss  Win% ┃
┡━━━━━━━━━━━━━━╇━━━━━━━━━╇━━━━━━━━━━━━━━╇━━━━━━━━━━━━━━━━━╇━━━━━━━━━━━━━━╇━━━━━━━━━━━━━━╇━━━━━━━━━━━━━━━━━━━━━━━━┩
│  model_entry │     956 │         0.12 │        1005.398 │        10.05 │      3:37:00 │  513     0   443  53.7 │
│        TOTAL │     956 │         0.12 │        1005.398 │        10.05 │      3:37:00 │  513     0   443  53.7 │
└──────────────┴─────────┴──────────────┴─────────────────┴──────────────┴──────────────┴────────────────────────┘
                                                EXIT REASON STATS                                                
┏━━━━━━━━━━━━━┳━━━━━━━┳━━━━━━━━━━━━━━┳━━━━━━━━━━━━━━━━━┳━━━━━━━━━━━━━━┳━━━━━━━━━━━━━━━━┳━━━━━━━━━━━━━━━━━━━━━━━━┓
┃ Exit Reason ┃ Exits ┃ Avg Profit % ┃ Tot Profit USDT ┃ Tot Profit % ┃   Avg Duration ┃  Win  Draw  Loss  Win% ┃
┡━━━━━━━━━━━━━╇━━━━━━━╇━━━━━━━━━━━━━━╇━━━━━━━━━━━━━━━━━╇━━━━━━━━━━━━━━╇━━━━━━━━━━━━━━━━╇━━━━━━━━━━━━━━━━━━━━━━━━┩
│ take_profit │   363 │         2.91 │        9523.321 │        95.23 │        2:40:00 │  363     0     0   100 │
│         roi │    94 │          3.0 │        2540.183 │         25.4 │        3:05:00 │   94     0     0   100 │
│  model_exit │    24 │         1.83 │         396.453 │         3.96 │        7:11:00 │   24     0     0   100 │
│  unclog_12h │    31 │          0.9 │         251.562 │         2.52 │       13:26:00 │   31     0     0   100 │
│   unclog_1d │     1 │         0.15 │           1.359 │         0.01 │ 1 day, 2:45:00 │    1     0     0   100 │
│   stop_loss │   443 │        -2.93 │      -11707.479 │      -117.07 │        3:34:00 │    0     0   443     0 │
│       TOTAL │   956 │         0.12 │        1005.398 │        10.05 │        3:37:00 │  513     0   443  53.7 │
└─────────────┴───────┴──────────────┴─────────────────┴──────────────┴────────────────┴────────────────────────┘
                                                         MIXED TAG STATS                                                         
┏━━━━━━━━━━━━━━┳━━━━━━━━━━━━━┳━━━━━━━━┳━━━━━━━━━━━━━━┳━━━━━━━━━━━━━━━━━┳━━━━━━━━━━━━━━┳━━━━━━━━━━━━━━━━┳━━━━━━━━━━━━━━━━━━━━━━━━┓
┃    Enter Tag ┃ Exit Reason ┃ Trades ┃ Avg Profit % ┃ Tot Profit USDT ┃ Tot Profit % ┃   Avg Duration ┃  Win  Draw  Loss  Win% ┃
┡━━━━━━━━━━━━━━╇━━━━━━━━━━━━━╇━━━━━━━━╇━━━━━━━━━━━━━━╇━━━━━━━━━━━━━━━━━╇━━━━━━━━━━━━━━╇━━━━━━━━━━━━━━━━╇━━━━━━━━━━━━━━━━━━━━━━━━┩
│  model_entry │ take_profit │    363 │         2.91 │        9523.321 │        95.23 │        2:40:00 │  363     0     0   100 │
│  model_entry │         roi │     94 │          3.0 │        2540.183 │         25.4 │        3:05:00 │   94     0     0   100 │
│  model_entry │  model_exit │     24 │         1.83 │         396.453 │         3.96 │        7:11:00 │   24     0     0   100 │
│  model_entry │  unclog_12h │     31 │          0.9 │         251.562 │         2.52 │       13:26:00 │   31     0     0   100 │
│  model_entry │   unclog_1d │      1 │         0.15 │           1.359 │         0.01 │ 1 day, 2:45:00 │    1     0     0   100 │
│  model_entry │   stop_loss │    443 │        -2.93 │      -11707.479 │      -117.07 │        3:34:00 │    0     0   443     0 │
│        TOTAL │             │    956 │         0.12 │        1005.398 │        10.05 │        3:37:00 │  513     0   443  53.7 │
└──────────────┴─────────────┴────────┴──────────────┴─────────────────┴──────────────┴────────────────┴────────────────────────┘
                                 MONTH BREAKDOWN                                  
┏━━━━━━━━━━━━┳━━━━━━━━┳━━━━━━━━━━━━━━━━━┳━━━━━━━━━━━━━━━┳━━━━━━━━━━━━━━━━━━━━━━━━┓
┃      Month ┃ Trades ┃ Tot Profit USDT ┃ Profit Factor ┃  Win  Draw  Loss  Win% ┃
┡━━━━━━━━━━━━╇━━━━━━━━╇━━━━━━━━━━━━━━━━━╇━━━━━━━━━━━━━━━╇━━━━━━━━━━━━━━━━━━━━━━━━┩
│ 30/06/2024 │      8 │          36.553 │          1.56 │    5     0     3  62.5 │
│ 31/07/2024 │     14 │         -20.532 │          0.88 │    7     0     7  50.0 │
│ 31/08/2024 │     37 │        -157.476 │          0.76 │   16     0    21  43.2 │
│ 30/09/2024 │      6 │          36.426 │           1.9 │    4     0     2  66.7 │
│ 31/10/2024 │     23 │           0.997 │           1.0 │   13     0    10  56.5 │
│ 30/11/2024 │    101 │         645.855 │          1.75 │   65     0    36  64.4 │
│ 31/12/2024 │    175 │         264.965 │          1.13 │   97     0    78  55.4 │
│ 31/01/2025 │     84 │         433.462 │          1.61 │   52     0    32  61.9 │
│ 28/02/2025 │    106 │        -384.284 │          0.76 │   52     0    54  49.1 │
│ 31/03/2025 │     57 │         -85.566 │          0.89 │   27     0    30  47.4 │
│ 30/04/2025 │     28 │        -152.381 │          0.64 │   12     0    16  42.9 │
│ 31/05/2025 │     17 │         -51.929 │          0.74 │    8     0     9  47.1 │
│ 30/06/2025 │      4 │           85.95 │           0.0 │    4     0     0   100 │
│ 31/07/2025 │     31 │           18.75 │          1.06 │   17     0    14  54.8 │
│ 31/08/2025 │     24 │         -40.486 │          0.83 │   12     0    12  50.0 │
│ 30/09/2025 │      3 │          18.258 │          1.93 │    2     0     1  66.7 │
│ 31/10/2025 │     59 │         181.673 │          1.21 │   29     0    30  49.2 │
│ 30/11/2025 │     95 │         354.008 │          1.28 │   50     0    45  52.6 │
│ 31/12/2025 │     18 │         -71.696 │          0.73 │    9     0     9  50.0 │
│ 31/01/2026 │     15 │          56.936 │          1.34 │   10     0     5  66.7 │
│ 28/02/2026 │     32 │         -28.552 │          0.94 │   15     0    17  46.9 │
│ 31/03/2026 │      2 │         -14.536 │          0.27 │    1     0     1  50.0 │
│ 30/04/2026 │      2 │          -7.069 │          0.64 │    1     0     1  50.0 │
│ 31/05/2026 │     15 │        -113.928 │           0.5 │    5     0    10  33.3 │
└────────────┴────────┴─────────────────┴───────────────┴────────────────────────┘
                                   SUMMARY METRICS                                    
┏━━━━━━━━━━━━━━━━━━━━━━━━━━━━━━━━━━━━━━━━┳━━━━━━━━━━━━━━━━━━━━━━━━━━━━━━━━━━━━━━━━━━━┓
┃ Metric                                 ┃ Value                                     ┃
┡━━━━━━━━━━━━━━━━━━━━━━━━━━━━━━━━━━━━━━━━╇━━━━━━━━━━━━━━━━━━━━━━━━━━━━━━━━━━━━━━━━━━━┩
│ Backtesting from                       │ 2024-06-08 00:00:00                       │
│ Backtesting to                         │ 2026-05-28 15:45:00                       │
│ Trading Mode                           │ Spot                                      │
│ Max open trades                        │ 10                                        │
│                                        │                                           │
│ Total/Daily Avg Trades                 │ 956 / 1.33                                │
│ Starting balance                       │ 10000 USDT                                │
│ Final balance                          │ 11005.398 USDT                            │
│ Absolute profit                        │ 1005.398 USDT                             │
│ Total profit %                         │ 10.05%                                    │
│ CAGR %                                 │ 4.98%                                     │
│ Sharpe (closed trades)                 │ 0.93                                      │
│ Sortino (closed trades)                │ 2.02                                      │
│ Calmar (closed trades)                 │ 3.75                                      │
│ SQN                                    │ 1.13                                      │
│ Profit factor                          │ 1.09                                      │
│ Expectancy (Ratio)                     │ 1.05 (0.04)                               │
│ Avg. daily profit                      │ 1.398 USDT                                │
│ Avg. stake amount                      │ 899.878 USDT                              │
│ Market change                          │ 138.98%                                   │
│ Total trade volume                     │ 1725019.644 USDT                          │
│                                        │                                           │
│ Best Pair                              │ XRP/USDT 4.88%                            │
│ Worst Pair                             │ AVAX/USDT -2.33%                          │
│ Best trade                             │ XRP/USDT 15.25%                           │
│ Worst trade                            │ LTC/USDT -17.45%                          │
│ Best day                               │ 286.655 USDT                              │
│ Worst day                              │ -347.96 USDT                              │
│ Days win/draw/lose                     │ 160 / 446 / 108                           │
│ Min/Max/Avg. Duration Winners          │ 0d 01:00 / 1d 02:45 / 0d 03:39            │
│ Min/Max/Avg. Duration Losers           │ 0d 01:00 / 1d 08:15 / 0d 03:34            │
│ Max Consecutive Wins / Loss            │ 12 / 12                                   │
│ Rejected Entry signals                 │ 1                                         │
│ Entry/Exit Timeouts                    │ 0 / 0                                     │
│                                        │                                           │
│ Min/Max balance (closed trades)        │ 9533.041 USDT / 11304.676 USDT            │
│ Max % of account underwater            │ 7.13%                                     │
│ Absolute drawdown                      │ 805.836 USDT (7.13%)                      │
│ Drawdown duration                      │ 63 days 23:00:00                          │
│ Profit at drawdown start               │ 1304.676 USDT                             │
│ Profit at drawdown end                 │ 498.84 USDT                               │
│ Drawdown start                         │ 2025-02-02 08:30:00                       │
│ Drawdown end                           │ 2025-04-07 07:30:00                       │
│                                        │                                           │
│ Wallet based Metrics                   │                                           │
│ Min/Max balance (wallet balance)       │ 9503.033 USDT / 11320.57 USDT             │
│ Min/Max balance dates (wallet balance) │ 2024-08-05 06:45:00 / 2025-02-02 10:00:00 │
│ Max % of account underwater (balance)  │ 7.37%                                     │
│ Absolute drawdown (wallet balance)     │ 834.604 USDT (7.37%)                      │
│ Drawdown duration                      │ 63 days 21:00:00                          │
│ Profit at drawdown start               │ 1320.57 USDT                              │
│ Profit at drawdown end                 │ 485.966 USDT                              │
│ Drawdown start                         │ 2025-02-02 10:00:00                       │
│ Drawdown end                           │ 2025-04-07 07:00:00                       │
│ Sharpe (daily wallet balance)          │ 0.75                                      │
│ Sortino (daily wallet balance)         │ 0.53                                      │
│ Calmar (daily wallet balance)          │ 3.62                                      │
└────────────────────────────────────────┴───────────────────────────────────────────┘

Backtested 2024-06-08 00:00:00 -> 2026-05-28 15:45:00 | Max open trades : 10
                                                              STRATEGY SUMMARY                                                               
┏━━━━━━━━━━━━━━━━━━━━┳━━━━━━━━┳━━━━━━━━━━━━━━┳━━━━━━━━━━━━━━━━━┳━━━━━━━━━━━━━━┳━━━━━━━━━━━━━━┳━━━━━━━━━━━━━━━━━━━━━━━━┳━━━━━━━━━━━━━━━━━━━━━┓
┃           Strategy ┃ Trades ┃ Avg Profit % ┃ Tot Profit USDT ┃ Tot Profit % ┃ Avg Duration ┃  Win  Draw  Loss  Win% ┃            Drawdown ┃
┡━━━━━━━━━━━━━━━━━━━━╇━━━━━━━━╇━━━━━━━━━━━━━━╇━━━━━━━━━━━━━━━━━╇━━━━━━━━━━━━━━╇━━━━━━━━━━━━━━╇━━━━━━━━━━━━━━━━━━━━━━━━╇━━━━━━━━━━━━━━━━━━━━━┩
│ NNNC_DDPM_MLX_LSTM │    956 │         0.12 │        1005.398 │        10.05 │      3:37:00 │  513     0   443  53.7 │ 805.836 USDT  7.13% │
└────────────────────┴────────┴──────────────┴─────────────────┴──────────────┴──────────────┴────────────────────────┴─────────────────────┘

